/*******************************************************************************
 * Size: 40 px
 * Bpp: 8
 * Opts: --bpp 8 --size 40 --font C:/Users/Álvaro/Desktop/G26_pantalla_v2/assets/Rajdhani-SemiBold.ttf -o C:/Users/Álvaro/Desktop/G26_pantalla_v2/assets\ui_font_ajustesnames.c --format lvgl -r 0x20-0x7f --no-compress --no-prefilter
 ******************************************************************************/

#include "../../include/ui/ui.h"

#ifndef UI_FONT_AJUSTESNAMES
#define UI_FONT_AJUSTESNAMES 1
#endif

#if UI_FONT_AJUSTESNAMES

/*-----------------
 *    BITMAPS
 *----------------*/

/*Store the image of the glyphs*/
static LV_ATTRIBUTE_LARGE_CONST const uint8_t glyph_bitmap[] = {
    /* U+0020 " " */

    /* U+0021 "!" */
    0x4c, 0xfc, 0xff, 0xff, 0xc1, 0x68, 0xff, 0xff,
    0xff, 0xe0, 0x68, 0xff, 0xff, 0xff, 0xe0, 0x68,
    0xff, 0xff, 0xff, 0xe0, 0x68, 0xff, 0xff, 0xff,
    0xe0, 0x68, 0xff, 0xff, 0xff, 0xe0, 0x65, 0xff,
    0xff, 0xff, 0xdd, 0x5e, 0xff, 0xff, 0xff, 0xd6,
    0x57, 0xff, 0xff, 0xff, 0xce, 0x4f, 0xff, 0xff,
    0xff, 0xc6, 0x47, 0xff, 0xff, 0xff, 0xbf, 0x3b,
    0xff, 0xff, 0xff, 0xb4, 0x26, 0xff, 0xff, 0xff,
    0x9f, 0x10, 0xff, 0xff, 0xff, 0x89, 0x0, 0xf9,
    0xff, 0xff, 0x74, 0x0, 0xe5, 0xff, 0xff, 0x5f,
    0x0, 0xc9, 0xff, 0xff, 0x44, 0x0, 0x2c, 0x60,
    0x56, 0x3, 0x0, 0x0, 0x0, 0x0, 0x0, 0x4,
    0x57, 0x60, 0x60, 0x31, 0x30, 0xff, 0xff, 0xff,
    0xc0, 0x34, 0xff, 0xff, 0xff, 0xc4, 0x34, 0xff,
    0xff, 0xff, 0xc4, 0x34, 0xff, 0xff, 0xff, 0xc4,
    0x34, 0xff, 0xff, 0xff, 0xc4, 0x1f, 0xf6, 0xff,
    0xff, 0xa7,

    /* U+0022 "\"" */
    0x10, 0xf5, 0xff, 0xfe, 0x58, 0x0, 0x0, 0x8e,
    0xff, 0xff, 0xcb, 0x9, 0xff, 0xff, 0xff, 0x59,
    0x0, 0x0, 0x8d, 0xff, 0xff, 0xc9, 0x0, 0xec,
    0xff, 0xff, 0x3e, 0x0, 0x0, 0x70, 0xff, 0xff,
    0xae, 0x0, 0xd0, 0xff, 0xff, 0x24, 0x0, 0x0,
    0x54, 0xff, 0xff, 0x94, 0x0, 0xb4, 0xff, 0xff,
    0xa, 0x0, 0x0, 0x38, 0xff, 0xff, 0x79, 0x0,
    0x98, 0xff, 0xef, 0x0, 0x0, 0x0, 0x1c, 0xff,
    0xff, 0x5f, 0x0, 0x7c, 0xff, 0xd4, 0x0, 0x0,
    0x0, 0x3, 0xfc, 0xff, 0x44, 0x0, 0x5f, 0xff,
    0xba, 0x0, 0x0, 0x0, 0x0, 0xe3, 0xff, 0x2a,
    0x0, 0x32, 0xfe, 0x87, 0x0, 0x0, 0x0, 0x0,
    0xb9, 0xf0, 0xa, 0x0, 0x0, 0x10, 0x0, 0x0,
    0x0, 0x0, 0x0, 0x5, 0xa, 0x0,

    /* U+0023 "#" */
    0x0, 0x0, 0x0, 0x0, 0x0, 0x0, 0x0, 0x0,
    0x0, 0x40, 0xf8, 0xff, 0xc4, 0x0, 0x0, 0x0,
    0x0, 0x0, 0x58, 0xf9, 0xff, 0xa0, 0x0, 0x0,
    0x0, 0x0, 0x0, 0x0, 0x0, 0x0, 0x0, 0x0,
    0x0, 0x0, 0x95, 0xff, 0xff, 0x99, 0x0, 0x0,
    0x0, 0x0, 0x0, 0xb5, 0xff, 0xff, 0x83, 0x0,
    0x0, 0x0, 0x0, 0x0, 0x0, 0x0, 0x0, 0x0,
    0x0, 0x0, 0x0, 0xdb, 0xff, 0xff, 0x55, 0x0,
    0x0, 0x0, 0x0, 0x6, 0xf4, 0xff, 0xff, 0x3d,
    0x0, 0x0, 0x0, 0x0, 0x0, 0x0, 0x0, 0x0,
    0x0, 0x0, 0x0, 0x20, 0xff, 0xff, 0xfe, 0x13,
    0x0, 0x0, 0x0, 0x0, 0x40, 0xff, 0xff, 0xf2,
    0x4, 0x0, 0x0, 0x0, 0x0, 0x0, 0x0, 0x0,
    0x0, 0x0, 0x0, 0x0, 0x65, 0xff, 0xff, 0xcd,
    0x0, 0x0, 0x0, 0x0, 0x0, 0x85, 0xff, 0xff,
    0xb0, 0x0, 0x0, 0x0, 0x0, 0x0, 0x0, 0x0,
    0x38, 0x4c, 0x4c, 0x4c, 0x4c, 0xbc, 0xff, 0xff,
    0xb3, 0x4c, 0x4c, 0x4c, 0x4c, 0x4c, 0xd3, 0xff,
    0xff, 0x9d, 0x4c, 0x4c, 0x41, 0x1, 0x0, 0x0,
    0xe, 0xfe, 0xff, 0xff, 0xff, 0xff, 0xff, 0xff,
    0xff, 0xff, 0xff, 0xff, 0xff, 0xff, 0xff, 0xff,
    0xff, 0xff, 0xff, 0xff, 0xff, 0xff, 0x2d, 0x0,
    0x0, 0x14, 0xff, 0xff, 0xff, 0xff, 0xff, 0xff,
    0xff, 0xff, 0xff, 0xff, 0xff, 0xff, 0xff, 0xff,
    0xff, 0xff, 0xff, 0xff, 0xff, 0xff, 0xff, 0x34,
    0x0, 0x0, 0x7, 0xea, 0xff, 0xff, 0xff, 0xff,
    0xff, 0xff, 0xff, 0xff, 0xff, 0xff, 0xff, 0xff,
    0xff, 0xff, 0xff, 0xff, 0xff, 0xff, 0xff, 0xf5,
    0x1e, 0x0, 0x0, 0x0, 0x0, 0x0, 0x0, 0x0,
    0xb0, 0xff, 0xff, 0x84, 0x0, 0x0, 0x0, 0x0,
    0x0, 0xd0, 0xff, 0xff, 0x70, 0x0, 0x0, 0x0,
    0x0, 0x0, 0x0, 0x0, 0x0, 0x0, 0x0, 0x0,
    0x1, 0xec, 0xff, 0xff, 0x46, 0x0, 0x0, 0x0,
    0x0, 0x10, 0xfd, 0xff, 0xff, 0x32, 0x0, 0x0,
    0x0, 0x0, 0x0, 0x0, 0x0, 0x0, 0x0, 0x0,
    0x0, 0x2c, 0xff, 0xff, 0xfb, 0xc, 0x0, 0x0,
    0x0, 0x0, 0x4c, 0xff, 0xff, 0xf1, 0x2, 0x0,
    0x0, 0x0, 0x0, 0x0, 0x0, 0x0, 0x0, 0x0,
    0x0, 0x0, 0x6a, 0xff, 0xff, 0xc9, 0x0, 0x0,
    0x0, 0x0, 0x0, 0x8a, 0xff, 0xff, 0xb5, 0x0,
    0x0, 0x0, 0x0, 0x0, 0x0, 0x0, 0x0, 0x0,
    0x0, 0x0, 0x0, 0xa9, 0xff, 0xff, 0x8b, 0x0,
    0x0, 0x0, 0x0, 0x0, 0xc9, 0xff, 0xff, 0x77,
    0x0, 0x0, 0x0, 0x0, 0x0, 0x0, 0x0, 0x0,
    0x0, 0x0, 0x0, 0x0, 0xe6, 0xff, 0xff, 0x4d,
    0x0, 0x0, 0x0, 0x0, 0xb, 0xfb, 0xff, 0xff,
    0x39, 0x0, 0x0, 0x0, 0x0, 0x0, 0x0, 0x0,
    0x0, 0x0, 0x0, 0x0, 0x25, 0xff, 0xff, 0xfd,
    0x11, 0x0, 0x0, 0x0, 0x0, 0x45, 0xff, 0xff,
    0xf5, 0x5, 0x0, 0x0, 0x0, 0x0, 0x0, 0x0,
    0x4, 0x44, 0x4c, 0x4c, 0x4c, 0x8b, 0xff, 0xff,
    0xe4, 0x4c, 0x4c, 0x4c, 0x4c, 0x4c, 0xa2, 0xff,
    0xff, 0xd6, 0x4c, 0x4c, 0x4c, 0x30, 0x0, 0x0,
    0x0, 0x40, 0xff, 0xff, 0xff, 0xff, 0xff, 0xff,
    0xff, 0xff, 0xff, 0xff, 0xff, 0xff, 0xff, 0xff,
    0xff, 0xff, 0xff, 0xff, 0xff, 0xff, 0xec, 0x0,
    0x0, 0x0, 0x48, 0xff, 0xff, 0xff, 0xff, 0xff,
    0xff, 0xff, 0xff, 0xff, 0xff, 0xff, 0xff, 0xff,
    0xff, 0xff, 0xff, 0xff, 0xff, 0xff, 0xff, 0xf4,
    0x0, 0x0, 0x0, 0x30, 0xf8, 0xff, 0xff, 0xff,
    0xff, 0xff, 0xff, 0xff, 0xff, 0xff, 0xff, 0xff,
    0xff, 0xff, 0xff, 0xff, 0xff, 0xff, 0xff, 0xff,
    0xd5, 0x0, 0x0, 0x0, 0x0, 0x0, 0x0, 0x0,
    0x5e, 0xff, 0xff, 0xd2, 0x0, 0x0, 0x0, 0x0,
    0x0, 0x7e, 0xff, 0xff, 0xb6, 0x0, 0x0, 0x0,
    0x0, 0x0, 0x0, 0x0, 0x0, 0x0, 0x0, 0x0,
    0x0, 0xa1, 0xff, 0xff, 0x91, 0x0, 0x0, 0x0,
    0x0, 0x0, 0xc1, 0xff, 0xff, 0x75, 0x0, 0x0,
    0x0, 0x0, 0x0, 0x0, 0x0, 0x0, 0x0, 0x0,
    0x0, 0x0, 0xe3, 0xff, 0xff, 0x4f, 0x0, 0x0,
    0x0, 0x0, 0xa, 0xf9, 0xff, 0xff, 0x33, 0x0,
    0x0, 0x0, 0x0, 0x0, 0x0, 0x0, 0x0, 0x0,
    0x0, 0x0, 0x27, 0xff, 0xff, 0xfd, 0x10, 0x0,
    0x0, 0x0, 0x0, 0x47, 0xff, 0xff, 0xee, 0x2,
    0x0, 0x0, 0x0, 0x0, 0x0, 0x0, 0x0, 0x0,
    0x0, 0x0, 0x0, 0x6a, 0xff, 0xff, 0xcb, 0x0,
    0x0, 0x0, 0x0, 0x0, 0x8a, 0xff, 0xff, 0xaf,
    0x0, 0x0, 0x0, 0x0, 0x0, 0x0, 0x0, 0x0,
    0x0, 0x0, 0x0, 0x0, 0x93, 0xff, 0xfc, 0x6b,
    0x0, 0x0, 0x0, 0x0, 0x0, 0xa1, 0xff, 0xfc,
    0x57, 0x0, 0x0, 0x0, 0x0, 0x0, 0x0, 0x0,
    0x0, 0x0,

    /* U+0024 "$" */
    0x0, 0x0, 0x0, 0x0, 0x0, 0x0, 0x0, 0x61,
    0x80, 0x74, 0x6, 0x0, 0x0, 0x0, 0x0, 0x0,
    0x0, 0x0, 0x0, 0x0, 0x0, 0x0, 0x0, 0x0,
    0xfd, 0xff, 0xff, 0x31, 0x0, 0x0, 0x0, 0x0,
    0x0, 0x0, 0x0, 0x0, 0x0, 0x0, 0x0, 0x0,
    0x0, 0xff, 0xff, 0xff, 0x34, 0x0, 0x0, 0x0,
    0x0, 0x0, 0x0, 0x0, 0x0, 0x0, 0x0, 0x0,
    0x0, 0x0, 0xff, 0xff, 0xff, 0x34, 0x0, 0x0,
    0x0, 0x0, 0x0, 0x0, 0x0, 0x0, 0x0, 0x0,
    0x0, 0x0, 0x0, 0xff, 0xff, 0xff, 0x34, 0x0,
    0x0, 0x0, 0x0, 0x0, 0x0, 0x0, 0x0, 0xa,
    0x72, 0xc6, 0xef, 0xfe, 0xff, 0xff, 0xff, 0xfc,
    0xe6, 0xab, 0x3c, 0x0, 0x0, 0x0, 0x0, 0x1e,
    0xd6, 0xff, 0xff, 0xff, 0xff, 0xff, 0xff, 0xff,
    0xff, 0xff, 0xff, 0xff, 0x7a, 0x0, 0x0, 0x2,
    0xcb, 0xff, 0xff, 0xff, 0xff, 0xff, 0xff, 0xff,
    0xff, 0xff, 0xff, 0xff, 0xff, 0xff, 0x4e, 0x0,
    0x4f, 0xff, 0xff, 0xff, 0xff, 0xe0, 0x9e, 0x8c,
    0x8c, 0x97, 0xbd, 0xfe, 0xff, 0xff, 0xff, 0xce,
    0x0, 0x9a, 0xff, 0xff, 0xff, 0xbc, 0x6, 0x0,
    0x0, 0x0, 0x0, 0x0, 0x4b, 0xff, 0xff, 0xff,
    0xff, 0x18, 0xbf, 0xff, 0xff, 0xff, 0x4a, 0x0,
    0x0, 0x0, 0x0, 0x0, 0x0, 0x0, 0xcc, 0xff,
    0xff, 0xff, 0x3a, 0xcb, 0xff, 0xff, 0xff, 0x26,
    0x0, 0x0, 0x0, 0x0, 0x0, 0x0, 0x0, 0xaa,
    0xff, 0xff, 0xff, 0x47, 0xcc, 0xff, 0xff, 0xff,
    0x20, 0x0, 0x0, 0x0, 0x0, 0x0, 0x0, 0x0,
    0x62, 0xcb, 0xcc, 0xc4, 0x21, 0xc5, 0xff, 0xff,
    0xff, 0x25, 0x0, 0x0, 0x0, 0x0, 0x0, 0x0,
    0x0, 0x0, 0x0, 0x0, 0x0, 0x0, 0xb3, 0xff,
    0xff, 0xff, 0x61, 0x0, 0x0, 0x0, 0x0, 0x0,
    0x0, 0x0, 0x0, 0x0, 0x0, 0x0, 0x0, 0x84,
    0xff, 0xff, 0xff, 0xf2, 0x70, 0x26, 0x7, 0x0,
    0x0, 0x0, 0x0, 0x0, 0x0, 0x0, 0x0, 0x0,
    0x31, 0xfe, 0xff, 0xff, 0xff, 0xff, 0xff, 0xff,
    0xff, 0xff, 0xfb, 0xe7, 0xb5, 0x57, 0x1, 0x0,
    0x0, 0x0, 0x96, 0xff, 0xff, 0xff, 0xff, 0xff,
    0xff, 0xff, 0xff, 0xff, 0xff, 0xff, 0xff, 0xbd,
    0xc, 0x0, 0x0, 0x1, 0x7d, 0xf6, 0xff, 0xff,
    0xff, 0xff, 0xff, 0xff, 0xff, 0xff, 0xff, 0xff,
    0xff, 0xa3, 0x0, 0x0, 0x0, 0x0, 0x11, 0x60,
    0x8b, 0x9f, 0xa8, 0xad, 0xbb, 0xe4, 0xff, 0xff,
    0xff, 0xff, 0xfd, 0x1e, 0x0, 0x0, 0x0, 0x0,
    0x0, 0x0, 0x0, 0x0, 0x0, 0x0, 0x0, 0x4c,
    0xf4, 0xff, 0xff, 0xff, 0x5d, 0x0, 0x0, 0x0,
    0x0, 0x0, 0x0, 0x0, 0x0, 0x0, 0x0, 0x0,
    0x0, 0x8d, 0xff, 0xff, 0xff, 0x7e, 0x5, 0x18,
    0x18, 0xd, 0x0, 0x0, 0x0, 0x0, 0x0, 0x0,
    0x0, 0x0, 0x61, 0xff, 0xff, 0xff, 0x8d, 0xb8,
    0xff, 0xff, 0xfb, 0x11, 0x0, 0x0, 0x0, 0x0,
    0x0, 0x0, 0x0, 0x5c, 0xff, 0xff, 0xff, 0x90,
    0xca, 0xff, 0xff, 0xff, 0x28, 0x0, 0x0, 0x0,
    0x0, 0x0, 0x0, 0x0, 0x63, 0xff, 0xff, 0xff,
    0x8d, 0xbc, 0xff, 0xff, 0xff, 0x4b, 0x0, 0x0,
    0x0, 0x0, 0x0, 0x0, 0x0, 0x8b, 0xff, 0xff,
    0xff, 0x7d, 0x93, 0xff, 0xff, 0xff, 0xbe, 0x7,
    0x0, 0x0, 0x0, 0x0, 0x0, 0x21, 0xea, 0xff,
    0xff, 0xff, 0x52, 0x44, 0xff, 0xff, 0xff, 0xff,
    0xdf, 0x9b, 0x81, 0x80, 0x85, 0xa6, 0xf5, 0xff,
    0xff, 0xff, 0xf2, 0xf, 0x0, 0xbf, 0xff, 0xff,
    0xff, 0xff, 0xff, 0xff, 0xff, 0xff, 0xff, 0xff,
    0xff, 0xff, 0xff, 0x79, 0x0, 0x0, 0x17, 0xce,
    0xff, 0xff, 0xff, 0xff, 0xff, 0xff, 0xff, 0xff,
    0xff, 0xff, 0xff, 0x9a, 0x1, 0x0, 0x0, 0x0,
    0x7, 0x6d, 0xc4, 0xf0, 0xff, 0xff, 0xff, 0xff,
    0xfc, 0xe8, 0xb0, 0x49, 0x0, 0x0, 0x0, 0x0,
    0x0, 0x0, 0x0, 0x0, 0x0, 0x0, 0xff, 0xff,
    0xff, 0x34, 0x0, 0x0, 0x0, 0x0, 0x0, 0x0,
    0x0, 0x0, 0x0, 0x0, 0x0, 0x0, 0x0, 0xff,
    0xff, 0xff, 0x34, 0x0, 0x0, 0x0, 0x0, 0x0,
    0x0, 0x0, 0x0, 0x0, 0x0, 0x0, 0x0, 0x0,
    0xff, 0xff, 0xff, 0x34, 0x0, 0x0, 0x0, 0x0,
    0x0, 0x0, 0x0, 0x0, 0x0, 0x0, 0x0, 0x0,
    0x0, 0xe1, 0xff, 0xf5, 0x1f, 0x0, 0x0, 0x0,
    0x0, 0x0, 0x0,

    /* U+0025 "%" */
    0x0, 0x3a, 0xb6, 0xee, 0xfe, 0xff, 0xf9, 0xdc,
    0x8a, 0xb, 0x0, 0x0, 0x0, 0x0, 0x0, 0x0,
    0xad, 0xff, 0xfb, 0x14, 0x0, 0x0, 0x0, 0x0,
    0x0, 0x0, 0x3a, 0xfb, 0xff, 0xff, 0xff, 0xff,
    0xff, 0xff, 0xff, 0xc3, 0x1, 0x0, 0x0, 0x0,
    0x0, 0x30, 0xff, 0xff, 0xc7, 0x0, 0x0, 0x0,
    0x0, 0x0, 0x0, 0x0, 0xb7, 0xff, 0xff, 0xb9,
    0x6f, 0x65, 0x80, 0xe9, 0xff, 0xff, 0x45, 0x0,
    0x0, 0x0, 0x0, 0x97, 0xff, 0xff, 0x5f, 0x0,
    0x0, 0x0, 0x0, 0x0, 0x0, 0x0, 0xef, 0xff,
    0xe9, 0x5, 0x0, 0x0, 0x0, 0x5e, 0xff, 0xff,
    0x7d, 0x0, 0x0, 0x0, 0xd, 0xf3, 0xff, 0xee,
    0x9, 0x0, 0x0, 0x0, 0x0, 0x0, 0x0, 0x0,
    0xfe, 0xff, 0xc7, 0x0, 0x0, 0x0, 0x0, 0x37,
    0xff, 0xff, 0x8e, 0x0, 0x0, 0x0, 0x68, 0xff,
    0xff, 0x8f, 0x0, 0x0, 0x0, 0x0, 0x0, 0x0,
    0x0, 0x0, 0xff, 0xff, 0xc4, 0x0, 0x0, 0x0,
    0x0, 0x34, 0xff, 0xff, 0x90, 0x0, 0x0, 0x0,
    0xd0, 0xff, 0xff, 0x28, 0x0, 0x0, 0x0, 0x0,
    0x0, 0x0, 0x0, 0x0, 0xff, 0xff, 0xc4, 0x0,
    0x0, 0x0, 0x0, 0x34, 0xff, 0xff, 0x90, 0x0,
    0x0, 0x39, 0xff, 0xff, 0xbf, 0x0, 0x0, 0x0,
    0x0, 0x0, 0x0, 0x0, 0x0, 0x0, 0xff, 0xff,
    0xc7, 0x0, 0x0, 0x0, 0x0, 0x37, 0xff, 0xff,
    0x8e, 0x0, 0x0, 0xa2, 0xff, 0xff, 0x58, 0x0,
    0x0, 0x0, 0x0, 0x0, 0x0, 0x0, 0x0, 0x0,
    0xef, 0xff, 0xe8, 0x4, 0x0, 0x0, 0x0, 0x5e,
    0xff, 0xff, 0x7e, 0x0, 0x12, 0xf7, 0xff, 0xe9,
    0x6, 0x0, 0x0, 0x0, 0x0, 0x0, 0x0, 0x0,
    0x0, 0x0, 0xb8, 0xff, 0xff, 0xb5, 0x6b, 0x61,
    0x7b, 0xe8, 0xff, 0xff, 0x46, 0x0, 0x73, 0xff,
    0xff, 0x88, 0x0, 0x0, 0x0, 0x0, 0x0, 0x0,
    0x0, 0x0, 0x0, 0x0, 0x3c, 0xfb, 0xff, 0xff,
    0xff, 0xff, 0xff, 0xff, 0xff, 0xc4, 0x1, 0x1,
    0xda, 0xff, 0xfe, 0x22, 0x0, 0x0, 0x0, 0x0,
    0x0, 0x0, 0x0, 0x0, 0x0, 0x0, 0x0, 0x3c,
    0xb8, 0xef, 0xff, 0xff, 0xfa, 0xdd, 0x8c, 0xc,
    0x0, 0x45, 0xff, 0xff, 0xb8, 0x0, 0x0, 0x0,
    0x0, 0x0, 0x0, 0x0, 0x0, 0x0, 0x0, 0x0,
    0x0, 0x0, 0x0, 0x0, 0x0, 0x0, 0x0, 0x0,
    0x0, 0x0, 0x0, 0xad, 0xff, 0xff, 0x50, 0x0,
    0x0, 0x0, 0x0, 0x0, 0x0, 0x0, 0x0, 0x0,
    0x0, 0x0, 0x0, 0x0, 0x0, 0x0, 0x0, 0x0,
    0x0, 0x0, 0x0, 0x0, 0x1a, 0xfb, 0xff, 0xe4,
    0x3, 0x0, 0x0, 0x30, 0x59, 0x63, 0x63, 0x57,
    0x2a, 0x0, 0x0, 0x0, 0x0, 0x0, 0x0, 0x0,
    0x0, 0x0, 0x0, 0x0, 0x0, 0x0, 0x7f, 0xff,
    0xff, 0x80, 0x0, 0x1a, 0xc7, 0xff, 0xff, 0xff,
    0xff, 0xff, 0xff, 0xba, 0x12, 0x0, 0x0, 0x0,
    0x0, 0x0, 0x0, 0x0, 0x0, 0x0, 0x0, 0x3,
    0xe4, 0xff, 0xfc, 0x1c, 0x0, 0xbc, 0xff, 0xff,
    0xff, 0xff, 0xff, 0xff, 0xff, 0xff, 0xa6, 0x0,
    0x0, 0x0, 0x0, 0x0, 0x0, 0x0, 0x0, 0x0,
    0x0, 0x51, 0xff, 0xff, 0xb0, 0x0, 0x1e, 0xff,
    0xff, 0xe6, 0x34, 0x5, 0x5, 0x37, 0xe9, 0xff,
    0xfc, 0xc, 0x0, 0x0, 0x0, 0x0, 0x0, 0x0,
    0x0, 0x0, 0x0, 0xb9, 0xff, 0xff, 0x48, 0x0,
    0x45, 0xff, 0xff, 0x90, 0x0, 0x0, 0x0, 0x0,
    0x93, 0xff, 0xff, 0x30, 0x0, 0x0, 0x0, 0x0,
    0x0, 0x0, 0x0, 0x0, 0x23, 0xfe, 0xff, 0xde,
    0x2, 0x0, 0x4f, 0xff, 0xff, 0x7c, 0x0, 0x0,
    0x0, 0x0, 0x7d, 0xff, 0xff, 0x3b, 0x0, 0x0,
    0x0, 0x0, 0x0, 0x0, 0x0, 0x0, 0x89, 0xff,
    0xff, 0x78, 0x0, 0x0, 0x50, 0xff, 0xff, 0x7c,
    0x0, 0x0, 0x0, 0x0, 0x7c, 0xff, 0xff, 0x3c,
    0x0, 0x0, 0x0, 0x0, 0x0, 0x0, 0x0, 0x6,
    0xea, 0xff, 0xf9, 0x16, 0x0, 0x0, 0x50, 0xff,
    0xff, 0x7c, 0x0, 0x0, 0x0, 0x0, 0x7c, 0xff,
    0xff, 0x3c, 0x0, 0x0, 0x0, 0x0, 0x0, 0x0,
    0x0, 0x58, 0xff, 0xff, 0xa8, 0x0, 0x0, 0x0,
    0x4d, 0xff, 0xff, 0x81, 0x0, 0x0, 0x0, 0x0,
    0x82, 0xff, 0xff, 0x39, 0x0, 0x0, 0x0, 0x0,
    0x0, 0x0, 0x0, 0xbf, 0xff, 0xff, 0x41, 0x0,
    0x0, 0x0, 0x3b, 0xff, 0xff, 0xab, 0x0, 0x0,
    0x0, 0x0, 0xaf, 0xff, 0xff, 0x26, 0x0, 0x0,
    0x0, 0x0, 0x0, 0x0, 0x26, 0xff, 0xff, 0xd8,
    0x0, 0x0, 0x0, 0x0, 0xb, 0xf5, 0xff, 0xfd,
    0x99, 0x69, 0x69, 0x9c, 0xfe, 0xff, 0xe9, 0x2,
    0x0, 0x0, 0x0, 0x0, 0x0, 0x0, 0x8b, 0xff,
    0xff, 0x71, 0x0, 0x0, 0x0, 0x0, 0x0, 0x7d,
    0xff, 0xff, 0xff, 0xff, 0xff, 0xff, 0xff, 0xff,
    0x68, 0x0, 0x0, 0x0, 0x0, 0x0, 0x0, 0x0,
    0xc8, 0xff, 0xde, 0x10, 0x0, 0x0, 0x0, 0x0,
    0x0, 0x0, 0x65, 0xcd, 0xf6, 0xff, 0xff, 0xf4,
    0xc7, 0x57, 0x0, 0x0,

    /* U+0026 "&" */
    0x0, 0x0, 0x0, 0x0, 0x0, 0x40, 0xa6, 0xe0,
    0xf8, 0xff, 0xf8, 0xe0, 0xa5, 0x3a, 0x0, 0x0,
    0x0, 0x0, 0x0, 0x0, 0x0, 0x0, 0x0, 0x0,
    0x2, 0x9a, 0xff, 0xff, 0xff, 0xff, 0xff, 0xff,
    0xff, 0xff, 0xff, 0x83, 0x0, 0x0, 0x0, 0x0,
    0x0, 0x0, 0x0, 0x0, 0x0, 0x85, 0xff, 0xff,
    0xff, 0xff, 0xff, 0xff, 0xff, 0xff, 0xff, 0xff,
    0xff, 0x5e, 0x0, 0x0, 0x0, 0x0, 0x0, 0x0,
    0x0, 0x15, 0xf8, 0xff, 0xff, 0xff, 0xe2, 0x89,
    0x6e, 0x89, 0xe5, 0xff, 0xff, 0xff, 0xde, 0x0,
    0x0, 0x0, 0x0, 0x0, 0x0, 0x0, 0x59, 0xff,
    0xff, 0xff, 0xe5, 0xf, 0x0, 0x0, 0x0, 0x15,
    0xef, 0xff, 0xff, 0xff, 0x25, 0x0, 0x0, 0x0,
    0x0, 0x0, 0x0, 0x7a, 0xff, 0xff, 0xff, 0x94,
    0x0, 0x0, 0x0, 0x0, 0x0, 0xa9, 0xff, 0xff,
    0xff, 0x44, 0x0, 0x0, 0x0, 0x0, 0x0, 0x0,
    0x83, 0xff, 0xff, 0xff, 0x7c, 0x0, 0x0, 0x0,
    0x0, 0x0, 0x90, 0xff, 0xff, 0xff, 0x4f, 0x0,
    0x0, 0x0, 0x0, 0x0, 0x0, 0x76, 0xff, 0xff,
    0xff, 0x8b, 0x0, 0x0, 0x0, 0x0, 0x0, 0x8a,
    0xff, 0xff, 0xff, 0x4a, 0x0, 0x0, 0x0, 0x0,
    0x0, 0x0, 0x4d, 0xff, 0xff, 0xff, 0xd1, 0x0,
    0x0, 0x0, 0x0, 0x0, 0x17, 0x53, 0x54, 0x4e,
    0x7, 0x0, 0x0, 0x0, 0x0, 0x0, 0x0, 0xc,
    0xf0, 0xff, 0xff, 0xff, 0x5a, 0x0, 0x0, 0x0,
    0x0, 0x0, 0x0, 0x0, 0x0, 0x0, 0x0, 0x0,
    0x0, 0x0, 0x0, 0x0, 0x0, 0x7f, 0xff, 0xff,
    0xff, 0xf2, 0x2c, 0x0, 0x0, 0x0, 0x0, 0x0,
    0x0, 0x0, 0x0, 0x0, 0x0, 0x0, 0x0, 0x0,
    0x0, 0x1b, 0x74, 0xfc, 0xff, 0xff, 0xff, 0xe3,
    0x1d, 0x0, 0x0, 0x0, 0x0, 0x0, 0x0, 0x0,
    0x0, 0x0, 0x0, 0x0, 0x0, 0x53, 0xf6, 0xff,
    0xff, 0xff, 0xff, 0xff, 0xff, 0xd6, 0x12, 0x0,
    0x0, 0x0, 0x0, 0x0, 0x0, 0x0, 0x0, 0x0,
    0x0, 0x20, 0xf7, 0xff, 0xff, 0xff, 0xf1, 0xf7,
    0xff, 0xff, 0xff, 0xff, 0xff, 0xff, 0xff, 0xff,
    0xff, 0xff, 0xff, 0xff, 0xf5, 0x1e, 0x8f, 0xff,
    0xff, 0xff, 0x92, 0x2, 0x53, 0xfe, 0xff, 0xff,
    0xff, 0xff, 0xff, 0xff, 0xff, 0xff, 0xff, 0xff,
    0xff, 0xff, 0x34, 0xd2, 0xff, 0xff, 0xf6, 0xc,
    0x0, 0x0, 0x7e, 0xff, 0xff, 0xff, 0xff, 0xff,
    0xff, 0xff, 0xff, 0xff, 0xff, 0xff, 0xff, 0x32,
    0xef, 0xff, 0xff, 0xd8, 0x0, 0x0, 0x0, 0x1,
    0xa9, 0xff, 0xff, 0xff, 0xff, 0xbc, 0x8c, 0x8c,
    0x8c, 0x8c, 0x8c, 0x81, 0x8, 0xf4, 0xff, 0xff,
    0xcc, 0x0, 0x0, 0x0, 0x0, 0x9, 0xcc, 0xff,
    0xff, 0xff, 0xe6, 0x1a, 0x0, 0x0, 0x0, 0x0,
    0x0, 0x0, 0xf4, 0xff, 0xff, 0xcc, 0x0, 0x0,
    0x0, 0x0, 0x0, 0x1c, 0xe7, 0xff, 0xff, 0xff,
    0xc8, 0x7, 0x0, 0x0, 0x0, 0x0, 0x0, 0xf3,
    0xff, 0xff, 0xd2, 0x0, 0x0, 0x0, 0x0, 0x0,
    0x0, 0x37, 0xf7, 0xff, 0xff, 0xff, 0x9f, 0x0,
    0x0, 0x0, 0x0, 0x0, 0xe5, 0xff, 0xff, 0xf3,
    0x4, 0x0, 0x0, 0x0, 0x0, 0x0, 0x0, 0x98,
    0xff, 0xff, 0xff, 0xff, 0x6e, 0x0, 0x0, 0x0,
    0x0, 0xc0, 0xff, 0xff, 0xff, 0x7c, 0x0, 0x0,
    0x0, 0x0, 0x0, 0x10, 0xe1, 0xff, 0xff, 0xff,
    0xff, 0xfb, 0x42, 0x0, 0x0, 0x0, 0x76, 0xff,
    0xff, 0xff, 0xff, 0xc9, 0x97, 0x8c, 0x8c, 0x9c,
    0xe7, 0xff, 0xff, 0xff, 0xff, 0xff, 0xff, 0xec,
    0x20, 0x0, 0x0, 0xf, 0xe5, 0xff, 0xff, 0xff,
    0xff, 0xff, 0xff, 0xff, 0xff, 0xff, 0xff, 0xff,
    0xb1, 0xc6, 0xff, 0xff, 0xff, 0xd1, 0xb, 0x0,
    0x0, 0x33, 0xe7, 0xff, 0xff, 0xff, 0xff, 0xff,
    0xff, 0xff, 0xff, 0xff, 0xe5, 0x24, 0x18, 0xe3,
    0xff, 0xff, 0xff, 0xaa, 0x0, 0x0, 0x0, 0x14,
    0x81, 0xce, 0xf2, 0xff, 0xff, 0xff, 0xf3, 0xd7,
    0x8c, 0x1a, 0x0, 0x0, 0x31, 0xe1, 0xff, 0xff,
    0xff, 0x58,

    /* U+0027 "'" */
    0x0, 0xa, 0x14, 0x13, 0x0, 0x0, 0xf3, 0xff,
    0xff, 0x6d, 0x0, 0xdf, 0xff, 0xff, 0x5a, 0x0,
    0xbd, 0xff, 0xff, 0x39, 0x0, 0x9c, 0xff, 0xff,
    0x17, 0x0, 0x7a, 0xff, 0xf5, 0x0, 0x0, 0x59,
    0xff, 0xd5, 0x0, 0x0, 0x27, 0xf6, 0x99, 0x0,

    /* U+0028 "(" */
    0x0, 0x0, 0x0, 0x0, 0x43, 0xa7, 0xe1, 0xf8,
    0x81, 0x0, 0x0, 0x6, 0xa1, 0xff, 0xff, 0xff,
    0xff, 0x90, 0x0, 0x0, 0x97, 0xff, 0xff, 0xff,
    0xff, 0xf2, 0x6c, 0x0, 0x31, 0xff, 0xff, 0xff,
    0xae, 0x21, 0x0, 0x0, 0x0, 0x95, 0xff, 0xff,
    0xd1, 0x3, 0x0, 0x0, 0x0, 0x0, 0xd2, 0xff,
    0xff, 0x6c, 0x0, 0x0, 0x0, 0x0, 0x0, 0xfa,
    0xff, 0xff, 0x3b, 0x0, 0x0, 0x0, 0x0, 0xb,
    0xff, 0xff, 0xff, 0x2a, 0x0, 0x0, 0x0, 0x0,
    0x13, 0xff, 0xff, 0xff, 0x28, 0x0, 0x0, 0x0,
    0x0, 0x14, 0xff, 0xff, 0xff, 0x28, 0x0, 0x0,
    0x0, 0x0, 0x14, 0xff, 0xff, 0xff, 0x28, 0x0,
    0x0, 0x0, 0x0, 0x14, 0xff, 0xff, 0xff, 0x28,
    0x0, 0x0, 0x0, 0x0, 0x14, 0xff, 0xff, 0xff,
    0x28, 0x0, 0x0, 0x0, 0x0, 0x14, 0xff, 0xff,
    0xff, 0x28, 0x0, 0x0, 0x0, 0x0, 0x14, 0xff,
    0xff, 0xff, 0x28, 0x0, 0x0, 0x0, 0x0, 0x14,
    0xff, 0xff, 0xff, 0x28, 0x0, 0x0, 0x0, 0x0,
    0x14, 0xff, 0xff, 0xff, 0x28, 0x0, 0x0, 0x0,
    0x0, 0x14, 0xff, 0xff, 0xff, 0x28, 0x0, 0x0,
    0x0, 0x0, 0x14, 0xff, 0xff, 0xff, 0x28, 0x0,
    0x0, 0x0, 0x0, 0x14, 0xff, 0xff, 0xff, 0x28,
    0x0, 0x0, 0x0, 0x0, 0x14, 0xff, 0xff, 0xff,
    0x28, 0x0, 0x0, 0x0, 0x0, 0x14, 0xff, 0xff,
    0xff, 0x28, 0x0, 0x0, 0x0, 0x0, 0x13, 0xff,
    0xff, 0xff, 0x28, 0x0, 0x0, 0x0, 0x0, 0x9,
    0xff, 0xff, 0xff, 0x2b, 0x0, 0x0, 0x0, 0x0,
    0x0, 0xf8, 0xff, 0xff, 0x3e, 0x0, 0x0, 0x0,
    0x0, 0x0, 0xce, 0xff, 0xff, 0x74, 0x0, 0x0,
    0x0, 0x0, 0x0, 0x8f, 0xff, 0xff, 0xdc, 0x9,
    0x0, 0x0, 0x0, 0x0, 0x2a, 0xfe, 0xff, 0xff,
    0xc2, 0x39, 0x7, 0x0, 0x0, 0x0, 0x8c, 0xff,
    0xff, 0xff, 0xff, 0xff, 0x77, 0x0, 0x0, 0x2,
    0x92, 0xfe, 0xff, 0xff, 0xff, 0x90, 0x0, 0x0,
    0x0, 0x0, 0x34, 0x96, 0xcf, 0xe5, 0x77,

    /* U+0029 ")" */
    0xb, 0xf1, 0xed, 0xc5, 0x77, 0xc, 0x0, 0x0,
    0x0, 0x14, 0xff, 0xff, 0xff, 0xff, 0xe5, 0x33,
    0x0, 0x0, 0x8, 0xde, 0xfd, 0xff, 0xff, 0xff,
    0xee, 0x1d, 0x0, 0x0, 0x0, 0xa, 0x67, 0xf8,
    0xff, 0xff, 0xa8, 0x0, 0x0, 0x0, 0x0, 0x0,
    0x68, 0xff, 0xff, 0xfa, 0x13, 0x0, 0x0, 0x0,
    0x0, 0x7, 0xf2, 0xff, 0xff, 0x4c, 0x0, 0x0,
    0x0, 0x0, 0x0, 0xc5, 0xff, 0xff, 0x75, 0x0,
    0x0, 0x0, 0x0, 0x0, 0xb3, 0xff, 0xff, 0x86,
    0x0, 0x0, 0x0, 0x0, 0x0, 0xb0, 0xff, 0xff,
    0x8f, 0x0, 0x0, 0x0, 0x0, 0x0, 0xb0, 0xff,
    0xff, 0x90, 0x0, 0x0, 0x0, 0x0, 0x0, 0xb0,
    0xff, 0xff, 0x90, 0x0, 0x0, 0x0, 0x0, 0x0,
    0xb0, 0xff, 0xff, 0x90, 0x0, 0x0, 0x0, 0x0,
    0x0, 0xb0, 0xff, 0xff, 0x90, 0x0, 0x0, 0x0,
    0x0, 0x0, 0xb0, 0xff, 0xff, 0x90, 0x0, 0x0,
    0x0, 0x0, 0x0, 0xb0, 0xff, 0xff, 0x90, 0x0,
    0x0, 0x0, 0x0, 0x0, 0xb0, 0xff, 0xff, 0x90,
    0x0, 0x0, 0x0, 0x0, 0x0, 0xb0, 0xff, 0xff,
    0x90, 0x0, 0x0, 0x0, 0x0, 0x0, 0xb0, 0xff,
    0xff, 0x90, 0x0, 0x0, 0x0, 0x0, 0x0, 0xb0,
    0xff, 0xff, 0x90, 0x0, 0x0, 0x0, 0x0, 0x0,
    0xb0, 0xff, 0xff, 0x90, 0x0, 0x0, 0x0, 0x0,
    0x0, 0xb0, 0xff, 0xff, 0x90, 0x0, 0x0, 0x0,
    0x0, 0x0, 0xb0, 0xff, 0xff, 0x90, 0x0, 0x0,
    0x0, 0x0, 0x0, 0xb0, 0xff, 0xff, 0x8f, 0x0,
    0x0, 0x0, 0x0, 0x0, 0xb4, 0xff, 0xff, 0x84,
    0x0, 0x0, 0x0, 0x0, 0x0, 0xc8, 0xff, 0xff,
    0x73, 0x0, 0x0, 0x0, 0x0, 0xa, 0xf5, 0xff,
    0xff, 0x47, 0x0, 0x0, 0x0, 0x0, 0x74, 0xff,
    0xff, 0xf7, 0xf, 0x0, 0x1, 0x1b, 0x7b, 0xfc,
    0xff, 0xff, 0x9e, 0x0, 0xa, 0xf1, 0xff, 0xff,
    0xff, 0xff, 0xe7, 0x15, 0x0, 0x14, 0xff, 0xff,
    0xff, 0xff, 0xd9, 0x27, 0x0, 0x0, 0x9, 0xdd,
    0xda, 0xb3, 0x63, 0x5, 0x0, 0x0, 0x0,

    /* U+002A "*" */
    0x0, 0x0, 0x0, 0x0, 0x0, 0x60, 0xfe, 0xfd,
    0x4f, 0x0, 0x0, 0x0, 0x0, 0x0, 0x0, 0x0,
    0x0, 0x0, 0x0, 0x73, 0xff, 0xff, 0x60, 0x0,
    0x0, 0x0, 0x0, 0x0, 0x0, 0x0, 0x0, 0x0,
    0x0, 0x4f, 0xff, 0xff, 0x45, 0x0, 0x0, 0x0,
    0x0, 0x0, 0x0, 0x5d, 0xb7, 0x5e, 0x3, 0x12,
    0xfb, 0xfd, 0x12, 0x11, 0x80, 0xe4, 0x87, 0x0,
    0x0, 0xc3, 0xff, 0xff, 0xd4, 0x2f, 0xb3, 0xc0,
    0x3f, 0xe5, 0xff, 0xff, 0xe3, 0x1, 0x0, 0xe8,
    0xff, 0xff, 0xff, 0xf7, 0x95, 0xa6, 0xf8, 0xff,
    0xff, 0xff, 0xd6, 0x5, 0x0, 0x11, 0x54, 0x78,
    0x7d, 0x74, 0xb7, 0xb9, 0x71, 0x60, 0x4f, 0x26,
    0x0, 0x0, 0x0, 0x0, 0x0, 0x0, 0x23, 0xce,
    0xd0, 0xb1, 0xea, 0x4a, 0x0, 0x0, 0x0, 0x0,
    0x0, 0x0, 0x0, 0x2c, 0xea, 0xff, 0x92, 0x6b,
    0xff, 0xfd, 0x5f, 0x0, 0x0, 0x0, 0x0, 0x0,
    0x11, 0xe0, 0xff, 0xff, 0x3f, 0x16, 0xf8, 0xff,
    0xfb, 0x35, 0x0, 0x0, 0x0, 0x0, 0x4a, 0xfd,
    0xff, 0xcc, 0x0, 0x0, 0x90, 0xff, 0xff, 0x6b,
    0x0, 0x0, 0x0, 0x0, 0x0, 0x47, 0xd5, 0x36,
    0x0, 0x0, 0xb, 0xaf, 0x59, 0x0, 0x0, 0x0,
    0x0, 0x0, 0x0, 0x0, 0x0, 0x0, 0x0, 0x0,
    0x0, 0x0, 0x0, 0x0, 0x0, 0x0,

    /* U+002B "+" */
    0x0, 0x0, 0x0, 0x0, 0x0, 0x0, 0x0, 0x70,
    0xdf, 0xdf, 0x6e, 0x0, 0x0, 0x0, 0x0, 0x0,
    0x0, 0x0, 0x0, 0x0, 0x0, 0x0, 0x0, 0x0,
    0x0, 0xb0, 0xff, 0xff, 0xb0, 0x0, 0x0, 0x0,
    0x0, 0x0, 0x0, 0x0, 0x0, 0x0, 0x0, 0x0,
    0x0, 0x0, 0x0, 0xb0, 0xff, 0xff, 0xb0, 0x0,
    0x0, 0x0, 0x0, 0x0, 0x0, 0x0, 0x0, 0x0,
    0x0, 0x0, 0x0, 0x0, 0x0, 0xb0, 0xff, 0xff,
    0xb0, 0x0, 0x0, 0x0, 0x0, 0x0, 0x0, 0x0,
    0x0, 0x0, 0x0, 0x0, 0x0, 0x0, 0x0, 0xb0,
    0xff, 0xff, 0xb0, 0x0, 0x0, 0x0, 0x0, 0x0,
    0x0, 0x0, 0x0, 0x0, 0x0, 0x0, 0x0, 0x0,
    0x0, 0xb0, 0xff, 0xff, 0xb0, 0x0, 0x0, 0x0,
    0x0, 0x0, 0x0, 0x0, 0x0, 0x0, 0x0, 0x0,
    0x0, 0x0, 0x0, 0xb0, 0xff, 0xff, 0xb0, 0x0,
    0x0, 0x0, 0x0, 0x0, 0x0, 0x0, 0x1a, 0xf1,
    0xff, 0xff, 0xff, 0xff, 0xff, 0xff, 0xff, 0xff,
    0xff, 0xff, 0xff, 0xff, 0xff, 0xff, 0xee, 0x11,
    0x34, 0xff, 0xff, 0xff, 0xff, 0xff, 0xff, 0xff,
    0xff, 0xff, 0xff, 0xff, 0xff, 0xff, 0xff, 0xff,
    0xff, 0x28, 0x2c, 0xff, 0xff, 0xff, 0xff, 0xff,
    0xff, 0xff, 0xff, 0xff, 0xff, 0xff, 0xff, 0xff,
    0xff, 0xff, 0xff, 0x20, 0x1, 0x4a, 0x58, 0x58,
    0x58, 0x58, 0x58, 0xcb, 0xff, 0xff, 0xcb, 0x58,
    0x58, 0x58, 0x58, 0x58, 0x48, 0x0, 0x0, 0x0,
    0x0, 0x0, 0x0, 0x0, 0x0, 0xb0, 0xff, 0xff,
    0xb0, 0x0, 0x0, 0x0, 0x0, 0x0, 0x0, 0x0,
    0x0, 0x0, 0x0, 0x0, 0x0, 0x0, 0x0, 0xb0,
    0xff, 0xff, 0xb0, 0x0, 0x0, 0x0, 0x0, 0x0,
    0x0, 0x0, 0x0, 0x0, 0x0, 0x0, 0x0, 0x0,
    0x0, 0xb0, 0xff, 0xff, 0xb0, 0x0, 0x0, 0x0,
    0x0, 0x0, 0x0, 0x0, 0x0, 0x0, 0x0, 0x0,
    0x0, 0x0, 0x0, 0xb0, 0xff, 0xff, 0xb0, 0x0,
    0x0, 0x0, 0x0, 0x0, 0x0, 0x0, 0x0, 0x0,
    0x0, 0x0, 0x0, 0x0, 0x0, 0xb0, 0xff, 0xff,
    0xb0, 0x0, 0x0, 0x0, 0x0, 0x0, 0x0, 0x0,
    0x0, 0x0, 0x0, 0x0, 0x0, 0x0, 0x0, 0x89,
    0xff, 0xff, 0x87, 0x0, 0x0, 0x0, 0x0, 0x0,
    0x0, 0x0,

    /* U+002C "," */
    0x1, 0x9e, 0xb4, 0xb4, 0x99, 0xc, 0xff, 0xff,
    0xff, 0xff, 0xc, 0xff, 0xff, 0xff, 0xff, 0xc,
    0xff, 0xff, 0xff, 0xff, 0xc, 0xff, 0xff, 0xff,
    0xf0, 0xc, 0xff, 0xff, 0xff, 0xb3, 0xc, 0xff,
    0xff, 0xff, 0x47, 0xc, 0xff, 0xff, 0xc5, 0x0,
    0xc, 0xff, 0xff, 0x3e, 0x0, 0xc, 0xff, 0xb7,
    0x0, 0x0, 0x4, 0xe5, 0x30, 0x0, 0x0,

    /* U+002D "-" */
    0x9, 0x48, 0x4c, 0x4c, 0x4c, 0x4c, 0x4c, 0x4c,
    0x4c, 0x2a, 0x60, 0xff, 0xff, 0xff, 0xff, 0xff,
    0xff, 0xff, 0xff, 0xd8, 0x68, 0xff, 0xff, 0xff,
    0xff, 0xff, 0xff, 0xff, 0xff, 0xe0, 0x4b, 0xfc,
    0xff, 0xff, 0xff, 0xff, 0xff, 0xff, 0xff, 0xc0,

    /* U+002E "." */
    0x0, 0x4b, 0x60, 0x60, 0x48, 0x9, 0xff, 0xff,
    0xff, 0xfc, 0xc, 0xff, 0xff, 0xff, 0xff, 0xc,
    0xff, 0xff, 0xff, 0xff, 0xc, 0xff, 0xff, 0xff,
    0xff, 0xc, 0xff, 0xff, 0xff, 0xff, 0x4, 0xe8,
    0xff, 0xff, 0xe3,

    /* U+002F "/" */
    0x0, 0x0, 0x0, 0x0, 0x0, 0x0, 0x0, 0x0,
    0x0, 0x25, 0xec, 0xff, 0xff, 0x6a, 0x0, 0x0,
    0x0, 0x0, 0x0, 0x0, 0x0, 0x0, 0x0, 0x94,
    0xff, 0xff, 0xff, 0x36, 0x0, 0x0, 0x0, 0x0,
    0x0, 0x0, 0x0, 0x0, 0x6, 0xed, 0xff, 0xff,
    0xd8, 0x0, 0x0, 0x0, 0x0, 0x0, 0x0, 0x0,
    0x0, 0x0, 0x52, 0xff, 0xff, 0xff, 0x7b, 0x0,
    0x0, 0x0, 0x0, 0x0, 0x0, 0x0, 0x0, 0x0,
    0xb1, 0xff, 0xff, 0xfe, 0x1e, 0x0, 0x0, 0x0,
    0x0, 0x0, 0x0, 0x0, 0x0, 0x14, 0xfa, 0xff,
    0xff, 0xbf, 0x0, 0x0, 0x0, 0x0, 0x0, 0x0,
    0x0, 0x0, 0x0, 0x6c, 0xff, 0xff, 0xff, 0x61,
    0x0, 0x0, 0x0, 0x0, 0x0, 0x0, 0x0, 0x0,
    0x0, 0xca, 0xff, 0xff, 0xf5, 0xd, 0x0, 0x0,
    0x0, 0x0, 0x0, 0x0, 0x0, 0x0, 0x27, 0xff,
    0xff, 0xff, 0xa5, 0x0, 0x0, 0x0, 0x0, 0x0,
    0x0, 0x0, 0x0, 0x0, 0x85, 0xff, 0xff, 0xff,
    0x47, 0x0, 0x0, 0x0, 0x0, 0x0, 0x0, 0x0,
    0x0, 0x1, 0xe0, 0xff, 0xff, 0xe6, 0x3, 0x0,
    0x0, 0x0, 0x0, 0x0, 0x0, 0x0, 0x0, 0x3f,
    0xff, 0xff, 0xff, 0x8b, 0x0, 0x0, 0x0, 0x0,
    0x0, 0x0, 0x0, 0x0, 0x0, 0x9c, 0xff, 0xff,
    0xff, 0x2d, 0x0, 0x0, 0x0, 0x0, 0x0, 0x0,
    0x0, 0x0, 0x8, 0xf0, 0xff, 0xff, 0xcf, 0x0,
    0x0, 0x0, 0x0, 0x0, 0x0, 0x0, 0x0, 0x0,
    0x56, 0xff, 0xff, 0xff, 0x71, 0x0, 0x0, 0x0,
    0x0, 0x0, 0x0, 0x0, 0x0, 0x0, 0xb2, 0xff,
    0xff, 0xfb, 0x17, 0x0, 0x0, 0x0, 0x0, 0x0,
    0x0, 0x0, 0x0, 0x14, 0xfa, 0xff, 0xff, 0xb5,
    0x0, 0x0, 0x0, 0x0, 0x0, 0x0, 0x0, 0x0,
    0x0, 0x6c, 0xff, 0xff, 0xff, 0x57, 0x0, 0x0,
    0x0, 0x0, 0x0, 0x0, 0x0, 0x0, 0x0, 0xc9,
    0xff, 0xff, 0xf0, 0x8, 0x0, 0x0, 0x0, 0x0,
    0x0, 0x0, 0x0, 0x0, 0x26, 0xff, 0xff, 0xff,
    0x9b, 0x0, 0x0, 0x0, 0x0, 0x0, 0x0, 0x0,
    0x0, 0x0, 0x84, 0xff, 0xff, 0xff, 0x3d, 0x0,
    0x0, 0x0, 0x0, 0x0, 0x0, 0x0, 0x0, 0x1,
    0xdf, 0xff, 0xff, 0xde, 0x1, 0x0, 0x0, 0x0,
    0x0, 0x0, 0x0, 0x0, 0x0, 0x3f, 0xff, 0xff,
    0xff, 0x81, 0x0, 0x0, 0x0, 0x0, 0x0, 0x0,
    0x0, 0x0, 0x0, 0x9d, 0xff, 0xff, 0xff, 0x24,
    0x0, 0x0, 0x0, 0x0, 0x0, 0x0, 0x0, 0x0,
    0xa, 0xf2, 0xff, 0xff, 0xc5, 0x0, 0x0, 0x0,
    0x0, 0x0, 0x0, 0x0, 0x0, 0x0, 0x42, 0xfe,
    0xff, 0xf8, 0x51, 0x0, 0x0, 0x0, 0x0, 0x0,
    0x0, 0x0, 0x0, 0x0,

    /* U+0030 "0" */
    0x0, 0x0, 0x4, 0x61, 0xba, 0xea, 0xfc, 0xff,
    0xff, 0xff, 0xfe, 0xed, 0xc1, 0x6b, 0x8, 0x0,
    0x0, 0x0, 0x11, 0xc4, 0xff, 0xff, 0xff, 0xff,
    0xff, 0xff, 0xff, 0xff, 0xff, 0xff, 0xff, 0xd0,
    0x1a, 0x0, 0x0, 0xb3, 0xff, 0xff, 0xff, 0xff,
    0xff, 0xff, 0xff, 0xff, 0xff, 0xff, 0xff, 0xff,
    0xff, 0xc5, 0x0, 0x35, 0xff, 0xff, 0xff, 0xff,
    0xe3, 0x99, 0x80, 0x80, 0x80, 0x93, 0xd6, 0xff,
    0xff, 0xff, 0xff, 0x48, 0x7f, 0xff, 0xff, 0xff,
    0xd5, 0xc, 0x0, 0x0, 0x0, 0x0, 0x0, 0x4,
    0xb5, 0xff, 0xff, 0xff, 0x92, 0xa2, 0xff, 0xff,
    0xff, 0x6b, 0x0, 0x0, 0x0, 0x0, 0x0, 0x0,
    0x0, 0x44, 0xff, 0xff, 0xff, 0xb4, 0xaf, 0xff,
    0xff, 0xff, 0x4b, 0x0, 0x0, 0x0, 0x0, 0x0,
    0x0, 0x0, 0x23, 0xff, 0xff, 0xff, 0xc3, 0xb0,
    0xff, 0xff, 0xff, 0x48, 0x0, 0x0, 0x0, 0x0,
    0x0, 0x0, 0x0, 0x20, 0xff, 0xff, 0xff, 0xc4,
    0xb0, 0xff, 0xff, 0xff, 0x48, 0x0, 0x0, 0x0,
    0x0, 0x0, 0x0, 0x0, 0x20, 0xff, 0xff, 0xff,
    0xc4, 0xb0, 0xff, 0xff, 0xff, 0x48, 0x0, 0x0,
    0x0, 0x0, 0x0, 0x0, 0x0, 0x20, 0xff, 0xff,
    0xff, 0xc4, 0xb0, 0xff, 0xff, 0xff, 0x48, 0x0,
    0x0, 0x0, 0x0, 0x0, 0x0, 0x0, 0x20, 0xff,
    0xff, 0xff, 0xc4, 0xb0, 0xff, 0xff, 0xff, 0x48,
    0x0, 0x0, 0x0, 0x0, 0x0, 0x0, 0x0, 0x20,
    0xff, 0xff, 0xff, 0xc4, 0xb0, 0xff, 0xff, 0xff,
    0x48, 0x0, 0x0, 0x0, 0x0, 0x0, 0x0, 0x0,
    0x20, 0xff, 0xff, 0xff, 0xc4, 0xb0, 0xff, 0xff,
    0xff, 0x48, 0x0, 0x0, 0x0, 0x0, 0x0, 0x0,
    0x0, 0x20, 0xff, 0xff, 0xff, 0xc4, 0xb0, 0xff,
    0xff, 0xff, 0x48, 0x0, 0x0, 0x0, 0x0, 0x0,
    0x0, 0x0, 0x20, 0xff, 0xff, 0xff, 0xc4, 0xb0,
    0xff, 0xff, 0xff, 0x48, 0x0, 0x0, 0x0, 0x0,
    0x0, 0x0, 0x0, 0x20, 0xff, 0xff, 0xff, 0xc4,
    0xb0, 0xff, 0xff, 0xff, 0x48, 0x0, 0x0, 0x0,
    0x0, 0x0, 0x0, 0x0, 0x20, 0xff, 0xff, 0xff,
    0xc4, 0xb0, 0xff, 0xff, 0xff, 0x48, 0x0, 0x0,
    0x0, 0x0, 0x0, 0x0, 0x0, 0x20, 0xff, 0xff,
    0xff, 0xc4, 0xb0, 0xff, 0xff, 0xff, 0x48, 0x0,
    0x0, 0x0, 0x0, 0x0, 0x0, 0x0, 0x20, 0xff,
    0xff, 0xff, 0xc4, 0xaf, 0xff, 0xff, 0xff, 0x4b,
    0x0, 0x0, 0x0, 0x0, 0x0, 0x0, 0x0, 0x23,
    0xff, 0xff, 0xff, 0xc3, 0xa2, 0xff, 0xff, 0xff,
    0x6b, 0x0, 0x0, 0x0, 0x0, 0x0, 0x0, 0x0,
    0x44, 0xff, 0xff, 0xff, 0xb4, 0x7e, 0xff, 0xff,
    0xff, 0xd4, 0xb, 0x0, 0x0, 0x0, 0x0, 0x0,
    0x4, 0xb5, 0xff, 0xff, 0xff, 0x91, 0x32, 0xff,
    0xff, 0xff, 0xff, 0xe2, 0x98, 0x80, 0x80, 0x80,
    0x92, 0xd5, 0xff, 0xff, 0xff, 0xff, 0x46, 0x0,
    0xaf, 0xff, 0xff, 0xff, 0xff, 0xff, 0xff, 0xff,
    0xff, 0xff, 0xff, 0xff, 0xff, 0xff, 0xc2, 0x0,
    0x0, 0x10, 0xc3, 0xff, 0xff, 0xff, 0xff, 0xff,
    0xff, 0xff, 0xff, 0xff, 0xff, 0xff, 0xce, 0x18,
    0x0, 0x0, 0x0, 0x4, 0x61, 0xbb, 0xeb, 0xfd,
    0xff, 0xff, 0xff, 0xfe, 0xee, 0xc2, 0x6b, 0x7,
    0x0, 0x0,

    /* U+0031 "1" */
    0x0, 0x0, 0x0, 0x0, 0x59, 0xd7, 0xff, 0xff,
    0xf5, 0x1f, 0x0, 0x0, 0x26, 0xbc, 0xff, 0xff,
    0xff, 0xff, 0xff, 0x34, 0x8, 0x83, 0xf9, 0xff,
    0xff, 0xff, 0xff, 0xff, 0xff, 0x34, 0xb3, 0xff,
    0xff, 0xff, 0xff, 0xff, 0xff, 0xff, 0xff, 0x34,
    0xe0, 0xff, 0xff, 0xff, 0xab, 0xcc, 0xff, 0xff,
    0xff, 0x34, 0xe0, 0xff, 0xd6, 0x43, 0x0, 0xb8,
    0xff, 0xff, 0xff, 0x34, 0xba, 0x74, 0x5, 0x0,
    0x0, 0xb8, 0xff, 0xff, 0xff, 0x34, 0x0, 0x0,
    0x0, 0x0, 0x0, 0xb8, 0xff, 0xff, 0xff, 0x34,
    0x0, 0x0, 0x0, 0x0, 0x0, 0xb8, 0xff, 0xff,
    0xff, 0x34, 0x0, 0x0, 0x0, 0x0, 0x0, 0xb8,
    0xff, 0xff, 0xff, 0x34, 0x0, 0x0, 0x0, 0x0,
    0x0, 0xb8, 0xff, 0xff, 0xff, 0x34, 0x0, 0x0,
    0x0, 0x0, 0x0, 0xb8, 0xff, 0xff, 0xff, 0x34,
    0x0, 0x0, 0x0, 0x0, 0x0, 0xb8, 0xff, 0xff,
    0xff, 0x34, 0x0, 0x0, 0x0, 0x0, 0x0, 0xb8,
    0xff, 0xff, 0xff, 0x34, 0x0, 0x0, 0x0, 0x0,
    0x0, 0xb8, 0xff, 0xff, 0xff, 0x34, 0x0, 0x0,
    0x0, 0x0, 0x0, 0xb8, 0xff, 0xff, 0xff, 0x34,
    0x0, 0x0, 0x0, 0x0, 0x0, 0xb8, 0xff, 0xff,
    0xff, 0x34, 0x0, 0x0, 0x0, 0x0, 0x0, 0xb8,
    0xff, 0xff, 0xff, 0x34, 0x0, 0x0, 0x0, 0x0,
    0x0, 0xb8, 0xff, 0xff, 0xff, 0x34, 0x0, 0x0,
    0x0, 0x0, 0x0, 0xb8, 0xff, 0xff, 0xff, 0x34,
    0x0, 0x0, 0x0, 0x0, 0x0, 0xb8, 0xff, 0xff,
    0xff, 0x34, 0x0, 0x0, 0x0, 0x0, 0x0, 0xb8,
    0xff, 0xff, 0xff, 0x34, 0x0, 0x0, 0x0, 0x0,
    0x0, 0xb8, 0xff, 0xff, 0xff, 0x34, 0x0, 0x0,
    0x0, 0x0, 0x0, 0xb8, 0xff, 0xff, 0xff, 0x34,
    0x0, 0x0, 0x0, 0x0, 0x0, 0xb8, 0xff, 0xff,
    0xff, 0x34, 0x0, 0x0, 0x0, 0x0, 0x0, 0x9a,
    0xff, 0xff, 0xf7, 0x20,

    /* U+0032 "2" */
    0x0, 0x0, 0x0, 0x1e, 0x8d, 0xd3, 0xf3, 0xff,
    0xff, 0xff, 0xfa, 0xe6, 0xaf, 0x4b, 0x0, 0x0,
    0x0, 0x0, 0x0, 0x4b, 0xf3, 0xff, 0xff, 0xff,
    0xff, 0xff, 0xff, 0xff, 0xff, 0xff, 0xff, 0xa3,
    0x3, 0x0, 0x0, 0x24, 0xf4, 0xff, 0xff, 0xff,
    0xff, 0xff, 0xff, 0xff, 0xff, 0xff, 0xff, 0xff,
    0xff, 0x82, 0x0, 0x0, 0x9b, 0xff, 0xff, 0xff,
    0xf9, 0x9e, 0x74, 0x6c, 0x6d, 0x8a, 0xdd, 0xff,
    0xff, 0xff, 0xf4, 0xf, 0x0, 0xe5, 0xff, 0xff,
    0xff, 0x4c, 0x0, 0x0, 0x0, 0x0, 0x0, 0x7,
    0xd3, 0xff, 0xff, 0xff, 0x4d, 0x7, 0xff, 0xff,
    0xff, 0xf1, 0x0, 0x0, 0x0, 0x0, 0x0, 0x0,
    0x0, 0x6f, 0xff, 0xff, 0xff, 0x6e, 0x13, 0xff,
    0xff, 0xff, 0xd9, 0x0, 0x0, 0x0, 0x0, 0x0,
    0x0, 0x0, 0x51, 0xff, 0xff, 0xff, 0x7b, 0x12,
    0xff, 0xff, 0xff, 0xd6, 0x0, 0x0, 0x0, 0x0,
    0x0, 0x0, 0x0, 0x52, 0xff, 0xff, 0xff, 0x7b,
    0x0, 0x70, 0x84, 0x84, 0x51, 0x0, 0x0, 0x0,
    0x0, 0x0, 0x0, 0x0, 0x70, 0xff, 0xff, 0xff,
    0x6a, 0x0, 0x0, 0x0, 0x0, 0x0, 0x0, 0x0,
    0x0, 0x0, 0x0, 0x0, 0x2, 0xcc, 0xff, 0xff,
    0xff, 0x42, 0x0, 0x0, 0x0, 0x0, 0x0, 0x0,
    0x0, 0x0, 0x0, 0x0, 0x0, 0x85, 0xff, 0xff,
    0xff, 0xe8, 0x4, 0x0, 0x0, 0x0, 0x0, 0x0,
    0x0, 0x0, 0x0, 0x0, 0x4, 0x95, 0xff, 0xff,
    0xff, 0xff, 0x5d, 0x0, 0x0, 0x0, 0x0, 0x0,
    0x0, 0x0, 0x0, 0x0, 0x12, 0xbd, 0xff, 0xff,
    0xff, 0xff, 0x86, 0x0, 0x0, 0x0, 0x0, 0x0,
    0x0, 0x0, 0x0, 0x0, 0x2b, 0xdd, 0xff, 0xff,
    0xff, 0xfc, 0x6f, 0x0, 0x0, 0x0, 0x0, 0x0,
    0x0, 0x0, 0x0, 0x0, 0x4e, 0xf2, 0xff, 0xff,
    0xff, 0xef, 0x45, 0x0, 0x0, 0x0, 0x0, 0x0,
    0x0, 0x0, 0x0, 0x0, 0x7a, 0xfe, 0xff, 0xff,
    0xff, 0xd8, 0x25, 0x0, 0x0, 0x0, 0x0, 0x0,
    0x0, 0x0, 0x0, 0x9, 0xa7, 0xff, 0xff, 0xff,
    0xff, 0xb7, 0xf, 0x0, 0x0, 0x0, 0x0, 0x0,
    0x0, 0x0, 0x0, 0x14, 0xcc, 0xff, 0xff, 0xff,
    0xff, 0x8d, 0x3, 0x0, 0x0, 0x0, 0x0, 0x0,
    0x0, 0x0, 0x0, 0x6, 0xcf, 0xff, 0xff, 0xff,
    0xf8, 0x60, 0x0, 0x0, 0x0, 0x0, 0x0, 0x0,
    0x0, 0x0, 0x0, 0x0, 0x72, 0xff, 0xff, 0xff,
    0xf9, 0x40, 0x0, 0x0, 0x0, 0x0, 0x0, 0x0,
    0x0, 0x0, 0x0, 0x0, 0x0, 0xc7, 0xff, 0xff,
    0xff, 0x97, 0x0, 0x0, 0x0, 0x0, 0x0, 0x0,
    0x0, 0x0, 0x0, 0x0, 0x0, 0x0, 0xe6, 0xff,
    0xff, 0xff, 0x70, 0x0, 0x0, 0x0, 0x0, 0x0,
    0x0, 0x0, 0x0, 0x0, 0x0, 0x0, 0x0, 0xec,
    0xff, 0xff, 0xff, 0xc3, 0x94, 0x94, 0x94, 0x94,
    0x94, 0x94, 0x94, 0x94, 0x94, 0x92, 0x34, 0x0,
    0xec, 0xff, 0xff, 0xff, 0xff, 0xff, 0xff, 0xff,
    0xff, 0xff, 0xff, 0xff, 0xff, 0xff, 0xff, 0x8f,
    0x0, 0xec, 0xff, 0xff, 0xff, 0xff, 0xff, 0xff,
    0xff, 0xff, 0xff, 0xff, 0xff, 0xff, 0xff, 0xff,
    0x90, 0x0, 0xcc, 0xff, 0xff, 0xff, 0xff, 0xff,
    0xff, 0xff, 0xff, 0xff, 0xff, 0xff, 0xff, 0xff,
    0xfe, 0x70,

    /* U+0033 "3" */
    0x0, 0x0, 0x0, 0x24, 0x93, 0xd6, 0xf4, 0xff,
    0xff, 0xff, 0xfe, 0xee, 0xc6, 0x79, 0xf, 0x0,
    0x0, 0x0, 0x0, 0x5a, 0xf7, 0xff, 0xff, 0xff,
    0xff, 0xff, 0xff, 0xff, 0xff, 0xff, 0xff, 0xe1,
    0x2c, 0x0, 0x0, 0x34, 0xfa, 0xff, 0xff, 0xff,
    0xff, 0xff, 0xff, 0xff, 0xff, 0xff, 0xff, 0xff,
    0xff, 0xdf, 0x9, 0x0, 0xaf, 0xff, 0xff, 0xff,
    0xf7, 0x9b, 0x73, 0x6c, 0x6c, 0x7c, 0xb6, 0xff,
    0xff, 0xff, 0xff, 0x68, 0x2, 0xf3, 0xff, 0xff,
    0xff, 0x3e, 0x0, 0x0, 0x0, 0x0, 0x0, 0x0,
    0x80, 0xff, 0xff, 0xff, 0xae, 0x15, 0xff, 0xff,
    0xff, 0xe4, 0x0, 0x0, 0x0, 0x0, 0x0, 0x0,
    0x0, 0x1c, 0xff, 0xff, 0xff, 0xcd, 0x1f, 0xff,
    0xff, 0xff, 0xcc, 0x0, 0x0, 0x0, 0x0, 0x0,
    0x0, 0x0, 0x0, 0xff, 0xff, 0xff, 0xd7, 0xf,
    0xea, 0xf8, 0xf8, 0xa9, 0x0, 0x0, 0x0, 0x0,
    0x0, 0x0, 0x0, 0x0, 0xff, 0xff, 0xff, 0xd8,
    0x0, 0x0, 0x0, 0x0, 0x0, 0x0, 0x0, 0x0,
    0x0, 0x0, 0x0, 0x0, 0xc, 0xff, 0xff, 0xff,
    0xcd, 0x0, 0x0, 0x0, 0x0, 0x0, 0x0, 0x0,
    0x0, 0x0, 0x0, 0x0, 0x0, 0x48, 0xff, 0xff,
    0xff, 0xac, 0x0, 0x0, 0x0, 0x0, 0x0, 0x0,
    0x0, 0x0, 0x0, 0x0, 0xf, 0x4a, 0xe0, 0xff,
    0xff, 0xff, 0x4f, 0x0, 0x0, 0x0, 0x0, 0x0,
    0x0, 0x0, 0xb7, 0xff, 0xff, 0xff, 0xff, 0xff,
    0xff, 0xff, 0x94, 0x1, 0x0, 0x0, 0x0, 0x0,
    0x0, 0x0, 0x0, 0xd8, 0xff, 0xff, 0xff, 0xff,
    0xff, 0xf1, 0x4f, 0x0, 0x0, 0x0, 0x0, 0x0,
    0x0, 0x0, 0x0, 0x0, 0xd1, 0xff, 0xff, 0xff,
    0xff, 0xff, 0xff, 0xf2, 0x58, 0x0, 0x0, 0x0,
    0x0, 0x0, 0x0, 0x0, 0x0, 0x25, 0x48, 0x48,
    0x59, 0x99, 0xfd, 0xff, 0xff, 0xfd, 0x2e, 0x0,
    0x0, 0x0, 0x0, 0x0, 0x0, 0x0, 0x0, 0x0,
    0x0, 0x0, 0x0, 0x78, 0xff, 0xff, 0xff, 0x96,
    0x0, 0x0, 0x0, 0x0, 0x0, 0x0, 0x0, 0x0,
    0x0, 0x0, 0x0, 0x0, 0x1e, 0xff, 0xff, 0xff,
    0xc0, 0x1, 0x74, 0x84, 0x84, 0x4b, 0x0, 0x0,
    0x0, 0x0, 0x0, 0x0, 0x0, 0x1, 0xff, 0xff,
    0xff, 0xd6, 0x1d, 0xff, 0xff, 0xff, 0xc9, 0x0,
    0x0, 0x0, 0x0, 0x0, 0x0, 0x0, 0x0, 0xff,
    0xff, 0xff, 0xd8, 0x1f, 0xff, 0xff, 0xff, 0xce,
    0x0, 0x0, 0x0, 0x0, 0x0, 0x0, 0x0, 0x2,
    0xff, 0xff, 0xff, 0xd6, 0x11, 0xff, 0xff, 0xff,
    0xea, 0x0, 0x0, 0x0, 0x0, 0x0, 0x0, 0x0,
    0x21, 0xff, 0xff, 0xff, 0xc7, 0x1, 0xec, 0xff,
    0xff, 0xff, 0x4e, 0x0, 0x0, 0x0, 0x0, 0x0,
    0x0, 0x8d, 0xff, 0xff, 0xff, 0xa3, 0x0, 0xa1,
    0xff, 0xff, 0xff, 0xfa, 0x9f, 0x74, 0x6c, 0x6c,
    0x7c, 0xba, 0xff, 0xff, 0xff, 0xff, 0x58, 0x0,
    0x28, 0xf6, 0xff, 0xff, 0xff, 0xff, 0xff, 0xff,
    0xff, 0xff, 0xff, 0xff, 0xff, 0xff, 0xd2, 0x4,
    0x0, 0x0, 0x4e, 0xf4, 0xff, 0xff, 0xff, 0xff,
    0xff, 0xff, 0xff, 0xff, 0xff, 0xff, 0xd9, 0x22,
    0x0, 0x0, 0x0, 0x0, 0x20, 0x90, 0xd6, 0xf5,
    0xff, 0xff, 0xff, 0xfe, 0xef, 0xc5, 0x73, 0xb,
    0x0, 0x0,

    /* U+0034 "4" */
    0x0, 0x0, 0x0, 0x0, 0x0, 0x0, 0x0, 0x0,
    0x0, 0x7, 0xc6, 0xff, 0xff, 0xff, 0xfe, 0xac,
    0x0, 0x0, 0x0, 0x0, 0x0, 0x0, 0x0, 0x0,
    0x0, 0x0, 0x0, 0x0, 0x0, 0x79, 0xff, 0xff,
    0xff, 0xff, 0xff, 0xeb, 0x0, 0x0, 0x0, 0x0,
    0x0, 0x0, 0x0, 0x0, 0x0, 0x0, 0x0, 0x0,
    0x16, 0xf1, 0xff, 0xff, 0xff, 0xff, 0xff, 0xec,
    0x0, 0x0, 0x0, 0x0, 0x0, 0x0, 0x0, 0x0,
    0x0, 0x0, 0x0, 0x0, 0x97, 0xff, 0xff, 0xf8,
    0xdf, 0xff, 0xff, 0xec, 0x0, 0x0, 0x0, 0x0,
    0x0, 0x0, 0x0, 0x0, 0x0, 0x0, 0x0, 0x29,
    0xfc, 0xff, 0xff, 0x8a, 0xc4, 0xff, 0xff, 0xec,
    0x0, 0x0, 0x0, 0x0, 0x0, 0x0, 0x0, 0x0,
    0x0, 0x0, 0x0, 0xb4, 0xff, 0xff, 0xec, 0xf,
    0xc4, 0xff, 0xff, 0xec, 0x0, 0x0, 0x0, 0x0,
    0x0, 0x0, 0x0, 0x0, 0x0, 0x0, 0x43, 0xff,
    0xff, 0xff, 0x6e, 0x0, 0xc4, 0xff, 0xff, 0xec,
    0x0, 0x0, 0x0, 0x0, 0x0, 0x0, 0x0, 0x0,
    0x0, 0x2, 0xcf, 0xff, 0xff, 0xda, 0x5, 0x0,
    0xc4, 0xff, 0xff, 0xec, 0x0, 0x0, 0x0, 0x0,
    0x0, 0x0, 0x0, 0x0, 0x0, 0x61, 0xff, 0xff,
    0xff, 0x52, 0x0, 0x0, 0xc4, 0xff, 0xff, 0xec,
    0x0, 0x0, 0x0, 0x0, 0x0, 0x0, 0x0, 0x0,
    0xa, 0xe4, 0xff, 0xff, 0xc4, 0x0, 0x0, 0x0,
    0xc4, 0xff, 0xff, 0xec, 0x0, 0x0, 0x0, 0x0,
    0x0, 0x0, 0x0, 0x0, 0x7e, 0xff, 0xff, 0xff,
    0x37, 0x0, 0x0, 0x0, 0xc4, 0xff, 0xff, 0xec,
    0x0, 0x0, 0x0, 0x0, 0x0, 0x0, 0x0, 0x18,
    0xf3, 0xff, 0xff, 0xa8, 0x0, 0x0, 0x0, 0x0,
    0xc4, 0xff, 0xff, 0xec, 0x0, 0x0, 0x0, 0x0,
    0x0, 0x0, 0x0, 0x9c, 0xff, 0xff, 0xf9, 0x21,
    0x0, 0x0, 0x0, 0x0, 0xc4, 0xff, 0xff, 0xec,
    0x0, 0x0, 0x0, 0x0, 0x0, 0x0, 0x2d, 0xfc,
    0xff, 0xff, 0x8d, 0x0, 0x0, 0x0, 0x0, 0x0,
    0xc4, 0xff, 0xff, 0xec, 0x0, 0x0, 0x0, 0x0,
    0x0, 0x0, 0xb9, 0xff, 0xff, 0xed, 0x11, 0x0,
    0x0, 0x0, 0x0, 0x0, 0xc4, 0xff, 0xff, 0xec,
    0x0, 0x0, 0x0, 0x0, 0x0, 0x48, 0xff, 0xff,
    0xff, 0x71, 0x0, 0x0, 0x0, 0x0, 0x0, 0x0,
    0xc4, 0xff, 0xff, 0xec, 0x0, 0x0, 0x0, 0x0,
    0x3, 0xd3, 0xff, 0xff, 0xdd, 0x6, 0x0, 0x0,
    0x0, 0x0, 0x0, 0x0, 0xc4, 0xff, 0xff, 0xec,
    0x0, 0x0, 0x0, 0x0, 0x4b, 0xff, 0xff, 0xff,
    0xc4, 0x8c, 0x8c, 0x8c, 0x8c, 0x8c, 0x8c, 0x8c,
    0xe4, 0xff, 0xff, 0xf6, 0x8c, 0x8c, 0x8a, 0x2b,
    0x77, 0xff, 0xff, 0xff, 0xff, 0xff, 0xff, 0xff,
    0xff, 0xff, 0xff, 0xff, 0xff, 0xff, 0xff, 0xff,
    0xff, 0xff, 0xff, 0x82, 0x7b, 0xff, 0xff, 0xff,
    0xff, 0xff, 0xff, 0xff, 0xff, 0xff, 0xff, 0xff,
    0xff, 0xff, 0xff, 0xff, 0xff, 0xff, 0xff, 0x84,
    0x45, 0xf6, 0xff, 0xff, 0xff, 0xff, 0xff, 0xff,
    0xff, 0xff, 0xff, 0xff, 0xff, 0xff, 0xff, 0xff,
    0xff, 0xff, 0xfe, 0x63, 0x0, 0x0, 0x0, 0x0,
    0x0, 0x0, 0x0, 0x0, 0x0, 0x0, 0x0, 0x0,
    0xc4, 0xff, 0xff, 0xec, 0x0, 0x0, 0x0, 0x0,
    0x0, 0x0, 0x0, 0x0, 0x0, 0x0, 0x0, 0x0,
    0x0, 0x0, 0x0, 0x0, 0xc4, 0xff, 0xff, 0xec,
    0x0, 0x0, 0x0, 0x0, 0x0, 0x0, 0x0, 0x0,
    0x0, 0x0, 0x0, 0x0, 0x0, 0x0, 0x0, 0x0,
    0xc4, 0xff, 0xff, 0xec, 0x0, 0x0, 0x0, 0x0,
    0x0, 0x0, 0x0, 0x0, 0x0, 0x0, 0x0, 0x0,
    0x0, 0x0, 0x0, 0x0, 0xc4, 0xff, 0xff, 0xec,
    0x0, 0x0, 0x0, 0x0, 0x0, 0x0, 0x0, 0x0,
    0x0, 0x0, 0x0, 0x0, 0x0, 0x0, 0x0, 0x0,
    0xa5, 0xff, 0xff, 0xcf, 0x0, 0x0, 0x0, 0x0,

    /* U+0035 "5" */
    0x85, 0xff, 0xff, 0xff, 0xff, 0xff, 0xff, 0xff,
    0xff, 0xff, 0xff, 0xff, 0xff, 0xff, 0xf9, 0x36,
    0xa4, 0xff, 0xff, 0xff, 0xff, 0xff, 0xff, 0xff,
    0xff, 0xff, 0xff, 0xff, 0xff, 0xff, 0xff, 0x50,
    0xa4, 0xff, 0xff, 0xff, 0xff, 0xff, 0xff, 0xff,
    0xff, 0xff, 0xff, 0xff, 0xff, 0xff, 0xff, 0x50,
    0xa4, 0xff, 0xff, 0xff, 0xd2, 0xc0, 0xc0, 0xc0,
    0xc0, 0xc0, 0xc0, 0xc0, 0xc0, 0xc0, 0xb9, 0x22,
    0xa4, 0xff, 0xff, 0xff, 0x48, 0x0, 0x0, 0x0,
    0x0, 0x0, 0x0, 0x0, 0x0, 0x0, 0x0, 0x0,
    0xa4, 0xff, 0xff, 0xff, 0x48, 0x0, 0x0, 0x0,
    0x0, 0x0, 0x0, 0x0, 0x0, 0x0, 0x0, 0x0,
    0xa4, 0xff, 0xff, 0xff, 0x48, 0x0, 0x0, 0x0,
    0x0, 0x0, 0x0, 0x0, 0x0, 0x0, 0x0, 0x0,
    0xa4, 0xff, 0xff, 0xff, 0x48, 0x0, 0x0, 0x0,
    0x0, 0x0, 0x0, 0x0, 0x0, 0x0, 0x0, 0x0,
    0xa4, 0xff, 0xff, 0xff, 0x48, 0x0, 0x1b, 0x3a,
    0x40, 0x40, 0x36, 0x1a, 0x0, 0x0, 0x0, 0x0,
    0xa4, 0xff, 0xff, 0xff, 0x57, 0xb5, 0xff, 0xff,
    0xff, 0xff, 0xff, 0xff, 0xd8, 0x5e, 0x0, 0x0,
    0xa4, 0xff, 0xff, 0xff, 0xd8, 0xff, 0xff, 0xff,
    0xff, 0xff, 0xff, 0xff, 0xff, 0xff, 0x86, 0x0,
    0xa4, 0xff, 0xff, 0xff, 0xff, 0xff, 0xff, 0xff,
    0xff, 0xff, 0xff, 0xff, 0xff, 0xff, 0xff, 0x36,
    0xa4, 0xff, 0xff, 0xff, 0xe2, 0x3b, 0x4, 0x0,
    0x0, 0x10, 0x44, 0xd6, 0xff, 0xff, 0xff, 0x9a,
    0x6f, 0xdb, 0xdc, 0xd2, 0x3a, 0x0, 0x0, 0x0,
    0x0, 0x0, 0x0, 0x2f, 0xff, 0xff, 0xff, 0xcf,
    0x0, 0x0, 0x0, 0x0, 0x0, 0x0, 0x0, 0x0,
    0x0, 0x0, 0x0, 0x0, 0xf1, 0xff, 0xff, 0xe5,
    0x0, 0x0, 0x0, 0x0, 0x0, 0x0, 0x0, 0x0,
    0x0, 0x0, 0x0, 0x0, 0xe1, 0xff, 0xff, 0xec,
    0x0, 0x0, 0x0, 0x0, 0x0, 0x0, 0x0, 0x0,
    0x0, 0x0, 0x0, 0x0, 0xe0, 0xff, 0xff, 0xec,
    0x16, 0x30, 0x30, 0x1b, 0x0, 0x0, 0x0, 0x0,
    0x0, 0x0, 0x0, 0x0, 0xe0, 0xff, 0xff, 0xec,
    0xd4, 0xff, 0xff, 0xf3, 0x0, 0x0, 0x0, 0x0,
    0x0, 0x0, 0x0, 0x0, 0xe0, 0xff, 0xff, 0xec,
    0xde, 0xff, 0xff, 0xff, 0x2, 0x0, 0x0, 0x0,
    0x0, 0x0, 0x0, 0x0, 0xe3, 0xff, 0xff, 0xea,
    0xd1, 0xff, 0xff, 0xff, 0x20, 0x0, 0x0, 0x0,
    0x0, 0x0, 0x0, 0x6, 0xfc, 0xff, 0xff, 0xda,
    0xaa, 0xff, 0xff, 0xff, 0x8b, 0x0, 0x0, 0x0,
    0x0, 0x0, 0x0, 0x70, 0xff, 0xff, 0xff, 0xb4,
    0x5e, 0xff, 0xff, 0xff, 0xff, 0xb7, 0x7a, 0x6c,
    0x6c, 0x79, 0xaf, 0xff, 0xff, 0xff, 0xff, 0x67,
    0x6, 0xd7, 0xff, 0xff, 0xff, 0xff, 0xff, 0xff,
    0xff, 0xff, 0xff, 0xff, 0xff, 0xff, 0xd9, 0x8,
    0x0, 0x26, 0xde, 0xff, 0xff, 0xff, 0xff, 0xff,
    0xff, 0xff, 0xff, 0xff, 0xff, 0xdf, 0x28, 0x0,
    0x0, 0x0, 0xe, 0x79, 0xc9, 0xf0, 0xff, 0xff,
    0xff, 0xff, 0xf1, 0xca, 0x7a, 0xe, 0x0, 0x0,

    /* U+0036 "6" */
    0x0, 0x0, 0xc, 0x74, 0xc4, 0xee, 0xfe, 0xff,
    0xff, 0xff, 0xff, 0xff, 0xff, 0xff, 0xe8, 0x4,
    0x0, 0x0, 0x24, 0xda, 0xff, 0xff, 0xff, 0xff,
    0xff, 0xff, 0xff, 0xff, 0xff, 0xff, 0xff, 0xff,
    0xc, 0x0, 0x5, 0xd5, 0xff, 0xff, 0xff, 0xff,
    0xff, 0xff, 0xff, 0xff, 0xff, 0xff, 0xff, 0xff,
    0xff, 0xa, 0x0, 0x5d, 0xff, 0xff, 0xff, 0xff,
    0xcd, 0x90, 0x80, 0x80, 0x80, 0x80, 0x80, 0x80,
    0x80, 0x6a, 0x0, 0x0, 0xa7, 0xff, 0xff, 0xff,
    0x9f, 0x1, 0x0, 0x0, 0x0, 0x0, 0x0, 0x0,
    0x0, 0x0, 0x0, 0x0, 0x0, 0xca, 0xff, 0xff,
    0xff, 0x31, 0x0, 0x0, 0x0, 0x0, 0x0, 0x0,
    0x0, 0x0, 0x0, 0x0, 0x0, 0x0, 0xd7, 0xff,
    0xff, 0xff, 0x15, 0x0, 0x0, 0x0, 0x0, 0x0,
    0x0, 0x0, 0x0, 0x0, 0x0, 0x0, 0x0, 0xd8,
    0xff, 0xff, 0xff, 0x14, 0x0, 0x0, 0x0, 0x0,
    0x0, 0x0, 0x0, 0x0, 0x0, 0x0, 0x0, 0x0,
    0xd8, 0xff, 0xff, 0xff, 0x14, 0x0, 0x0, 0x0,
    0x0, 0x0, 0x0, 0x0, 0x0, 0x0, 0x0, 0x0,
    0x0, 0xd8, 0xff, 0xff, 0xff, 0x8a, 0x80, 0x80,
    0x80, 0x80, 0x80, 0x7a, 0x64, 0x2b, 0x0, 0x0,
    0x0, 0x0, 0xd8, 0xff, 0xff, 0xff, 0xff, 0xff,
    0xff, 0xff, 0xff, 0xff, 0xff, 0xff, 0xff, 0xc4,
    0x26, 0x0, 0x0, 0xd8, 0xff, 0xff, 0xff, 0xff,
    0xff, 0xff, 0xff, 0xff, 0xff, 0xff, 0xff, 0xff,
    0xff, 0xee, 0x24, 0x0, 0xd8, 0xff, 0xff, 0xff,
    0xff, 0xff, 0xff, 0xff, 0xff, 0xff, 0xff, 0xff,
    0xff, 0xff, 0xff, 0xbc, 0x0, 0xd8, 0xff, 0xff,
    0xff, 0x14, 0x0, 0x0, 0x0, 0x0, 0x2, 0x20,
    0x90, 0xff, 0xff, 0xff, 0xff, 0x23, 0xd8, 0xff,
    0xff, 0xff, 0x14, 0x0, 0x0, 0x0, 0x0, 0x0,
    0x0, 0x0, 0xc3, 0xff, 0xff, 0xff, 0x5b, 0xd8,
    0xff, 0xff, 0xff, 0x14, 0x0, 0x0, 0x0, 0x0,
    0x0, 0x0, 0x0, 0x84, 0xff, 0xff, 0xff, 0x73,
    0xd8, 0xff, 0xff, 0xff, 0x14, 0x0, 0x0, 0x0,
    0x0, 0x0, 0x0, 0x0, 0x70, 0xff, 0xff, 0xff,
    0x7c, 0xd8, 0xff, 0xff, 0xff, 0x14, 0x0, 0x0,
    0x0, 0x0, 0x0, 0x0, 0x0, 0x70, 0xff, 0xff,
    0xff, 0x7c, 0xd8, 0xff, 0xff, 0xff, 0x14, 0x0,
    0x0, 0x0, 0x0, 0x0, 0x0, 0x0, 0x70, 0xff,
    0xff, 0xff, 0x7c, 0xd7, 0xff, 0xff, 0xff, 0x19,
    0x0, 0x0, 0x0, 0x0, 0x0, 0x0, 0x0, 0x75,
    0xff, 0xff, 0xff, 0x7a, 0xca, 0xff, 0xff, 0xff,
    0x3b, 0x0, 0x0, 0x0, 0x0, 0x0, 0x0, 0x0,
    0x97, 0xff, 0xff, 0xff, 0x6a, 0xa6, 0xff, 0xff,
    0xff, 0xb0, 0x3, 0x0, 0x0, 0x0, 0x0, 0x0,
    0x1e, 0xf1, 0xff, 0xff, 0xff, 0x42, 0x5a, 0xff,
    0xff, 0xff, 0xff, 0xd3, 0x91, 0x80, 0x80, 0x81,
    0x9f, 0xf1, 0xff, 0xff, 0xff, 0xec, 0x9, 0x4,
    0xd3, 0xff, 0xff, 0xff, 0xff, 0xff, 0xff, 0xff,
    0xff, 0xff, 0xff, 0xff, 0xff, 0xff, 0x71, 0x0,
    0x0, 0x22, 0xd9, 0xff, 0xff, 0xff, 0xff, 0xff,
    0xff, 0xff, 0xff, 0xff, 0xff, 0xff, 0x96, 0x1,
    0x0, 0x0, 0x0, 0xb, 0x73, 0xc5, 0xef, 0xfe,
    0xff, 0xff, 0xff, 0xfa, 0xe4, 0xab, 0x44, 0x0,
    0x0, 0x0,

    /* U+0037 "7" */
    0x30, 0xf8, 0xff, 0xff, 0xff, 0xff, 0xff, 0xff,
    0xff, 0xff, 0xff, 0xff, 0xff, 0xff, 0xff, 0x8f,
    0x48, 0xff, 0xff, 0xff, 0xff, 0xff, 0xff, 0xff,
    0xff, 0xff, 0xff, 0xff, 0xff, 0xff, 0xff, 0xb0,
    0x47, 0xff, 0xff, 0xff, 0xff, 0xff, 0xff, 0xff,
    0xff, 0xff, 0xff, 0xff, 0xff, 0xff, 0xff, 0xb0,
    0x1a, 0xac, 0xb4, 0xb4, 0xb4, 0xb4, 0xb4, 0xb4,
    0xb4, 0xb4, 0xb4, 0xdf, 0xff, 0xff, 0xff, 0xa3,
    0x0, 0x0, 0x0, 0x0, 0x0, 0x0, 0x0, 0x0,
    0x0, 0x0, 0x0, 0xd5, 0xff, 0xff, 0xff, 0x5f,
    0x0, 0x0, 0x0, 0x0, 0x0, 0x0, 0x0, 0x0,
    0x0, 0x0, 0x3b, 0xff, 0xff, 0xff, 0xf2, 0xb,
    0x0, 0x0, 0x0, 0x0, 0x0, 0x0, 0x0, 0x0,
    0x0, 0x0, 0xa1, 0xff, 0xff, 0xff, 0x98, 0x0,
    0x0, 0x0, 0x0, 0x0, 0x0, 0x0, 0x0, 0x0,
    0x0, 0x10, 0xf6, 0xff, 0xff, 0xff, 0x33, 0x0,
    0x0, 0x0, 0x0, 0x0, 0x0, 0x0, 0x0, 0x0,
    0x0, 0x6d, 0xff, 0xff, 0xff, 0xce, 0x0, 0x0,
    0x0, 0x0, 0x0, 0x0, 0x0, 0x0, 0x0, 0x0,
    0x0, 0xd2, 0xff, 0xff, 0xff, 0x69, 0x0, 0x0,
    0x0, 0x0, 0x0, 0x0, 0x0, 0x0, 0x0, 0x0,
    0x38, 0xff, 0xff, 0xff, 0xf5, 0xf, 0x0, 0x0,
    0x0, 0x0, 0x0, 0x0, 0x0, 0x0, 0x0, 0x0,
    0x9e, 0xff, 0xff, 0xff, 0x9f, 0x0, 0x0, 0x0,
    0x0, 0x0, 0x0, 0x0, 0x0, 0x0, 0x0, 0xe,
    0xf4, 0xff, 0xff, 0xff, 0x3a, 0x0, 0x0, 0x0,
    0x0, 0x0, 0x0, 0x0, 0x0, 0x0, 0x0, 0x6a,
    0xff, 0xff, 0xff, 0xd5, 0x0, 0x0, 0x0, 0x0,
    0x0, 0x0, 0x0, 0x0, 0x0, 0x0, 0x0, 0xcf,
    0xff, 0xff, 0xff, 0x70, 0x0, 0x0, 0x0, 0x0,
    0x0, 0x0, 0x0, 0x0, 0x0, 0x0, 0x35, 0xff,
    0xff, 0xff, 0xf8, 0x13, 0x0, 0x0, 0x0, 0x0,
    0x0, 0x0, 0x0, 0x0, 0x0, 0x0, 0x9b, 0xff,
    0xff, 0xff, 0xa6, 0x0, 0x0, 0x0, 0x0, 0x0,
    0x0, 0x0, 0x0, 0x0, 0x0, 0xd, 0xf3, 0xff,
    0xff, 0xff, 0x41, 0x0, 0x0, 0x0, 0x0, 0x0,
    0x0, 0x0, 0x0, 0x0, 0x0, 0x67, 0xff, 0xff,
    0xff, 0xdb, 0x1, 0x0, 0x0, 0x0, 0x0, 0x0,
    0x0, 0x0, 0x0, 0x0, 0x0, 0xcd, 0xff, 0xff,
    0xff, 0x77, 0x0, 0x0, 0x0, 0x0, 0x0, 0x0,
    0x0, 0x0, 0x0, 0x0, 0x31, 0xff, 0xff, 0xff,
    0xfb, 0x17, 0x0, 0x0, 0x0, 0x0, 0x0, 0x0,
    0x0, 0x0, 0x0, 0x0, 0x98, 0xff, 0xff, 0xff,
    0xad, 0x0, 0x0, 0x0, 0x0, 0x0, 0x0, 0x0,
    0x0, 0x0, 0x0, 0xb, 0xf2, 0xff, 0xff, 0xff,
    0x48, 0x0, 0x0, 0x0, 0x0, 0x0, 0x0, 0x0,
    0x0, 0x0, 0x0, 0x64, 0xff, 0xff, 0xff, 0xe1,
    0x2, 0x0, 0x0, 0x0, 0x0, 0x0, 0x0, 0x0,
    0x0, 0x0, 0x0, 0xca, 0xff, 0xff, 0xff, 0x7e,
    0x0, 0x0, 0x0, 0x0, 0x0, 0x0, 0x0, 0x0,
    0x0, 0x0, 0x1e, 0xfe, 0xff, 0xff, 0xde, 0x18,
    0x0, 0x0, 0x0, 0x0, 0x0, 0x0, 0x0, 0x0,

    /* U+0038 "8" */
    0x0, 0x0, 0xb, 0x70, 0xc1, 0xed, 0xfd, 0xff,
    0xff, 0xff, 0xff, 0xf3, 0xd4, 0x92, 0x24, 0x0,
    0x0, 0x0, 0x21, 0xd9, 0xff, 0xff, 0xff, 0xff,
    0xff, 0xff, 0xff, 0xff, 0xff, 0xff, 0xff, 0xf7,
    0x58, 0x0, 0x2, 0xd1, 0xff, 0xff, 0xff, 0xff,
    0xff, 0xff, 0xff, 0xff, 0xff, 0xff, 0xff, 0xff,
    0xff, 0xf9, 0x2c, 0x4e, 0xff, 0xff, 0xff, 0xff,
    0xd2, 0x93, 0x80, 0x80, 0x80, 0x89, 0xb5, 0xfe,
    0xff, 0xff, 0xff, 0x9f, 0x8f, 0xff, 0xff, 0xff,
    0xaf, 0x2, 0x0, 0x0, 0x0, 0x0, 0x0, 0x0,
    0x61, 0xff, 0xff, 0xff, 0xdf, 0xa9, 0xff, 0xff,
    0xff, 0x4e, 0x0, 0x0, 0x0, 0x0, 0x0, 0x0,
    0x0, 0x2, 0xf8, 0xff, 0xff, 0xf8, 0xb0, 0xff,
    0xff, 0xff, 0x34, 0x0, 0x0, 0x0, 0x0, 0x0,
    0x0, 0x0, 0x0, 0xe1, 0xff, 0xff, 0xff, 0xaf,
    0xff, 0xff, 0xff, 0x34, 0x0, 0x0, 0x0, 0x0,
    0x0, 0x0, 0x0, 0x0, 0xe0, 0xff, 0xff, 0xff,
    0xa0, 0xff, 0xff, 0xff, 0x42, 0x0, 0x0, 0x0,
    0x0, 0x0, 0x0, 0x0, 0x0, 0xee, 0xff, 0xff,
    0xed, 0x7d, 0xff, 0xff, 0xff, 0x7d, 0x0, 0x0,
    0x0, 0x0, 0x0, 0x0, 0x0, 0x2a, 0xff, 0xff,
    0xff, 0xc8, 0x26, 0xfe, 0xff, 0xff, 0xf3, 0x61,
    0x14, 0x0, 0x0, 0x0, 0xa, 0x3c, 0xd1, 0xff,
    0xff, 0xff, 0x6c, 0x0, 0x7c, 0xff, 0xff, 0xff,
    0xff, 0xff, 0xff, 0xff, 0xff, 0xff, 0xff, 0xff,
    0xff, 0xff, 0xc4, 0x6, 0x0, 0x0, 0x61, 0xff,
    0xff, 0xff, 0xff, 0xff, 0xff, 0xff, 0xff, 0xff,
    0xff, 0xff, 0xb2, 0xb, 0x0, 0x0, 0x3d, 0xec,
    0xff, 0xff, 0xff, 0xff, 0xff, 0xff, 0xff, 0xff,
    0xff, 0xff, 0xff, 0xfe, 0x84, 0x0, 0xd, 0xea,
    0xff, 0xff, 0xff, 0x9d, 0x4b, 0x34, 0x34, 0x34,
    0x3f, 0x76, 0xf1, 0xff, 0xff, 0xff, 0x4b, 0x61,
    0xff, 0xff, 0xff, 0xa2, 0x0, 0x0, 0x0, 0x0,
    0x0, 0x0, 0x0, 0x50, 0xff, 0xff, 0xff, 0xb1,
    0x94, 0xff, 0xff, 0xff, 0x4f, 0x0, 0x0, 0x0,
    0x0, 0x0, 0x0, 0x0, 0x2, 0xf9, 0xff, 0xff,
    0xe3, 0xab, 0xff, 0xff, 0xff, 0x35, 0x0, 0x0,
    0x0, 0x0, 0x0, 0x0, 0x0, 0x0, 0xe1, 0xff,
    0xff, 0xfa, 0xb0, 0xff, 0xff, 0xff, 0x34, 0x0,
    0x0, 0x0, 0x0, 0x0, 0x0, 0x0, 0x0, 0xe0,
    0xff, 0xff, 0xff, 0xaf, 0xff, 0xff, 0xff, 0x37,
    0x0, 0x0, 0x0, 0x0, 0x0, 0x0, 0x0, 0x0,
    0xe3, 0xff, 0xff, 0xff, 0xa4, 0xff, 0xff, 0xff,
    0x53, 0x0, 0x0, 0x0, 0x0, 0x0, 0x0, 0x0,
    0x5, 0xfb, 0xff, 0xff, 0xf3, 0x85, 0xff, 0xff,
    0xff, 0xba, 0x4, 0x0, 0x0, 0x0, 0x0, 0x0,
    0x0, 0x6e, 0xff, 0xff, 0xff, 0xd4, 0x3f, 0xff,
    0xff, 0xff, 0xff, 0xd6, 0x93, 0x80, 0x80, 0x80,
    0x89, 0xb8, 0xff, 0xff, 0xff, 0xff, 0x90, 0x0,
    0xc2, 0xff, 0xff, 0xff, 0xff, 0xff, 0xff, 0xff,
    0xff, 0xff, 0xff, 0xff, 0xff, 0xff, 0xf4, 0x20,
    0x0, 0x19, 0xd1, 0xff, 0xff, 0xff, 0xff, 0xff,
    0xff, 0xff, 0xff, 0xff, 0xff, 0xff, 0xf3, 0x4b,
    0x0, 0x0, 0x0, 0x8, 0x6a, 0xbf, 0xec, 0xfd,
    0xff, 0xff, 0xff, 0xff, 0xf4, 0xd3, 0x8e, 0x1f,
    0x0, 0x0,

    /* U+0039 "9" */
    0x0, 0x0, 0x0, 0x1f, 0x8e, 0xd4, 0xf3, 0xff,
    0xff, 0xff, 0xff, 0xf6, 0xda, 0x9a, 0x2b, 0x0,
    0x0, 0x0, 0x0, 0x0, 0x4e, 0xf4, 0xff, 0xff,
    0xff, 0xff, 0xff, 0xff, 0xff, 0xff, 0xff, 0xff,
    0xfb, 0x67, 0x0, 0x0, 0x0, 0x28, 0xf6, 0xff,
    0xff, 0xff, 0xff, 0xff, 0xff, 0xff, 0xff, 0xff,
    0xff, 0xff, 0xff, 0xfd, 0x40, 0x0, 0x0, 0x9f,
    0xff, 0xff, 0xff, 0xff, 0xbc, 0x8a, 0x80, 0x80,
    0x85, 0xab, 0xfa, 0xff, 0xff, 0xff, 0xc0, 0x0,
    0x0, 0xe8, 0xff, 0xff, 0xff, 0x72, 0x0, 0x0,
    0x0, 0x0, 0x0, 0x0, 0x3b, 0xfd, 0xff, 0xff,
    0xfc, 0xd, 0x8, 0xff, 0xff, 0xff, 0xfb, 0x5,
    0x0, 0x0, 0x0, 0x0, 0x0, 0x0, 0x0, 0xc5,
    0xff, 0xff, 0xff, 0x2c, 0x13, 0xff, 0xff, 0xff,
    0xe2, 0x0, 0x0, 0x0, 0x0, 0x0, 0x0, 0x0,
    0x0, 0xa6, 0xff, 0xff, 0xff, 0x3b, 0x14, 0xff,
    0xff, 0xff, 0xe0, 0x0, 0x0, 0x0, 0x0, 0x0,
    0x0, 0x0, 0x0, 0xa4, 0xff, 0xff, 0xff, 0x3c,
    0x14, 0xff, 0xff, 0xff, 0xe0, 0x0, 0x0, 0x0,
    0x0, 0x0, 0x0, 0x0, 0x0, 0xa4, 0xff, 0xff,
    0xff, 0x3c, 0x13, 0xff, 0xff, 0xff, 0xe2, 0x0,
    0x0, 0x0, 0x0, 0x0, 0x0, 0x0, 0x0, 0xa4,
    0xff, 0xff, 0xff, 0x3c, 0x8, 0xff, 0xff, 0xff,
    0xfb, 0x5, 0x0, 0x0, 0x0, 0x0, 0x0, 0x0,
    0x0, 0xa4, 0xff, 0xff, 0xff, 0x3c, 0x0, 0xe8,
    0xff, 0xff, 0xff, 0x79, 0x0, 0x0, 0x0, 0x0,
    0x0, 0x0, 0x0, 0xa4, 0xff, 0xff, 0xff, 0x3c,
    0x0, 0xa0, 0xff, 0xff, 0xff, 0xff, 0xc7, 0x96,
    0x8c, 0x8c, 0x8c, 0x8c, 0x8c, 0xd6, 0xff, 0xff,
    0xff, 0x3c, 0x0, 0x28, 0xf6, 0xff, 0xff, 0xff,
    0xff, 0xff, 0xff, 0xff, 0xff, 0xff, 0xff, 0xff,
    0xff, 0xff, 0xff, 0x3c, 0x0, 0x0, 0x4f, 0xf4,
    0xff, 0xff, 0xff, 0xff, 0xff, 0xff, 0xff, 0xff,
    0xff, 0xff, 0xff, 0xff, 0xff, 0x3c, 0x0, 0x0,
    0x0, 0x20, 0x8f, 0xd5, 0xf5, 0xff, 0xff, 0xff,
    0xff, 0xff, 0xff, 0xff, 0xff, 0xff, 0xff, 0x3c,
    0x0, 0x0, 0x0, 0x0, 0x0, 0x0, 0x0, 0x0,
    0x0, 0x0, 0x0, 0x0, 0x0, 0xb0, 0xff, 0xff,
    0xff, 0x3c, 0x0, 0x0, 0x0, 0x0, 0x0, 0x0,
    0x0, 0x0, 0x0, 0x0, 0x0, 0x0, 0x0, 0xb0,
    0xff, 0xff, 0xff, 0x3c, 0x0, 0x0, 0x0, 0x0,
    0x0, 0x0, 0x0, 0x0, 0x0, 0x0, 0x0, 0x0,
    0x0, 0xb0, 0xff, 0xff, 0xff, 0x3c, 0x0, 0x0,
    0x0, 0x0, 0x0, 0x0, 0x0, 0x0, 0x0, 0x0,
    0x0, 0x0, 0x0, 0xb6, 0xff, 0xff, 0xff, 0x3b,
    0x0, 0x0, 0x0, 0x0, 0x0, 0x0, 0x0, 0x0,
    0x0, 0x0, 0x0, 0x0, 0x0, 0xd8, 0xff, 0xff,
    0xff, 0x2c, 0x0, 0x0, 0x0, 0x0, 0x0, 0x0,
    0x0, 0x0, 0x0, 0x0, 0x0, 0x0, 0x52, 0xff,
    0xff, 0xff, 0xfc, 0xd, 0x0, 0x0, 0x51, 0x80,
    0x80, 0x80, 0x80, 0x80, 0x80, 0x80, 0x85, 0xae,
    0xfd, 0xff, 0xff, 0xff, 0xbe, 0x0, 0x0, 0x0,
    0xde, 0xff, 0xff, 0xff, 0xff, 0xff, 0xff, 0xff,
    0xff, 0xff, 0xff, 0xff, 0xff, 0xfd, 0x3d, 0x0,
    0x0, 0x0, 0xe0, 0xff, 0xff, 0xff, 0xff, 0xff,
    0xff, 0xff, 0xff, 0xff, 0xff, 0xff, 0xfa, 0x64,
    0x0, 0x0, 0x0, 0x0, 0xbe, 0xff, 0xff, 0xff,
    0xff, 0xff, 0xff, 0xff, 0xff, 0xf7, 0xdb, 0x9a,
    0x2a, 0x0, 0x0, 0x0,

    /* U+003A ":" */
    0x4, 0xe8, 0xff, 0xff, 0xe4, 0xc, 0xff, 0xff,
    0xff, 0xff, 0xc, 0xff, 0xff, 0xff, 0xff, 0xc,
    0xff, 0xff, 0xff, 0xff, 0xc, 0xff, 0xff, 0xff,
    0xff, 0x8, 0xfe, 0xff, 0xff, 0xfc, 0x0, 0x4c,
    0x64, 0x64, 0x4a, 0x0, 0x0, 0x0, 0x0, 0x0,
    0x0, 0x0, 0x0, 0x0, 0x0, 0x0, 0x0, 0x0,
    0x0, 0x0, 0x0, 0x0, 0x0, 0x0, 0x0, 0x0,
    0x0, 0x0, 0x0, 0x0, 0x0, 0x0, 0x0, 0x0,
    0x0, 0x0, 0x0, 0x0, 0x0, 0x0, 0x0, 0x4b,
    0x60, 0x60, 0x48, 0x9, 0xff, 0xff, 0xff, 0xfc,
    0xc, 0xff, 0xff, 0xff, 0xff, 0xc, 0xff, 0xff,
    0xff, 0xff, 0xc, 0xff, 0xff, 0xff, 0xff, 0xc,
    0xff, 0xff, 0xff, 0xff, 0x4, 0xe7, 0xff, 0xff,
    0xe3,

    /* U+003B ";" */
    0x4, 0xe8, 0xff, 0xff, 0xe4, 0xc, 0xff, 0xff,
    0xff, 0xff, 0xc, 0xff, 0xff, 0xff, 0xff, 0xc,
    0xff, 0xff, 0xff, 0xff, 0xc, 0xff, 0xff, 0xff,
    0xff, 0x8, 0xfe, 0xff, 0xff, 0xfc, 0x0, 0x4c,
    0x64, 0x64, 0x4a, 0x0, 0x0, 0x0, 0x0, 0x0,
    0x0, 0x0, 0x0, 0x0, 0x0, 0x0, 0x0, 0x0,
    0x0, 0x0, 0x0, 0x0, 0x0, 0x0, 0x0, 0x0,
    0x0, 0x0, 0x0, 0x0, 0x0, 0x0, 0x0, 0x0,
    0x0, 0x0, 0x0, 0x0, 0x0, 0x0, 0x1, 0x9e,
    0xb4, 0xb4, 0x99, 0xc, 0xff, 0xff, 0xff, 0xff,
    0xc, 0xff, 0xff, 0xff, 0xff, 0xc, 0xff, 0xff,
    0xff, 0xff, 0xc, 0xff, 0xff, 0xff, 0xf0, 0xc,
    0xff, 0xff, 0xff, 0xb3, 0xc, 0xff, 0xff, 0xff,
    0x47, 0xc, 0xff, 0xff, 0xc5, 0x0, 0xc, 0xff,
    0xff, 0x3e, 0x0, 0xc, 0xff, 0xb7, 0x0, 0x0,
    0x4, 0xe5, 0x30, 0x0, 0x0,

    /* U+003C "<" */
    0x0, 0x0, 0x0, 0x0, 0x0, 0x0, 0x0, 0x0,
    0x0, 0x0, 0x0, 0x0, 0x0, 0x0, 0x0, 0x0,
    0x0, 0x0, 0x0, 0x0, 0x0, 0x0, 0x0, 0x0,
    0x0, 0x0, 0x0, 0x0, 0x0, 0x0, 0x0, 0x0,
    0x26, 0x80, 0xcb, 0xa, 0x0, 0x0, 0x0, 0x0,
    0x0, 0x0, 0x0, 0x0, 0x0, 0x0, 0x0, 0x18,
    0x70, 0xcb, 0xff, 0xff, 0xff, 0x14, 0x0, 0x0,
    0x0, 0x0, 0x0, 0x0, 0x0, 0x0, 0xe, 0x60,
    0xba, 0xfc, 0xff, 0xff, 0xff, 0xff, 0xff, 0x12,
    0x0, 0x0, 0x0, 0x0, 0x0, 0x6, 0x4f, 0xaa,
    0xf7, 0xff, 0xff, 0xff, 0xff, 0xff, 0xff, 0xf7,
    0xa1, 0x0, 0x0, 0x0, 0x1, 0x3f, 0x9a, 0xee,
    0xff, 0xff, 0xff, 0xff, 0xff, 0xff, 0xee, 0xa4,
    0x54, 0xb, 0x0, 0x0, 0x2, 0x7a, 0xe3, 0xff,
    0xff, 0xff, 0xff, 0xff, 0xff, 0xe2, 0x94, 0x44,
    0x4, 0x0, 0x0, 0x0, 0x0, 0x0, 0x37, 0xff,
    0xff, 0xff, 0xff, 0xff, 0xd4, 0x84, 0x34, 0x0,
    0x0, 0x0, 0x0, 0x0, 0x0, 0x0, 0x0, 0x0,
    0x48, 0xff, 0xff, 0xff, 0xa9, 0x25, 0x0, 0x0,
    0x0, 0x0, 0x0, 0x0, 0x0, 0x0, 0x0, 0x0,
    0x0, 0x0, 0x40, 0xff, 0xff, 0xff, 0xff, 0xe4,
    0x96, 0x46, 0x6, 0x0, 0x0, 0x0, 0x0, 0x0,
    0x0, 0x0, 0x0, 0x0, 0xa, 0xb7, 0xff, 0xff,
    0xff, 0xff, 0xff, 0xff, 0xf1, 0xa8, 0x59, 0xf,
    0x0, 0x0, 0x0, 0x0, 0x0, 0x0, 0x0, 0x0,
    0x21, 0x7b, 0xd5, 0xff, 0xff, 0xff, 0xff, 0xff,
    0xff, 0xfa, 0xbb, 0x6c, 0x1d, 0x0, 0x0, 0x0,
    0x0, 0x0, 0x0, 0x0, 0x0, 0x30, 0x8a, 0xe2,
    0xff, 0xff, 0xff, 0xff, 0xff, 0xff, 0xff, 0xcd,
    0x6d, 0x0, 0x0, 0x0, 0x0, 0x0, 0x0, 0x0,
    0x0, 0x1, 0x3e, 0x99, 0xed, 0xff, 0xff, 0xff,
    0xff, 0xff, 0xff, 0xe, 0x0, 0x0, 0x0, 0x0,
    0x0, 0x0, 0x0, 0x0, 0x0, 0x0, 0x5, 0x4d,
    0xa7, 0xf5, 0xff, 0xff, 0xff, 0x14, 0x0, 0x0,
    0x0, 0x0, 0x0, 0x0, 0x0, 0x0, 0x0, 0x0,
    0x0, 0x0, 0x0, 0xc, 0x5c, 0xb6, 0xf9, 0xe,
    0x0, 0x0, 0x0, 0x0, 0x0, 0x0, 0x0, 0x0,
    0x0, 0x0, 0x0, 0x0, 0x0, 0x0, 0x0, 0x0,
    0x6, 0x0,

    /* U+003D "=" */
    0x13, 0xf5, 0xff, 0xff, 0xff, 0xff, 0xff, 0xff,
    0xff, 0xff, 0xff, 0xff, 0xff, 0xff, 0xff, 0xff,
    0xf5, 0x22, 0x20, 0xff, 0xff, 0xff, 0xff, 0xff,
    0xff, 0xff, 0xff, 0xff, 0xff, 0xff, 0xff, 0xff,
    0xff, 0xff, 0xff, 0x3c, 0x1b, 0xff, 0xff, 0xff,
    0xff, 0xff, 0xff, 0xff, 0xff, 0xff, 0xff, 0xff,
    0xff, 0xff, 0xff, 0xff, 0xff, 0x30, 0x0, 0x36,
    0x40, 0x40, 0x40, 0x40, 0x40, 0x40, 0x40, 0x40,
    0x40, 0x40, 0x40, 0x40, 0x40, 0x40, 0x35, 0x1,
    0x0, 0x0, 0x0, 0x0, 0x0, 0x0, 0x0, 0x0,
    0x0, 0x0, 0x0, 0x0, 0x0, 0x0, 0x0, 0x0,
    0x0, 0x0, 0x0, 0x0, 0x0, 0x0, 0x0, 0x0,
    0x0, 0x0, 0x0, 0x0, 0x0, 0x0, 0x0, 0x0,
    0x0, 0x0, 0x0, 0x0, 0x0, 0x0, 0x0, 0x0,
    0x0, 0x0, 0x0, 0x0, 0x0, 0x0, 0x0, 0x0,
    0x0, 0x0, 0x0, 0x0, 0x0, 0x0, 0x0, 0x39,
    0x4c, 0x4c, 0x4c, 0x4c, 0x4c, 0x4c, 0x4c, 0x4c,
    0x4c, 0x4c, 0x4c, 0x4c, 0x4c, 0x4c, 0x41, 0x1,
    0x16, 0xff, 0xff, 0xff, 0xff, 0xff, 0xff, 0xff,
    0xff, 0xff, 0xff, 0xff, 0xff, 0xff, 0xff, 0xff,
    0xff, 0x32, 0x20, 0xff, 0xff, 0xff, 0xff, 0xff,
    0xff, 0xff, 0xff, 0xff, 0xff, 0xff, 0xff, 0xff,
    0xff, 0xff, 0xff, 0x3c, 0xc, 0xeb, 0xff, 0xff,
    0xff, 0xff, 0xff, 0xff, 0xff, 0xff, 0xff, 0xff,
    0xff, 0xff, 0xff, 0xff, 0xf4, 0x21,

    /* U+003E ">" */
    0x0, 0x0, 0x0, 0x0, 0x0, 0x0, 0x0, 0x0,
    0x0, 0x0, 0x0, 0x0, 0x0, 0x0, 0x0, 0x0,
    0x0, 0x0, 0x12, 0xcb, 0x7d, 0x23, 0x0, 0x0,
    0x0, 0x0, 0x0, 0x0, 0x0, 0x0, 0x0, 0x0,
    0x0, 0x0, 0x0, 0x0, 0x20, 0xff, 0xff, 0xff,
    0xc8, 0x6d, 0x16, 0x0, 0x0, 0x0, 0x0, 0x0,
    0x0, 0x0, 0x0, 0x0, 0x0, 0x0, 0x1e, 0xff,
    0xff, 0xff, 0xff, 0xff, 0xfc, 0xb8, 0x5d, 0xc,
    0x0, 0x0, 0x0, 0x0, 0x0, 0x0, 0x0, 0x0,
    0x2, 0xa9, 0xf9, 0xff, 0xff, 0xff, 0xff, 0xff,
    0xff, 0xf5, 0xa7, 0x4c, 0x5, 0x0, 0x0, 0x0,
    0x0, 0x0, 0x0, 0x0, 0xe, 0x58, 0xa8, 0xf2,
    0xff, 0xff, 0xff, 0xff, 0xff, 0xff, 0xec, 0x97,
    0x3c, 0x1, 0x0, 0x0, 0x0, 0x0, 0x0, 0x0,
    0x0, 0x6, 0x49, 0x99, 0xe7, 0xff, 0xff, 0xff,
    0xff, 0xff, 0xff, 0xe0, 0x75, 0x1, 0x0, 0x0,
    0x0, 0x0, 0x0, 0x0, 0x0, 0x0, 0x2, 0x3a,
    0x8b, 0xdb, 0xff, 0xff, 0xff, 0xff, 0xff, 0x2b,
    0x0, 0x0, 0x0, 0x0, 0x0, 0x0, 0x0, 0x0,
    0x0, 0x0, 0x0, 0x0, 0x2e, 0xb7, 0xff, 0xff,
    0xff, 0x3c, 0x0, 0x0, 0x0, 0x0, 0x0, 0x0,
    0x0, 0x0, 0x0, 0x8, 0x4d, 0x9c, 0xe9, 0xff,
    0xff, 0xff, 0xff, 0x34, 0x0, 0x0, 0x0, 0x0,
    0x0, 0x0, 0x13, 0x5f, 0xae, 0xf5, 0xff, 0xff,
    0xff, 0xff, 0xff, 0xfe, 0xb2, 0x6, 0x0, 0x0,
    0x0, 0x21, 0x70, 0xc0, 0xfc, 0xff, 0xff, 0xff,
    0xff, 0xff, 0xff, 0xd3, 0x78, 0x1f, 0x0, 0x0,
    0x0, 0x75, 0xd1, 0xff, 0xff, 0xff, 0xff, 0xff,
    0xff, 0xff, 0xdf, 0x87, 0x2c, 0x0, 0x0, 0x0,
    0x0, 0x0, 0x19, 0xff, 0xff, 0xff, 0xff, 0xff,
    0xff, 0xeb, 0x96, 0x3c, 0x1, 0x0, 0x0, 0x0,
    0x0, 0x0, 0x0, 0x0, 0x20, 0xff, 0xff, 0xff,
    0xf4, 0xa4, 0x4a, 0x4, 0x0, 0x0, 0x0, 0x0,
    0x0, 0x0, 0x0, 0x0, 0x0, 0x0, 0x19, 0xf9,
    0xb3, 0x59, 0xa, 0x0, 0x0, 0x0, 0x0, 0x0,
    0x0, 0x0, 0x0, 0x0, 0x0, 0x0, 0x0, 0x0,
    0x0, 0x6, 0x0, 0x0, 0x0, 0x0, 0x0, 0x0,
    0x0, 0x0, 0x0, 0x0, 0x0, 0x0, 0x0, 0x0,
    0x0, 0x0,

    /* U+003F "?" */
    0x0, 0x0, 0x15, 0x83, 0xce, 0xf1, 0xff, 0xff,
    0xfd, 0xec, 0xbd, 0x66, 0x6, 0x0, 0x0, 0x0,
    0x38, 0xea, 0xff, 0xff, 0xff, 0xff, 0xff, 0xff,
    0xff, 0xff, 0xff, 0xc9, 0x14, 0x0, 0x13, 0xe9,
    0xff, 0xff, 0xff, 0xff, 0xff, 0xff, 0xff, 0xff,
    0xff, 0xff, 0xff, 0xb8, 0x0, 0x7d, 0xff, 0xff,
    0xff, 0xfd, 0xa6, 0x73, 0x68, 0x7f, 0xc6, 0xff,
    0xff, 0xff, 0xff, 0x39, 0xc5, 0xff, 0xff, 0xff,
    0x6b, 0x0, 0x0, 0x0, 0x0, 0x0, 0xa6, 0xff,
    0xff, 0xff, 0x81, 0xe7, 0xff, 0xff, 0xff, 0xe,
    0x0, 0x0, 0x0, 0x0, 0x0, 0x3e, 0xff, 0xff,
    0xff, 0xa2, 0xf3, 0xff, 0xff, 0xf5, 0x0, 0x0,
    0x0, 0x0, 0x0, 0x0, 0x22, 0xff, 0xff, 0xff,
    0xaf, 0xe8, 0xff, 0xff, 0xe7, 0x0, 0x0, 0x0,
    0x0, 0x0, 0x0, 0x3e, 0xff, 0xff, 0xff, 0xa0,
    0x19, 0x30, 0x30, 0x18, 0x0, 0x0, 0x0, 0x0,
    0x0, 0x2, 0xb7, 0xff, 0xff, 0xff, 0x63, 0x0,
    0x0, 0x0, 0x0, 0x0, 0x0, 0x0, 0x0, 0x9,
    0xac, 0xff, 0xff, 0xff, 0xd5, 0x6, 0x0, 0x0,
    0x0, 0x0, 0x0, 0x0, 0x0, 0x1a, 0xcc, 0xff,
    0xff, 0xff, 0xdd, 0x1f, 0x0, 0x0, 0x0, 0x0,
    0x0, 0x0, 0x0, 0x23, 0xe1, 0xff, 0xff, 0xff,
    0xbd, 0x13, 0x0, 0x0, 0x0, 0x0, 0x0, 0x0,
    0x0, 0x6, 0xd5, 0xff, 0xff, 0xff, 0x95, 0x4,
    0x0, 0x0, 0x0, 0x0, 0x0, 0x0, 0x0, 0x0,
    0x4d, 0xff, 0xff, 0xff, 0xa6, 0x0, 0x0, 0x0,
    0x0, 0x0, 0x0, 0x0, 0x0, 0x0, 0x0, 0x77,
    0xff, 0xff, 0xff, 0x49, 0x0, 0x0, 0x0, 0x0,
    0x0, 0x0, 0x0, 0x0, 0x0, 0x0, 0x83, 0xff,
    0xff, 0xff, 0x3c, 0x0, 0x0, 0x0, 0x0, 0x0,
    0x0, 0x0, 0x0, 0x0, 0x0, 0x63, 0xf6, 0xf8,
    0xee, 0x24, 0x0, 0x0, 0x0, 0x0, 0x0, 0x0,
    0x0, 0x0, 0x0, 0x0, 0x0, 0x0, 0x0, 0x0,
    0x0, 0x0, 0x0, 0x0, 0x0, 0x0, 0x0, 0x0,
    0x0, 0x0, 0x0, 0x0, 0x0, 0x0, 0x0, 0x0,
    0x0, 0x0, 0x0, 0x0, 0x0, 0x0, 0x0, 0x0,
    0x0, 0x0, 0x30, 0x60, 0x60, 0x5a, 0x8, 0x0,
    0x0, 0x0, 0x0, 0x0, 0x0, 0x0, 0x0, 0x0,
    0x0, 0xc0, 0xff, 0xff, 0xff, 0x44, 0x0, 0x0,
    0x0, 0x0, 0x0, 0x0, 0x0, 0x0, 0x0, 0x0,
    0xc4, 0xff, 0xff, 0xff, 0x48, 0x0, 0x0, 0x0,
    0x0, 0x0, 0x0, 0x0, 0x0, 0x0, 0x0, 0xc4,
    0xff, 0xff, 0xff, 0x48, 0x0, 0x0, 0x0, 0x0,
    0x0, 0x0, 0x0, 0x0, 0x0, 0x0, 0xc4, 0xff,
    0xff, 0xff, 0x48, 0x0, 0x0, 0x0, 0x0, 0x0,
    0x0, 0x0, 0x0, 0x0, 0x0, 0xc4, 0xff, 0xff,
    0xff, 0x48, 0x0, 0x0, 0x0, 0x0, 0x0, 0x0,
    0x0, 0x0, 0x0, 0x0, 0xa3, 0xff, 0xff, 0xfa,
    0x31, 0x0, 0x0, 0x0, 0x0, 0x0,

    /* U+0040 "@" */
    0x0, 0x0, 0x0, 0x0, 0x0, 0x0, 0x3b, 0x91,
    0xd2, 0xec, 0xfe, 0xff, 0xff, 0xff, 0xff, 0xff,
    0xff, 0xff, 0xfb, 0xe7, 0xb6, 0x61, 0x5, 0x0,
    0x0, 0x0, 0x0, 0x0, 0x0, 0x0, 0x20, 0xb6,
    0xff, 0xff, 0xff, 0xff, 0xff, 0xff, 0xff, 0xff,
    0xff, 0xff, 0xff, 0xff, 0xff, 0xff, 0xff, 0xff,
    0xd4, 0x27, 0x0, 0x0, 0x0, 0x0, 0x0, 0x38,
    0xe9, 0xff, 0xff, 0xf1, 0xaf, 0x86, 0x72, 0x70,
    0x70, 0x70, 0x70, 0x70, 0x70, 0x70, 0x77, 0x98,
    0xe4, 0xff, 0xff, 0xe7, 0x1e, 0x0, 0x0, 0x0,
    0x23, 0xee, 0xff, 0xf8, 0x78, 0xa, 0x0, 0x0,
    0x0, 0x0, 0x0, 0x0, 0x0, 0x0, 0x0, 0x0,
    0x0, 0x0, 0x5, 0x81, 0xff, 0xff, 0xb3, 0x0,
    0x0, 0x1, 0xcd, 0xff, 0xf3, 0x3a, 0x0, 0x0,
    0x0, 0x0, 0x0, 0x0, 0x0, 0x0, 0x0, 0x0,
    0x0, 0x0, 0x0, 0x0, 0x0, 0x0, 0x93, 0xff,
    0xff, 0x23, 0x0, 0x56, 0xff, 0xff, 0x59, 0x0,
    0x0, 0x0, 0x0, 0x0, 0x0, 0xa, 0x17, 0x18,
    0x18, 0x18, 0x18, 0x18, 0x11, 0x0, 0x0, 0x0,
    0x1c, 0xff, 0xff, 0x63, 0x0, 0xbd, 0xff, 0xcc,
    0x0, 0x0, 0x0, 0x0, 0xe, 0x86, 0xe0, 0xff,
    0xff, 0xff, 0xff, 0xff, 0xff, 0xff, 0xff, 0x37,
    0x0, 0x0, 0x0, 0xec, 0xff, 0x7c, 0xa, 0xf8,
    0xff, 0x6f, 0x0, 0x0, 0x0, 0x18, 0xd7, 0xff,
    0xff, 0xff, 0xff, 0xff, 0xff, 0xff, 0xff, 0xff,
    0xff, 0x48, 0x0, 0x0, 0x0, 0xe0, 0xff, 0x84,
    0x2f, 0xff, 0xff, 0x33, 0x0, 0x0, 0x0, 0xb6,
    0xff, 0xff, 0xff, 0xff, 0xff, 0xff, 0xff, 0xff,
    0xff, 0xff, 0xff, 0x48, 0x0, 0x0, 0x0, 0xe0,
    0xff, 0x84, 0x45, 0xff, 0xff, 0x19, 0x0, 0x0,
    0x2c, 0xff, 0xff, 0xff, 0xcc, 0x3a, 0x9, 0x0,
    0x0, 0x5, 0xf2, 0xff, 0xff, 0x48, 0x0, 0x0,
    0x0, 0xe0, 0xff, 0x84, 0x50, 0xff, 0xff, 0xc,
    0x0, 0x0, 0x6f, 0xff, 0xff, 0xff, 0x22, 0x0,
    0x0, 0x0, 0x0, 0x0, 0xec, 0xff, 0xff, 0x48,
    0x0, 0x0, 0x0, 0xe0, 0xff, 0x84, 0x50, 0xff,
    0xff, 0xc, 0x0, 0x0, 0x8d, 0xff, 0xff, 0xe6,
    0x0, 0x0, 0x0, 0x0, 0x0, 0x0, 0xec, 0xff,
    0xff, 0x48, 0x0, 0x0, 0x0, 0xe0, 0xff, 0x84,
    0x50, 0xff, 0xff, 0xc, 0x0, 0x0, 0x97, 0xff,
    0xff, 0xd8, 0x0, 0x0, 0x0, 0x0, 0x0, 0x0,
    0xec, 0xff, 0xff, 0x48, 0x0, 0x0, 0x0, 0xe0,
    0xff, 0x84, 0x50, 0xff, 0xff, 0xc, 0x0, 0x0,
    0x98, 0xff, 0xff, 0xd8, 0x0, 0x0, 0x0, 0x0,
    0x0, 0x0, 0xec, 0xff, 0xff, 0x48, 0x0, 0x0,
    0x0, 0xe0, 0xff, 0x84, 0x50, 0xff, 0xff, 0xc,
    0x0, 0x0, 0x98, 0xff, 0xff, 0xd8, 0x0, 0x0,
    0x0, 0x0, 0x0, 0x0, 0xee, 0xff, 0xff, 0x48,
    0x0, 0x0, 0x0, 0xe0, 0xff, 0x84, 0x50, 0xff,
    0xff, 0xc, 0x0, 0x0, 0x8f, 0xff, 0xff, 0xe8,
    0x0, 0x0, 0x0, 0x0, 0x0, 0xd, 0xff, 0xff,
    0xff, 0x48, 0x0, 0x0, 0x0, 0xe8, 0xff, 0x82,
    0x50, 0xff, 0xff, 0xc, 0x0, 0x0, 0x75, 0xff,
    0xff, 0xff, 0x29, 0x0, 0x0, 0x0, 0x0, 0x64,
    0xff, 0xff, 0xff, 0x48, 0x0, 0x0, 0xe, 0xff,
    0xff, 0x70, 0x47, 0xff, 0xff, 0x1a, 0x0, 0x0,
    0x35, 0xff, 0xff, 0xff, 0xd7, 0x4c, 0x1e, 0x2d,
    0x75, 0xf4, 0xff, 0xff, 0xff, 0x48, 0x0, 0x0,
    0x8e, 0xff, 0xff, 0x37, 0x32, 0xff, 0xff, 0x35,
    0x0, 0x0, 0x0, 0xc1, 0xff, 0xff, 0xff, 0xff,
    0xff, 0xff, 0xff, 0xf4, 0xfa, 0xff, 0xff, 0xb1,
    0x8a, 0xc7, 0xff, 0xff, 0xc4, 0x0, 0x11, 0xfd,
    0xff, 0x74, 0x0, 0x0, 0x0, 0x1e, 0xdc, 0xff,
    0xff, 0xff, 0xff, 0xff, 0xff, 0x6b, 0xda, 0xff,
    0xff, 0xff, 0xff, 0xff, 0xff, 0xdd, 0x1d, 0x0,
    0x0, 0xc7, 0xff, 0xd5, 0x2, 0x0, 0x0, 0x0,
    0x10, 0x85, 0xd7, 0xf8, 0xf0, 0xc3, 0x54, 0x0,
    0x49, 0xdc, 0xfe, 0xff, 0xf8, 0xd7, 0x84, 0x10,
    0x0, 0x0, 0x0, 0x66, 0xff, 0xff, 0x6a, 0x0,
    0x0, 0x0, 0x0, 0x0, 0x0, 0x0, 0x0, 0x0,
    0x0, 0x0, 0x0, 0x0, 0x0, 0x0, 0x0, 0x0,
    0x0, 0x0, 0x0, 0x0, 0x0, 0x4, 0xd8, 0xff,
    0xfa, 0x4f, 0x0, 0x0, 0x0, 0x0, 0x0, 0x0,
    0x0, 0x0, 0x0, 0x0, 0x0, 0x0, 0x0, 0x0,
    0x0, 0x0, 0x0, 0x0, 0x0, 0x0, 0x0, 0x0,
    0x2c, 0xf0, 0xff, 0xfe, 0x8f, 0x16, 0x0, 0x0,
    0x0, 0x0, 0x0, 0x0, 0x0, 0x0, 0x0, 0x0,
    0x0, 0x0, 0x0, 0x0, 0x0, 0x0, 0x0, 0x0,
    0x0, 0x0, 0x0, 0x3b, 0xe8, 0xff, 0xff, 0xf8,
    0xbc, 0x89, 0x75, 0x70, 0x70, 0x70, 0x70, 0x70,
    0x70, 0x70, 0x30, 0x0, 0x0, 0x0, 0x0, 0x0,
    0x0, 0x0, 0x0, 0x0, 0x0, 0x0, 0x19, 0xa9,
    0xfd, 0xff, 0xff, 0xff, 0xff, 0xff, 0xff, 0xff,
    0xff, 0xff, 0xff, 0xff, 0xac, 0x0, 0x0, 0x0,
    0x0, 0x0, 0x0, 0x0, 0x0, 0x0, 0x0, 0x0,
    0x0, 0x0, 0x29, 0x80, 0xc3, 0xe5, 0xf9, 0xff,
    0xff, 0xff, 0xff, 0xff, 0xff, 0xff, 0x91, 0x0,
    0x0, 0x0, 0x0, 0x0, 0x0, 0x0,

    /* U+0041 "A" */
    0x0, 0x0, 0x0, 0x0, 0x0, 0x0, 0x0, 0x3,
    0xcd, 0xff, 0xff, 0xff, 0xff, 0xbd, 0x0, 0x0,
    0x0, 0x0, 0x0, 0x0, 0x0, 0x0, 0x0, 0x0,
    0x0, 0x0, 0x0, 0x0, 0x0, 0x3b, 0xff, 0xff,
    0xff, 0xff, 0xff, 0xff, 0x26, 0x0, 0x0, 0x0,
    0x0, 0x0, 0x0, 0x0, 0x0, 0x0, 0x0, 0x0,
    0x0, 0x0, 0x0, 0x83, 0xff, 0xff, 0xff, 0xff,
    0xff, 0xff, 0x6e, 0x0, 0x0, 0x0, 0x0, 0x0,
    0x0, 0x0, 0x0, 0x0, 0x0, 0x0, 0x0, 0x0,
    0x0, 0xcc, 0xff, 0xff, 0xe9, 0xf2, 0xff, 0xff,
    0xb7, 0x0, 0x0, 0x0, 0x0, 0x0, 0x0, 0x0,
    0x0, 0x0, 0x0, 0x0, 0x0, 0x0, 0x15, 0xfe,
    0xff, 0xff, 0x9d, 0xb1, 0xff, 0xff, 0xf6, 0x8,
    0x0, 0x0, 0x0, 0x0, 0x0, 0x0, 0x0, 0x0,
    0x0, 0x0, 0x0, 0x0, 0x5c, 0xff, 0xff, 0xff,
    0x59, 0x6c, 0xff, 0xff, 0xff, 0x47, 0x0, 0x0,
    0x0, 0x0, 0x0, 0x0, 0x0, 0x0, 0x0, 0x0,
    0x0, 0x0, 0xa5, 0xff, 0xff, 0xfe, 0x16, 0x27,
    0xff, 0xff, 0xff, 0x90, 0x0, 0x0, 0x0, 0x0,
    0x0, 0x0, 0x0, 0x0, 0x0, 0x0, 0x0, 0x1,
    0xea, 0xff, 0xff, 0xd0, 0x0, 0x0, 0xe2, 0xff,
    0xff, 0xd8, 0x0, 0x0, 0x0, 0x0, 0x0, 0x0,
    0x0, 0x0, 0x0, 0x0, 0x0, 0x35, 0xff, 0xff,
    0xff, 0x8c, 0x0, 0x0, 0x9e, 0xff, 0xff, 0xff,
    0x20, 0x0, 0x0, 0x0, 0x0, 0x0, 0x0, 0x0,
    0x0, 0x0, 0x0, 0x7d, 0xff, 0xff, 0xff, 0x48,
    0x0, 0x0, 0x59, 0xff, 0xff, 0xff, 0x68, 0x0,
    0x0, 0x0, 0x0, 0x0, 0x0, 0x0, 0x0, 0x0,
    0x0, 0xc6, 0xff, 0xff, 0xf9, 0xa, 0x0, 0x0,
    0x15, 0xfe, 0xff, 0xff, 0xb1, 0x0, 0x0, 0x0,
    0x0, 0x0, 0x0, 0x0, 0x0, 0x0, 0x11, 0xfc,
    0xff, 0xff, 0xbf, 0x0, 0x0, 0x0, 0x0, 0xcf,
    0xff, 0xff, 0xf3, 0x5, 0x0, 0x0, 0x0, 0x0,
    0x0, 0x0, 0x0, 0x0, 0x56, 0xff, 0xff, 0xff,
    0x7b, 0x0, 0x0, 0x0, 0x0, 0x8a, 0xff, 0xff,
    0xff, 0x41, 0x0, 0x0, 0x0, 0x0, 0x0, 0x0,
    0x0, 0x0, 0x9f, 0xff, 0xff, 0xff, 0x36, 0x0,
    0x0, 0x0, 0x0, 0x45, 0xff, 0xff, 0xff, 0x89,
    0x0, 0x0, 0x0, 0x0, 0x0, 0x0, 0x0, 0x0,
    0xe5, 0xff, 0xff, 0xef, 0x3, 0x0, 0x0, 0x0,
    0x0, 0x8, 0xf7, 0xff, 0xff, 0xd2, 0x0, 0x0,
    0x0, 0x0, 0x0, 0x0, 0x0, 0x2f, 0xff, 0xff,
    0xff, 0xae, 0x0, 0x0, 0x0, 0x0, 0x0, 0x0,
    0xbb, 0xff, 0xff, 0xff, 0x1a, 0x0, 0x0, 0x0,
    0x0, 0x0, 0x0, 0x77, 0xff, 0xff, 0xff, 0x9d,
    0x4c, 0x4c, 0x4c, 0x4c, 0x4c, 0x4c, 0xa6, 0xff,
    0xff, 0xff, 0x62, 0x0, 0x0, 0x0, 0x0, 0x0,
    0x0, 0xc0, 0xff, 0xff, 0xff, 0xff, 0xff, 0xff,
    0xff, 0xff, 0xff, 0xff, 0xff, 0xff, 0xff, 0xff,
    0xab, 0x0, 0x0, 0x0, 0x0, 0x0, 0xd, 0xfa,
    0xff, 0xff, 0xff, 0xff, 0xff, 0xff, 0xff, 0xff,
    0xff, 0xff, 0xff, 0xff, 0xff, 0xff, 0xef, 0x3,
    0x0, 0x0, 0x0, 0x0, 0x50, 0xff, 0xff, 0xff,
    0xff, 0xff, 0xff, 0xff, 0xff, 0xff, 0xff, 0xff,
    0xff, 0xff, 0xff, 0xff, 0xff, 0x3b, 0x0, 0x0,
    0x0, 0x0, 0x98, 0xff, 0xff, 0xff, 0x6a, 0x0,
    0x0, 0x0, 0x0, 0x0, 0x0, 0x0, 0x0, 0x80,
    0xff, 0xff, 0xff, 0x83, 0x0, 0x0, 0x0, 0x0,
    0xe0, 0xff, 0xff, 0xff, 0x21, 0x0, 0x0, 0x0,
    0x0, 0x0, 0x0, 0x0, 0x0, 0x36, 0xff, 0xff,
    0xff, 0xcc, 0x0, 0x0, 0x0, 0x29, 0xff, 0xff,
    0xff, 0xd8, 0x0, 0x0, 0x0, 0x0, 0x0, 0x0,
    0x0, 0x0, 0x0, 0x2, 0xeb, 0xff, 0xff, 0xfe,
    0x15, 0x0, 0x0, 0x71, 0xff, 0xff, 0xff, 0x8f,
    0x0, 0x0, 0x0, 0x0, 0x0, 0x0, 0x0, 0x0,
    0x0, 0x0, 0xa4, 0xff, 0xff, 0xff, 0x5c, 0x0,
    0x0, 0xba, 0xff, 0xff, 0xff, 0x45, 0x0, 0x0,
    0x0, 0x0, 0x0, 0x0, 0x0, 0x0, 0x0, 0x0,
    0x5a, 0xff, 0xff, 0xff, 0xa5, 0x0, 0x0, 0xe6,
    0xff, 0xff, 0xdf, 0x7, 0x0, 0x0, 0x0, 0x0,
    0x0, 0x0, 0x0, 0x0, 0x0, 0x0, 0x14, 0xf1,
    0xff, 0xff, 0xd0, 0x0,

    /* U+0042 "B" */
    0x8, 0xed, 0xff, 0xff, 0xff, 0xff, 0xff, 0xff,
    0xff, 0xff, 0xff, 0xf7, 0xdf, 0xa5, 0x3b, 0x0,
    0x0, 0x0, 0x14, 0xff, 0xff, 0xff, 0xff, 0xff,
    0xff, 0xff, 0xff, 0xff, 0xff, 0xff, 0xff, 0xff,
    0xff, 0x87, 0x0, 0x0, 0x14, 0xff, 0xff, 0xff,
    0xff, 0xff, 0xff, 0xff, 0xff, 0xff, 0xff, 0xff,
    0xff, 0xff, 0xff, 0xff, 0x60, 0x0, 0x14, 0xff,
    0xff, 0xff, 0xea, 0x6e, 0x6c, 0x6c, 0x6c, 0x6c,
    0x70, 0x8f, 0xea, 0xff, 0xff, 0xff, 0xe0, 0x0,
    0x14, 0xff, 0xff, 0xff, 0xcc, 0x0, 0x0, 0x0,
    0x0, 0x0, 0x0, 0x0, 0x16, 0xeb, 0xff, 0xff,
    0xff, 0x27, 0x14, 0xff, 0xff, 0xff, 0xcc, 0x0,
    0x0, 0x0, 0x0, 0x0, 0x0, 0x0, 0x0, 0x9f,
    0xff, 0xff, 0xff, 0x45, 0x14, 0xff, 0xff, 0xff,
    0xcc, 0x0, 0x0, 0x0, 0x0, 0x0, 0x0, 0x0,
    0x0, 0x84, 0xff, 0xff, 0xff, 0x4f, 0x14, 0xff,
    0xff, 0xff, 0xcc, 0x0, 0x0, 0x0, 0x0, 0x0,
    0x0, 0x0, 0x0, 0x84, 0xff, 0xff, 0xff, 0x4f,
    0x14, 0xff, 0xff, 0xff, 0xcc, 0x0, 0x0, 0x0,
    0x0, 0x0, 0x0, 0x0, 0x0, 0x9c, 0xff, 0xff,
    0xff, 0x3d, 0x14, 0xff, 0xff, 0xff, 0xcc, 0x0,
    0x0, 0x0, 0x0, 0x0, 0x0, 0x0, 0xe, 0xe4,
    0xff, 0xff, 0xfb, 0x15, 0x14, 0xff, 0xff, 0xff,
    0xe3, 0x4d, 0x4c, 0x4c, 0x4c, 0x4c, 0x51, 0x71,
    0xd9, 0xff, 0xff, 0xff, 0x9b, 0x0, 0x14, 0xff,
    0xff, 0xff, 0xff, 0xff, 0xff, 0xff, 0xff, 0xff,
    0xff, 0xff, 0xff, 0xff, 0xfe, 0xa3, 0x7, 0x0,
    0x14, 0xff, 0xff, 0xff, 0xff, 0xff, 0xff, 0xff,
    0xff, 0xff, 0xff, 0xff, 0xff, 0xff, 0xa7, 0x23,
    0x0, 0x0, 0x14, 0xff, 0xff, 0xff, 0xff, 0xff,
    0xff, 0xff, 0xff, 0xff, 0xff, 0xff, 0xff, 0xff,
    0xff, 0xf5, 0x50, 0x0, 0x14, 0xff, 0xff, 0xff,
    0xd5, 0x2, 0x0, 0x0, 0x0, 0x0, 0x1, 0x1c,
    0x6f, 0xf7, 0xff, 0xff, 0xf5, 0x1b, 0x14, 0xff,
    0xff, 0xff, 0xcc, 0x0, 0x0, 0x0, 0x0, 0x0,
    0x0, 0x0, 0x0, 0x7e, 0xff, 0xff, 0xff, 0x73,
    0x14, 0xff, 0xff, 0xff, 0xcc, 0x0, 0x0, 0x0,
    0x0, 0x0, 0x0, 0x0, 0x0, 0x3b, 0xff, 0xff,
    0xff, 0x9b, 0x14, 0xff, 0xff, 0xff, 0xcc, 0x0,
    0x0, 0x0, 0x0, 0x0, 0x0, 0x0, 0x0, 0x28,
    0xff, 0xff, 0xff, 0xa4, 0x14, 0xff, 0xff, 0xff,
    0xcc, 0x0, 0x0, 0x0, 0x0, 0x0, 0x0, 0x0,
    0x0, 0x28, 0xff, 0xff, 0xff, 0xa4, 0x14, 0xff,
    0xff, 0xff, 0xcc, 0x0, 0x0, 0x0, 0x0, 0x0,
    0x0, 0x0, 0x0, 0x2b, 0xff, 0xff, 0xff, 0xa2,
    0x14, 0xff, 0xff, 0xff, 0xcc, 0x0, 0x0, 0x0,
    0x0, 0x0, 0x0, 0x0, 0x0, 0x49, 0xff, 0xff,
    0xff, 0x93, 0x14, 0xff, 0xff, 0xff, 0xcc, 0x0,
    0x0, 0x0, 0x0, 0x0, 0x0, 0x0, 0x2, 0xb6,
    0xff, 0xff, 0xff, 0x6e, 0x14, 0xff, 0xff, 0xff,
    0xeb, 0x6e, 0x6c, 0x6c, 0x6c, 0x6c, 0x6c, 0x83,
    0xce, 0xff, 0xff, 0xff, 0xfe, 0x26, 0x14, 0xff,
    0xff, 0xff, 0xff, 0xff, 0xff, 0xff, 0xff, 0xff,
    0xff, 0xff, 0xff, 0xff, 0xff, 0xff, 0xa1, 0x0,
    0x14, 0xff, 0xff, 0xff, 0xff, 0xff, 0xff, 0xff,
    0xff, 0xff, 0xff, 0xff, 0xff, 0xff, 0xff, 0xbb,
    0xb, 0x0, 0x8, 0xed, 0xff, 0xff, 0xff, 0xff,
    0xff, 0xff, 0xff, 0xff, 0xff, 0xfd, 0xeb, 0xb9,
    0x5c, 0x3, 0x0, 0x0,

    /* U+0043 "C" */
    0x0, 0x0, 0x0, 0x4c, 0xb0, 0xe5, 0xfa, 0xff,
    0xff, 0xff, 0xff, 0xfb, 0xe7, 0xb4, 0x53, 0x1,
    0x0, 0x0, 0x0, 0x3, 0xa4, 0xff, 0xff, 0xff,
    0xff, 0xff, 0xff, 0xff, 0xff, 0xff, 0xff, 0xff,
    0xff, 0xaf, 0x6, 0x0, 0x0, 0x81, 0xff, 0xff,
    0xff, 0xff, 0xff, 0xff, 0xff, 0xff, 0xff, 0xff,
    0xff, 0xff, 0xff, 0xff, 0x91, 0x0, 0xe, 0xf3,
    0xff, 0xff, 0xff, 0xed, 0x9d, 0x81, 0x80, 0x80,
    0x81, 0x9c, 0xea, 0xff, 0xff, 0xff, 0xfa, 0x19,
    0x4b, 0xff, 0xff, 0xff, 0xea, 0x17, 0x0, 0x0,
    0x0, 0x0, 0x0, 0x0, 0x12, 0xe3, 0xff, 0xff,
    0xff, 0x5d, 0x6e, 0xff, 0xff, 0xff, 0x8b, 0x0,
    0x0, 0x0, 0x0, 0x0, 0x0, 0x0, 0x0, 0x80,
    0xff, 0xff, 0xff, 0x80, 0x7b, 0xff, 0xff, 0xff,
    0x6b, 0x0, 0x0, 0x0, 0x0, 0x0, 0x0, 0x0,
    0x0, 0x60, 0xff, 0xff, 0xff, 0x8f, 0x7c, 0xff,
    0xff, 0xff, 0x68, 0x0, 0x0, 0x0, 0x0, 0x0,
    0x0, 0x0, 0x0, 0x5c, 0xff, 0xff, 0xff, 0x90,
    0x7c, 0xff, 0xff, 0xff, 0x68, 0x0, 0x0, 0x0,
    0x0, 0x0, 0x0, 0x0, 0x0, 0x3e, 0xf3, 0xf8,
    0xf6, 0x6b, 0x7c, 0xff, 0xff, 0xff, 0x68, 0x0,
    0x0, 0x0, 0x0, 0x0, 0x0, 0x0, 0x0, 0x0,
    0x0, 0x0, 0x0, 0x0, 0x7c, 0xff, 0xff, 0xff,
    0x68, 0x0, 0x0, 0x0, 0x0, 0x0, 0x0, 0x0,
    0x0, 0x0, 0x0, 0x0, 0x0, 0x0, 0x7c, 0xff,
    0xff, 0xff, 0x68, 0x0, 0x0, 0x0, 0x0, 0x0,
    0x0, 0x0, 0x0, 0x0, 0x0, 0x0, 0x0, 0x0,
    0x7c, 0xff, 0xff, 0xff, 0x68, 0x0, 0x0, 0x0,
    0x0, 0x0, 0x0, 0x0, 0x0, 0x0, 0x0, 0x0,
    0x0, 0x0, 0x7c, 0xff, 0xff, 0xff, 0x68, 0x0,
    0x0, 0x0, 0x0, 0x0, 0x0, 0x0, 0x0, 0x0,
    0x0, 0x0, 0x0, 0x0, 0x7c, 0xff, 0xff, 0xff,
    0x68, 0x0, 0x0, 0x0, 0x0, 0x0, 0x0, 0x0,
    0x0, 0x0, 0x0, 0x0, 0x0, 0x0, 0x7c, 0xff,
    0xff, 0xff, 0x68, 0x0, 0x0, 0x0, 0x0, 0x0,
    0x0, 0x0, 0x0, 0x0, 0x0, 0x0, 0x0, 0x0,
    0x7c, 0xff, 0xff, 0xff, 0x68, 0x0, 0x0, 0x0,
    0x0, 0x0, 0x0, 0x0, 0x0, 0x0, 0x0, 0x0,
    0x0, 0x0, 0x7c, 0xff, 0xff, 0xff, 0x68, 0x0,
    0x0, 0x0, 0x0, 0x0, 0x0, 0x0, 0x0, 0x3d,
    0xef, 0xf4, 0xf2, 0x69, 0x7c, 0xff, 0xff, 0xff,
    0x68, 0x0, 0x0, 0x0, 0x0, 0x0, 0x0, 0x0,
    0x0, 0x5c, 0xff, 0xff, 0xff, 0x90, 0x7b, 0xff,
    0xff, 0xff, 0x6b, 0x0, 0x0, 0x0, 0x0, 0x0,
    0x0, 0x0, 0x0, 0x5f, 0xff, 0xff, 0xff, 0x8f,
    0x6e, 0xff, 0xff, 0xff, 0x8b, 0x0, 0x0, 0x0,
    0x0, 0x0, 0x0, 0x0, 0x0, 0x80, 0xff, 0xff,
    0xff, 0x80, 0x4a, 0xff, 0xff, 0xff, 0xe9, 0x17,
    0x0, 0x0, 0x0, 0x0, 0x0, 0x0, 0x12, 0xe3,
    0xff, 0xff, 0xff, 0x5c, 0xd, 0xf2, 0xff, 0xff,
    0xff, 0xec, 0x9c, 0x81, 0x80, 0x80, 0x80, 0x9b,
    0xe9, 0xff, 0xff, 0xff, 0xf9, 0x17, 0x0, 0x7e,
    0xff, 0xff, 0xff, 0xff, 0xff, 0xff, 0xff, 0xff,
    0xff, 0xff, 0xff, 0xff, 0xff, 0xff, 0x8d, 0x0,
    0x0, 0x2, 0xa1, 0xff, 0xff, 0xff, 0xff, 0xff,
    0xff, 0xff, 0xff, 0xff, 0xff, 0xff, 0xff, 0xad,
    0x5, 0x0, 0x0, 0x0, 0x0, 0x4b, 0xb0, 0xe6,
    0xfb, 0xff, 0xff, 0xff, 0xff, 0xfc, 0xe8, 0xb4,
    0x53, 0x1, 0x0, 0x0,

    /* U+0044 "D" */
    0x8, 0xed, 0xff, 0xff, 0xff, 0xff, 0xff, 0xff,
    0xff, 0xff, 0xff, 0xfc, 0xea, 0xb9, 0x5e, 0x3,
    0x0, 0x0, 0x14, 0xff, 0xff, 0xff, 0xff, 0xff,
    0xff, 0xff, 0xff, 0xff, 0xff, 0xff, 0xff, 0xff,
    0xff, 0xbf, 0xe, 0x0, 0x14, 0xff, 0xff, 0xff,
    0xff, 0xff, 0xff, 0xff, 0xff, 0xff, 0xff, 0xff,
    0xff, 0xff, 0xff, 0xff, 0xad, 0x0, 0x14, 0xff,
    0xff, 0xff, 0xee, 0x82, 0x80, 0x80, 0x80, 0x80,
    0x80, 0x98, 0xe0, 0xff, 0xff, 0xff, 0xff, 0x32,
    0x14, 0xff, 0xff, 0xff, 0xcc, 0x0, 0x0, 0x0,
    0x0, 0x0, 0x0, 0x0, 0x9, 0xcd, 0xff, 0xff,
    0xff, 0x7d, 0x14, 0xff, 0xff, 0xff, 0xcc, 0x0,
    0x0, 0x0, 0x0, 0x0, 0x0, 0x0, 0x0, 0x60,
    0xff, 0xff, 0xff, 0xa0, 0x14, 0xff, 0xff, 0xff,
    0xcc, 0x0, 0x0, 0x0, 0x0, 0x0, 0x0, 0x0,
    0x0, 0x3f, 0xff, 0xff, 0xff, 0xaf, 0x14, 0xff,
    0xff, 0xff, 0xcc, 0x0, 0x0, 0x0, 0x0, 0x0,
    0x0, 0x0, 0x0, 0x3c, 0xff, 0xff, 0xff, 0xb0,
    0x14, 0xff, 0xff, 0xff, 0xcc, 0x0, 0x0, 0x0,
    0x0, 0x0, 0x0, 0x0, 0x0, 0x3c, 0xff, 0xff,
    0xff, 0xb0, 0x14, 0xff, 0xff, 0xff, 0xcc, 0x0,
    0x0, 0x0, 0x0, 0x0, 0x0, 0x0, 0x0, 0x3c,
    0xff, 0xff, 0xff, 0xb0, 0x14, 0xff, 0xff, 0xff,
    0xcc, 0x0, 0x0, 0x0, 0x0, 0x0, 0x0, 0x0,
    0x0, 0x3c, 0xff, 0xff, 0xff, 0xb0, 0x14, 0xff,
    0xff, 0xff, 0xcc, 0x0, 0x0, 0x0, 0x0, 0x0,
    0x0, 0x0, 0x0, 0x3c, 0xff, 0xff, 0xff, 0xb0,
    0x14, 0xff, 0xff, 0xff, 0xcc, 0x0, 0x0, 0x0,
    0x0, 0x0, 0x0, 0x0, 0x0, 0x3c, 0xff, 0xff,
    0xff, 0xb0, 0x14, 0xff, 0xff, 0xff, 0xcc, 0x0,
    0x0, 0x0, 0x0, 0x0, 0x0, 0x0, 0x0, 0x3c,
    0xff, 0xff, 0xff, 0xb0, 0x14, 0xff, 0xff, 0xff,
    0xcc, 0x0, 0x0, 0x0, 0x0, 0x0, 0x0, 0x0,
    0x0, 0x3c, 0xff, 0xff, 0xff, 0xb0, 0x14, 0xff,
    0xff, 0xff, 0xcc, 0x0, 0x0, 0x0, 0x0, 0x0,
    0x0, 0x0, 0x0, 0x3c, 0xff, 0xff, 0xff, 0xb0,
    0x14, 0xff, 0xff, 0xff, 0xcc, 0x0, 0x0, 0x0,
    0x0, 0x0, 0x0, 0x0, 0x0, 0x3c, 0xff, 0xff,
    0xff, 0xb0, 0x14, 0xff, 0xff, 0xff, 0xcc, 0x0,
    0x0, 0x0, 0x0, 0x0, 0x0, 0x0, 0x0, 0x3c,
    0xff, 0xff, 0xff, 0xb0, 0x14, 0xff, 0xff, 0xff,
    0xcc, 0x0, 0x0, 0x0, 0x0, 0x0, 0x0, 0x0,
    0x0, 0x3c, 0xff, 0xff, 0xff, 0xb0, 0x14, 0xff,
    0xff, 0xff, 0xcc, 0x0, 0x0, 0x0, 0x0, 0x0,
    0x0, 0x0, 0x0, 0x3f, 0xff, 0xff, 0xff, 0xaf,
    0x14, 0xff, 0xff, 0xff, 0xcc, 0x0, 0x0, 0x0,
    0x0, 0x0, 0x0, 0x0, 0x0, 0x60, 0xff, 0xff,
    0xff, 0xa0, 0x14, 0xff, 0xff, 0xff, 0xcc, 0x0,
    0x0, 0x0, 0x0, 0x0, 0x0, 0x0, 0x9, 0xcd,
    0xff, 0xff, 0xff, 0x7c, 0x14, 0xff, 0xff, 0xff,
    0xef, 0x82, 0x80, 0x80, 0x80, 0x80, 0x80, 0x96,
    0xdf, 0xff, 0xff, 0xff, 0xff, 0x30, 0x14, 0xff,
    0xff, 0xff, 0xff, 0xff, 0xff, 0xff, 0xff, 0xff,
    0xff, 0xff, 0xff, 0xff, 0xff, 0xff, 0xa9, 0x0,
    0x14, 0xff, 0xff, 0xff, 0xff, 0xff, 0xff, 0xff,
    0xff, 0xff, 0xff, 0xff, 0xff, 0xff, 0xff, 0xbd,
    0xd, 0x0, 0x8, 0xed, 0xff, 0xff, 0xff, 0xff,
    0xff, 0xff, 0xff, 0xff, 0xff, 0xfd, 0xeb, 0xba,
    0x5d, 0x3, 0x0, 0x0,

    /* U+0045 "E" */
    0x8, 0xed, 0xff, 0xff, 0xff, 0xff, 0xff, 0xff,
    0xff, 0xff, 0xff, 0xff, 0xff, 0xff, 0xea, 0x4,
    0x14, 0xff, 0xff, 0xff, 0xff, 0xff, 0xff, 0xff,
    0xff, 0xff, 0xff, 0xff, 0xff, 0xff, 0xff, 0xc,
    0x14, 0xff, 0xff, 0xff, 0xff, 0xff, 0xff, 0xff,
    0xff, 0xff, 0xff, 0xff, 0xff, 0xff, 0xff, 0xa,
    0x14, 0xff, 0xff, 0xff, 0xef, 0x82, 0x80, 0x80,
    0x80, 0x80, 0x80, 0x80, 0x80, 0x80, 0x6a, 0x0,
    0x14, 0xff, 0xff, 0xff, 0xcc, 0x0, 0x0, 0x0,
    0x0, 0x0, 0x0, 0x0, 0x0, 0x0, 0x0, 0x0,
    0x14, 0xff, 0xff, 0xff, 0xcc, 0x0, 0x0, 0x0,
    0x0, 0x0, 0x0, 0x0, 0x0, 0x0, 0x0, 0x0,
    0x14, 0xff, 0xff, 0xff, 0xcc, 0x0, 0x0, 0x0,
    0x0, 0x0, 0x0, 0x0, 0x0, 0x0, 0x0, 0x0,
    0x14, 0xff, 0xff, 0xff, 0xcc, 0x0, 0x0, 0x0,
    0x0, 0x0, 0x0, 0x0, 0x0, 0x0, 0x0, 0x0,
    0x14, 0xff, 0xff, 0xff, 0xcc, 0x0, 0x0, 0x0,
    0x0, 0x0, 0x0, 0x0, 0x0, 0x0, 0x0, 0x0,
    0x14, 0xff, 0xff, 0xff, 0xcc, 0x0, 0x0, 0x0,
    0x0, 0x0, 0x0, 0x0, 0x0, 0x0, 0x0, 0x0,
    0x14, 0xff, 0xff, 0xff, 0xd5, 0x2, 0x0, 0x0,
    0x0, 0x0, 0x0, 0x0, 0x0, 0x0, 0x0, 0x0,
    0x14, 0xff, 0xff, 0xff, 0xff, 0xff, 0xff, 0xff,
    0xff, 0xff, 0xff, 0xff, 0xff, 0x97, 0x0, 0x0,
    0x14, 0xff, 0xff, 0xff, 0xff, 0xff, 0xff, 0xff,
    0xff, 0xff, 0xff, 0xff, 0xff, 0xb8, 0x0, 0x0,
    0x14, 0xff, 0xff, 0xff, 0xff, 0xff, 0xff, 0xff,
    0xff, 0xff, 0xff, 0xff, 0xff, 0xb6, 0x0, 0x0,
    0x14, 0xff, 0xff, 0xff, 0xef, 0x82, 0x80, 0x80,
    0x80, 0x80, 0x80, 0x80, 0x80, 0x3d, 0x0, 0x0,
    0x14, 0xff, 0xff, 0xff, 0xcc, 0x0, 0x0, 0x0,
    0x0, 0x0, 0x0, 0x0, 0x0, 0x0, 0x0, 0x0,
    0x14, 0xff, 0xff, 0xff, 0xcc, 0x0, 0x0, 0x0,
    0x0, 0x0, 0x0, 0x0, 0x0, 0x0, 0x0, 0x0,
    0x14, 0xff, 0xff, 0xff, 0xcc, 0x0, 0x0, 0x0,
    0x0, 0x0, 0x0, 0x0, 0x0, 0x0, 0x0, 0x0,
    0x14, 0xff, 0xff, 0xff, 0xcc, 0x0, 0x0, 0x0,
    0x0, 0x0, 0x0, 0x0, 0x0, 0x0, 0x0, 0x0,
    0x14, 0xff, 0xff, 0xff, 0xcc, 0x0, 0x0, 0x0,
    0x0, 0x0, 0x0, 0x0, 0x0, 0x0, 0x0, 0x0,
    0x14, 0xff, 0xff, 0xff, 0xcc, 0x0, 0x0, 0x0,
    0x0, 0x0, 0x0, 0x0, 0x0, 0x0, 0x0, 0x0,
    0x14, 0xff, 0xff, 0xff, 0xcc, 0x0, 0x0, 0x0,
    0x0, 0x0, 0x0, 0x0, 0x0, 0x0, 0x0, 0x0,
    0x14, 0xff, 0xff, 0xff, 0xf0, 0x82, 0x80, 0x80,
    0x80, 0x80, 0x80, 0x80, 0x80, 0x80, 0x6a, 0x0,
    0x14, 0xff, 0xff, 0xff, 0xff, 0xff, 0xff, 0xff,
    0xff, 0xff, 0xff, 0xff, 0xff, 0xff, 0xff, 0xa,
    0x14, 0xff, 0xff, 0xff, 0xff, 0xff, 0xff, 0xff,
    0xff, 0xff, 0xff, 0xff, 0xff, 0xff, 0xff, 0xc,
    0x8, 0xed, 0xff, 0xff, 0xff, 0xff, 0xff, 0xff,
    0xff, 0xff, 0xff, 0xff, 0xff, 0xff, 0xea, 0x4,

    /* U+0046 "F" */
    0x8, 0xed, 0xff, 0xff, 0xff, 0xff, 0xff, 0xff,
    0xff, 0xff, 0xff, 0xff, 0xff, 0xff, 0xb8, 0x14,
    0xff, 0xff, 0xff, 0xff, 0xff, 0xff, 0xff, 0xff,
    0xff, 0xff, 0xff, 0xff, 0xff, 0xd8, 0x14, 0xff,
    0xff, 0xff, 0xff, 0xff, 0xff, 0xff, 0xff, 0xff,
    0xff, 0xff, 0xff, 0xff, 0xd6, 0x14, 0xff, 0xff,
    0xff, 0xef, 0x82, 0x80, 0x80, 0x80, 0x80, 0x80,
    0x80, 0x80, 0x80, 0x4e, 0x14, 0xff, 0xff, 0xff,
    0xcc, 0x0, 0x0, 0x0, 0x0, 0x0, 0x0, 0x0,
    0x0, 0x0, 0x0, 0x14, 0xff, 0xff, 0xff, 0xcc,
    0x0, 0x0, 0x0, 0x0, 0x0, 0x0, 0x0, 0x0,
    0x0, 0x0, 0x14, 0xff, 0xff, 0xff, 0xcc, 0x0,
    0x0, 0x0, 0x0, 0x0, 0x0, 0x0, 0x0, 0x0,
    0x0, 0x14, 0xff, 0xff, 0xff, 0xcc, 0x0, 0x0,
    0x0, 0x0, 0x0, 0x0, 0x0, 0x0, 0x0, 0x0,
    0x14, 0xff, 0xff, 0xff, 0xcc, 0x0, 0x0, 0x0,
    0x0, 0x0, 0x0, 0x0, 0x0, 0x0, 0x0, 0x14,
    0xff, 0xff, 0xff, 0xcc, 0x0, 0x0, 0x0, 0x0,
    0x0, 0x0, 0x0, 0x0, 0x0, 0x0, 0x14, 0xff,
    0xff, 0xff, 0xcc, 0x0, 0x0, 0x0, 0x0, 0x0,
    0x0, 0x0, 0x0, 0x0, 0x0, 0x14, 0xff, 0xff,
    0xff, 0xf0, 0x82, 0x80, 0x80, 0x80, 0x80, 0x80,
    0x80, 0x80, 0x3d, 0x0, 0x14, 0xff, 0xff, 0xff,
    0xff, 0xff, 0xff, 0xff, 0xff, 0xff, 0xff, 0xff,
    0xff, 0xb6, 0x0, 0x14, 0xff, 0xff, 0xff, 0xff,
    0xff, 0xff, 0xff, 0xff, 0xff, 0xff, 0xff, 0xff,
    0xb8, 0x0, 0x14, 0xff, 0xff, 0xff, 0xff, 0xff,
    0xff, 0xff, 0xff, 0xff, 0xff, 0xff, 0xff, 0x96,
    0x0, 0x14, 0xff, 0xff, 0xff, 0xd5, 0x2, 0x0,
    0x0, 0x0, 0x0, 0x0, 0x0, 0x0, 0x0, 0x0,
    0x14, 0xff, 0xff, 0xff, 0xcc, 0x0, 0x0, 0x0,
    0x0, 0x0, 0x0, 0x0, 0x0, 0x0, 0x0, 0x14,
    0xff, 0xff, 0xff, 0xcc, 0x0, 0x0, 0x0, 0x0,
    0x0, 0x0, 0x0, 0x0, 0x0, 0x0, 0x14, 0xff,
    0xff, 0xff, 0xcc, 0x0, 0x0, 0x0, 0x0, 0x0,
    0x0, 0x0, 0x0, 0x0, 0x0, 0x14, 0xff, 0xff,
    0xff, 0xcc, 0x0, 0x0, 0x0, 0x0, 0x0, 0x0,
    0x0, 0x0, 0x0, 0x0, 0x14, 0xff, 0xff, 0xff,
    0xcc, 0x0, 0x0, 0x0, 0x0, 0x0, 0x0, 0x0,
    0x0, 0x0, 0x0, 0x14, 0xff, 0xff, 0xff, 0xcc,
    0x0, 0x0, 0x0, 0x0, 0x0, 0x0, 0x0, 0x0,
    0x0, 0x0, 0x14, 0xff, 0xff, 0xff, 0xcc, 0x0,
    0x0, 0x0, 0x0, 0x0, 0x0, 0x0, 0x0, 0x0,
    0x0, 0x14, 0xff, 0xff, 0xff, 0xcc, 0x0, 0x0,
    0x0, 0x0, 0x0, 0x0, 0x0, 0x0, 0x0, 0x0,
    0x14, 0xff, 0xff, 0xff, 0xcc, 0x0, 0x0, 0x0,
    0x0, 0x0, 0x0, 0x0, 0x0, 0x0, 0x0, 0x8,
    0xed, 0xff, 0xff, 0xad, 0x0, 0x0, 0x0, 0x0,
    0x0, 0x0, 0x0, 0x0, 0x0, 0x0,

    /* U+0047 "G" */
    0x0, 0x0, 0x0, 0x4c, 0xb0, 0xe5, 0xfa, 0xff,
    0xff, 0xff, 0xff, 0xf6, 0xdb, 0x9b, 0x2c, 0x0,
    0x0, 0x0, 0x0, 0x3, 0xa4, 0xff, 0xff, 0xff,
    0xff, 0xff, 0xff, 0xff, 0xff, 0xff, 0xff, 0xff,
    0xfb, 0x67, 0x0, 0x0, 0x0, 0x81, 0xff, 0xff,
    0xff, 0xff, 0xff, 0xff, 0xff, 0xff, 0xff, 0xff,
    0xff, 0xff, 0xff, 0xfd, 0x3e, 0x0, 0xe, 0xf3,
    0xff, 0xff, 0xff, 0xed, 0x9d, 0x81, 0x80, 0x80,
    0x86, 0xad, 0xfc, 0xff, 0xff, 0xff, 0xbb, 0x0,
    0x4b, 0xff, 0xff, 0xff, 0xea, 0x17, 0x0, 0x0,
    0x0, 0x0, 0x0, 0x0, 0x48, 0xff, 0xff, 0xff,
    0xfa, 0xa, 0x6e, 0xff, 0xff, 0xff, 0x8b, 0x0,
    0x0, 0x0, 0x0, 0x0, 0x0, 0x0, 0x0, 0xd3,
    0xff, 0xff, 0xff, 0x26, 0x7b, 0xff, 0xff, 0xff,
    0x6b, 0x0, 0x0, 0x0, 0x0, 0x0, 0x0, 0x0,
    0x0, 0xb3, 0xff, 0xff, 0xff, 0x33, 0x7c, 0xff,
    0xff, 0xff, 0x68, 0x0, 0x0, 0x0, 0x0, 0x0,
    0x0, 0x0, 0x0, 0xac, 0xff, 0xff, 0xff, 0x30,
    0x7c, 0xff, 0xff, 0xff, 0x68, 0x0, 0x0, 0x0,
    0x0, 0x0, 0x0, 0x0, 0x0, 0x2e, 0x6c, 0x6c,
    0x61, 0x4, 0x7c, 0xff, 0xff, 0xff, 0x68, 0x0,
    0x0, 0x0, 0x0, 0x0, 0x0, 0x0, 0x0, 0x0,
    0x0, 0x0, 0x0, 0x0, 0x7c, 0xff, 0xff, 0xff,
    0x68, 0x0, 0x0, 0x0, 0x0, 0x0, 0x0, 0x0,
    0x0, 0x0, 0x0, 0x0, 0x0, 0x0, 0x7c, 0xff,
    0xff, 0xff, 0x68, 0x0, 0x0, 0x0, 0x0, 0x0,
    0x0, 0x0, 0x0, 0x0, 0x0, 0x0, 0x0, 0x0,
    0x7c, 0xff, 0xff, 0xff, 0x68, 0x0, 0x0, 0x0,
    0x4, 0xe8, 0xff, 0xff, 0xff, 0xff, 0xff, 0xff,
    0xee, 0x17, 0x7c, 0xff, 0xff, 0xff, 0x68, 0x0,
    0x0, 0x0, 0xc, 0xff, 0xff, 0xff, 0xff, 0xff,
    0xff, 0xff, 0xff, 0x34, 0x7c, 0xff, 0xff, 0xff,
    0x68, 0x0, 0x0, 0x0, 0xa, 0xff, 0xff, 0xff,
    0xff, 0xff, 0xff, 0xff, 0xff, 0x34, 0x7c, 0xff,
    0xff, 0xff, 0x68, 0x0, 0x0, 0x0, 0x0, 0x68,
    0x80, 0x80, 0x80, 0xe2, 0xff, 0xff, 0xff, 0x34,
    0x7c, 0xff, 0xff, 0xff, 0x68, 0x0, 0x0, 0x0,
    0x0, 0x0, 0x0, 0x0, 0x0, 0xb0, 0xff, 0xff,
    0xff, 0x34, 0x7c, 0xff, 0xff, 0xff, 0x68, 0x0,
    0x0, 0x0, 0x0, 0x0, 0x0, 0x0, 0x0, 0xb0,
    0xff, 0xff, 0xff, 0x34, 0x7c, 0xff, 0xff, 0xff,
    0x68, 0x0, 0x0, 0x0, 0x0, 0x0, 0x0, 0x0,
    0x0, 0xb0, 0xff, 0xff, 0xff, 0x34, 0x7b, 0xff,
    0xff, 0xff, 0x6b, 0x0, 0x0, 0x0, 0x0, 0x0,
    0x0, 0x0, 0x0, 0xb4, 0xff, 0xff, 0xff, 0x33,
    0x6e, 0xff, 0xff, 0xff, 0x8b, 0x0, 0x0, 0x0,
    0x0, 0x0, 0x0, 0x0, 0x0, 0xd4, 0xff, 0xff,
    0xff, 0x24, 0x4a, 0xff, 0xff, 0xff, 0xe9, 0x17,
    0x0, 0x0, 0x0, 0x0, 0x0, 0x0, 0x4a, 0xff,
    0xff, 0xff, 0xf8, 0x7, 0xd, 0xf2, 0xff, 0xff,
    0xff, 0xec, 0x9c, 0x81, 0x80, 0x80, 0x85, 0xad,
    0xfc, 0xff, 0xff, 0xff, 0xb3, 0x0, 0x0, 0x7e,
    0xff, 0xff, 0xff, 0xff, 0xff, 0xff, 0xff, 0xff,
    0xff, 0xff, 0xff, 0xff, 0xff, 0xfa, 0x34, 0x0,
    0x0, 0x2, 0xa1, 0xff, 0xff, 0xff, 0xff, 0xff,
    0xff, 0xff, 0xff, 0xff, 0xff, 0xff, 0xf8, 0x5b,
    0x0, 0x0, 0x0, 0x0, 0x0, 0x4b, 0xb0, 0xe6,
    0xfb, 0xff, 0xff, 0xff, 0xff, 0xf7, 0xda, 0x97,
    0x26, 0x0, 0x0, 0x0,

    /* U+0048 "H" */
    0x8, 0xed, 0xff, 0xff, 0xaf, 0x0, 0x0, 0x0,
    0x0, 0x0, 0x0, 0x0, 0x0, 0x0, 0xc3, 0xff,
    0xff, 0xe9, 0x4, 0x14, 0xff, 0xff, 0xff, 0xcc,
    0x0, 0x0, 0x0, 0x0, 0x0, 0x0, 0x0, 0x0,
    0x0, 0xe0, 0xff, 0xff, 0xff, 0xc, 0x14, 0xff,
    0xff, 0xff, 0xcc, 0x0, 0x0, 0x0, 0x0, 0x0,
    0x0, 0x0, 0x0, 0x0, 0xe0, 0xff, 0xff, 0xff,
    0xc, 0x14, 0xff, 0xff, 0xff, 0xcc, 0x0, 0x0,
    0x0, 0x0, 0x0, 0x0, 0x0, 0x0, 0x0, 0xe0,
    0xff, 0xff, 0xff, 0xc, 0x14, 0xff, 0xff, 0xff,
    0xcc, 0x0, 0x0, 0x0, 0x0, 0x0, 0x0, 0x0,
    0x0, 0x0, 0xe0, 0xff, 0xff, 0xff, 0xc, 0x14,
    0xff, 0xff, 0xff, 0xcc, 0x0, 0x0, 0x0, 0x0,
    0x0, 0x0, 0x0, 0x0, 0x0, 0xe0, 0xff, 0xff,
    0xff, 0xc, 0x14, 0xff, 0xff, 0xff, 0xcc, 0x0,
    0x0, 0x0, 0x0, 0x0, 0x0, 0x0, 0x0, 0x0,
    0xe0, 0xff, 0xff, 0xff, 0xc, 0x14, 0xff, 0xff,
    0xff, 0xcc, 0x0, 0x0, 0x0, 0x0, 0x0, 0x0,
    0x0, 0x0, 0x0, 0xe0, 0xff, 0xff, 0xff, 0xc,
    0x14, 0xff, 0xff, 0xff, 0xcc, 0x0, 0x0, 0x0,
    0x0, 0x0, 0x0, 0x0, 0x0, 0x0, 0xe0, 0xff,
    0xff, 0xff, 0xc, 0x14, 0xff, 0xff, 0xff, 0xcc,
    0x0, 0x0, 0x0, 0x0, 0x0, 0x0, 0x0, 0x0,
    0x0, 0xe0, 0xff, 0xff, 0xff, 0xc, 0x14, 0xff,
    0xff, 0xff, 0xd5, 0x2, 0x0, 0x0, 0x0, 0x0,
    0x0, 0x0, 0x0, 0x3, 0xe7, 0xff, 0xff, 0xff,
    0xc, 0x14, 0xff, 0xff, 0xff, 0xff, 0xff, 0xff,
    0xff, 0xff, 0xff, 0xff, 0xff, 0xff, 0xff, 0xff,
    0xff, 0xff, 0xff, 0xc, 0x14, 0xff, 0xff, 0xff,
    0xff, 0xff, 0xff, 0xff, 0xff, 0xff, 0xff, 0xff,
    0xff, 0xff, 0xff, 0xff, 0xff, 0xff, 0xc, 0x14,
    0xff, 0xff, 0xff, 0xff, 0xff, 0xff, 0xff, 0xff,
    0xff, 0xff, 0xff, 0xff, 0xff, 0xff, 0xff, 0xff,
    0xff, 0xc, 0x14, 0xff, 0xff, 0xff, 0xf1, 0x8a,
    0x88, 0x88, 0x88, 0x88, 0x88, 0x88, 0x88, 0x8b,
    0xf8, 0xff, 0xff, 0xff, 0xc, 0x14, 0xff, 0xff,
    0xff, 0xcc, 0x0, 0x0, 0x0, 0x0, 0x0, 0x0,
    0x0, 0x0, 0x0, 0xe0, 0xff, 0xff, 0xff, 0xc,
    0x14, 0xff, 0xff, 0xff, 0xcc, 0x0, 0x0, 0x0,
    0x0, 0x0, 0x0, 0x0, 0x0, 0x0, 0xe0, 0xff,
    0xff, 0xff, 0xc, 0x14, 0xff, 0xff, 0xff, 0xcc,
    0x0, 0x0, 0x0, 0x0, 0x0, 0x0, 0x0, 0x0,
    0x0, 0xe0, 0xff, 0xff, 0xff, 0xc, 0x14, 0xff,
    0xff, 0xff, 0xcc, 0x0, 0x0, 0x0, 0x0, 0x0,
    0x0, 0x0, 0x0, 0x0, 0xe0, 0xff, 0xff, 0xff,
    0xc, 0x14, 0xff, 0xff, 0xff, 0xcc, 0x0, 0x0,
    0x0, 0x0, 0x0, 0x0, 0x0, 0x0, 0x0, 0xe0,
    0xff, 0xff, 0xff, 0xc, 0x14, 0xff, 0xff, 0xff,
    0xcc, 0x0, 0x0, 0x0, 0x0, 0x0, 0x0, 0x0,
    0x0, 0x0, 0xe0, 0xff, 0xff, 0xff, 0xc, 0x14,
    0xff, 0xff, 0xff, 0xcc, 0x0, 0x0, 0x0, 0x0,
    0x0, 0x0, 0x0, 0x0, 0x0, 0xe0, 0xff, 0xff,
    0xff, 0xc, 0x14, 0xff, 0xff, 0xff, 0xcc, 0x0,
    0x0, 0x0, 0x0, 0x0, 0x0, 0x0, 0x0, 0x0,
    0xe0, 0xff, 0xff, 0xff, 0xc, 0x14, 0xff, 0xff,
    0xff, 0xcc, 0x0, 0x0, 0x0, 0x0, 0x0, 0x0,
    0x0, 0x0, 0x0, 0xe0, 0xff, 0xff, 0xff, 0xc,
    0x14, 0xff, 0xff, 0xff, 0xcc, 0x0, 0x0, 0x0,
    0x0, 0x0, 0x0, 0x0, 0x0, 0x0, 0xe0, 0xff,
    0xff, 0xff, 0xc, 0x8, 0xed, 0xff, 0xff, 0xad,
    0x0, 0x0, 0x0, 0x0, 0x0, 0x0, 0x0, 0x0,
    0x0, 0xc1, 0xff, 0xff, 0xe9, 0x4,

    /* U+0049 "I" */
    0xc2, 0xff, 0xff, 0xe1, 0xe0, 0xff, 0xff, 0xff,
    0xe0, 0xff, 0xff, 0xff, 0xe0, 0xff, 0xff, 0xff,
    0xe0, 0xff, 0xff, 0xff, 0xe0, 0xff, 0xff, 0xff,
    0xe0, 0xff, 0xff, 0xff, 0xe0, 0xff, 0xff, 0xff,
    0xe0, 0xff, 0xff, 0xff, 0xe0, 0xff, 0xff, 0xff,
    0xe0, 0xff, 0xff, 0xff, 0xe0, 0xff, 0xff, 0xff,
    0xe0, 0xff, 0xff, 0xff, 0xe0, 0xff, 0xff, 0xff,
    0xe0, 0xff, 0xff, 0xff, 0xe0, 0xff, 0xff, 0xff,
    0xe0, 0xff, 0xff, 0xff, 0xe0, 0xff, 0xff, 0xff,
    0xe0, 0xff, 0xff, 0xff, 0xe0, 0xff, 0xff, 0xff,
    0xe0, 0xff, 0xff, 0xff, 0xe0, 0xff, 0xff, 0xff,
    0xe0, 0xff, 0xff, 0xff, 0xe0, 0xff, 0xff, 0xff,
    0xe0, 0xff, 0xff, 0xff, 0xc2, 0xff, 0xff, 0xe1,

    /* U+004A "J" */
    0x0, 0x0, 0x0, 0x0, 0x0, 0x0, 0x0, 0x0,
    0x0, 0x0, 0x0, 0x0, 0xf, 0xf0, 0xff, 0xff,
    0xb0, 0x0, 0x0, 0x0, 0x0, 0x0, 0x0, 0x0,
    0x0, 0x0, 0x0, 0x0, 0x0, 0x20, 0xff, 0xff,
    0xff, 0xcc, 0x0, 0x0, 0x0, 0x0, 0x0, 0x0,
    0x0, 0x0, 0x0, 0x0, 0x0, 0x0, 0x20, 0xff,
    0xff, 0xff, 0xcc, 0x0, 0x0, 0x0, 0x0, 0x0,
    0x0, 0x0, 0x0, 0x0, 0x0, 0x0, 0x0, 0x20,
    0xff, 0xff, 0xff, 0xcc, 0x0, 0x0, 0x0, 0x0,
    0x0, 0x0, 0x0, 0x0, 0x0, 0x0, 0x0, 0x0,
    0x20, 0xff, 0xff, 0xff, 0xcc, 0x0, 0x0, 0x0,
    0x0, 0x0, 0x0, 0x0, 0x0, 0x0, 0x0, 0x0,
    0x0, 0x20, 0xff, 0xff, 0xff, 0xcc, 0x0, 0x0,
    0x0, 0x0, 0x0, 0x0, 0x0, 0x0, 0x0, 0x0,
    0x0, 0x0, 0x20, 0xff, 0xff, 0xff, 0xcc, 0x0,
    0x0, 0x0, 0x0, 0x0, 0x0, 0x0, 0x0, 0x0,
    0x0, 0x0, 0x0, 0x20, 0xff, 0xff, 0xff, 0xcc,
    0x0, 0x0, 0x0, 0x0, 0x0, 0x0, 0x0, 0x0,
    0x0, 0x0, 0x0, 0x0, 0x20, 0xff, 0xff, 0xff,
    0xcc, 0x0, 0x0, 0x0, 0x0, 0x0, 0x0, 0x0,
    0x0, 0x0, 0x0, 0x0, 0x0, 0x20, 0xff, 0xff,
    0xff, 0xcc, 0x0, 0x0, 0x0, 0x0, 0x0, 0x0,
    0x0, 0x0, 0x0, 0x0, 0x0, 0x0, 0x20, 0xff,
    0xff, 0xff, 0xcc, 0x0, 0x0, 0x0, 0x0, 0x0,
    0x0, 0x0, 0x0, 0x0, 0x0, 0x0, 0x0, 0x20,
    0xff, 0xff, 0xff, 0xcc, 0x0, 0x0, 0x0, 0x0,
    0x0, 0x0, 0x0, 0x0, 0x0, 0x0, 0x0, 0x0,
    0x20, 0xff, 0xff, 0xff, 0xcc, 0x0, 0x0, 0x0,
    0x0, 0x0, 0x0, 0x0, 0x0, 0x0, 0x0, 0x0,
    0x0, 0x20, 0xff, 0xff, 0xff, 0xcc, 0x0, 0x0,
    0x0, 0x0, 0x0, 0x0, 0x0, 0x0, 0x0, 0x0,
    0x0, 0x0, 0x20, 0xff, 0xff, 0xff, 0xcc, 0x47,
    0x9f, 0xa0, 0x98, 0x15, 0x0, 0x0, 0x0, 0x0,
    0x0, 0x0, 0x0, 0x20, 0xff, 0xff, 0xff, 0xcc,
    0xa3, 0xff, 0xff, 0xff, 0x47, 0x0, 0x0, 0x0,
    0x0, 0x0, 0x0, 0x0, 0x20, 0xff, 0xff, 0xff,
    0xcc, 0xa4, 0xff, 0xff, 0xff, 0x48, 0x0, 0x0,
    0x0, 0x0, 0x0, 0x0, 0x0, 0x20, 0xff, 0xff,
    0xff, 0xcc, 0xa4, 0xff, 0xff, 0xff, 0x48, 0x0,
    0x0, 0x0, 0x0, 0x0, 0x0, 0x0, 0x20, 0xff,
    0xff, 0xff, 0xcc, 0xa3, 0xff, 0xff, 0xff, 0x4c,
    0x0, 0x0, 0x0, 0x0, 0x0, 0x0, 0x0, 0x24,
    0xff, 0xff, 0xff, 0xcb, 0x96, 0xff, 0xff, 0xff,
    0x6c, 0x0, 0x0, 0x0, 0x0, 0x0, 0x0, 0x0,
    0x44, 0xff, 0xff, 0xff, 0xbc, 0x71, 0xff, 0xff,
    0xff, 0xd5, 0xc, 0x0, 0x0, 0x0, 0x0, 0x0,
    0x4, 0xb5, 0xff, 0xff, 0xff, 0x99, 0x27, 0xfe,
    0xff, 0xff, 0xff, 0xe3, 0x98, 0x80, 0x80, 0x80,
    0x92, 0xd5, 0xff, 0xff, 0xff, 0xff, 0x4e, 0x0,
    0xa2, 0xff, 0xff, 0xff, 0xff, 0xff, 0xff, 0xff,
    0xff, 0xff, 0xff, 0xff, 0xff, 0xff, 0xc8, 0x1,
    0x0, 0xc, 0xbb, 0xff, 0xff, 0xff, 0xff, 0xff,
    0xff, 0xff, 0xff, 0xff, 0xff, 0xff, 0xd3, 0x1c,
    0x0, 0x0, 0x0, 0x3, 0x5c, 0xb9, 0xea, 0xfc,
    0xff, 0xff, 0xff, 0xfe, 0xef, 0xc4, 0x6f, 0x9,
    0x0, 0x0,

    /* U+004B "K" */
    0x8, 0xed, 0xff, 0xff, 0xae, 0x0, 0x0, 0x0,
    0x0, 0x0, 0x0, 0x0, 0x0, 0x3d, 0xe7, 0xff,
    0xff, 0xff, 0x33, 0x0, 0x14, 0xff, 0xff, 0xff,
    0xcc, 0x0, 0x0, 0x0, 0x0, 0x0, 0x0, 0x0,
    0x14, 0xe6, 0xff, 0xff, 0xff, 0x96, 0x0, 0x0,
    0x14, 0xff, 0xff, 0xff, 0xcc, 0x0, 0x0, 0x0,
    0x0, 0x0, 0x0, 0x0, 0xb0, 0xff, 0xff, 0xff,
    0xd3, 0x8, 0x0, 0x0, 0x14, 0xff, 0xff, 0xff,
    0xcc, 0x0, 0x0, 0x0, 0x0, 0x0, 0x0, 0x66,
    0xff, 0xff, 0xff, 0xf6, 0x2b, 0x0, 0x0, 0x0,
    0x14, 0xff, 0xff, 0xff, 0xcc, 0x0, 0x0, 0x0,
    0x0, 0x0, 0x26, 0xf5, 0xff, 0xff, 0xff, 0x66,
    0x0, 0x0, 0x0, 0x0, 0x14, 0xff, 0xff, 0xff,
    0xcc, 0x0, 0x0, 0x0, 0x0, 0x5, 0xcb, 0xff,
    0xff, 0xff, 0xac, 0x0, 0x0, 0x0, 0x0, 0x0,
    0x14, 0xff, 0xff, 0xff, 0xcc, 0x0, 0x0, 0x0,
    0x0, 0x87, 0xff, 0xff, 0xff, 0xe0, 0x10, 0x0,
    0x0, 0x0, 0x0, 0x0, 0x14, 0xff, 0xff, 0xff,
    0xcc, 0x0, 0x0, 0x0, 0x3e, 0xfd, 0xff, 0xff,
    0xfc, 0x3b, 0x0, 0x0, 0x0, 0x0, 0x0, 0x0,
    0x14, 0xff, 0xff, 0xff, 0xcc, 0x0, 0x0, 0x10,
    0xe1, 0xff, 0xff, 0xff, 0x7c, 0x0, 0x0, 0x0,
    0x0, 0x0, 0x0, 0x0, 0x14, 0xff, 0xff, 0xff,
    0xcc, 0x0, 0x0, 0xa7, 0xff, 0xff, 0xff, 0xbf,
    0x2, 0x0, 0x0, 0x0, 0x0, 0x0, 0x0, 0x0,
    0x14, 0xff, 0xff, 0xff, 0xcc, 0x0, 0x5c, 0xff,
    0xff, 0xff, 0xec, 0x1b, 0x0, 0x0, 0x0, 0x0,
    0x0, 0x0, 0x0, 0x0, 0x14, 0xff, 0xff, 0xff,
    0xcc, 0x19, 0xf1, 0xff, 0xff, 0xff, 0x7b, 0x0,
    0x0, 0x0, 0x0, 0x0, 0x0, 0x0, 0x0, 0x0,
    0x14, 0xff, 0xff, 0xff, 0xcc, 0x93, 0xff, 0xff,
    0xff, 0xff, 0xe6, 0x10, 0x0, 0x0, 0x0, 0x0,
    0x0, 0x0, 0x0, 0x0, 0x14, 0xff, 0xff, 0xff,
    0xe7, 0xf8, 0xff, 0xff, 0xff, 0xff, 0xff, 0x9b,
    0x0, 0x0, 0x0, 0x0, 0x0, 0x0, 0x0, 0x0,
    0x14, 0xff, 0xff, 0xff, 0xff, 0xff, 0xff, 0xcc,
    0xe6, 0xff, 0xff, 0xff, 0x41, 0x0, 0x0, 0x0,
    0x0, 0x0, 0x0, 0x0, 0x14, 0xff, 0xff, 0xff,
    0xff, 0xff, 0xe4, 0x19, 0x54, 0xff, 0xff, 0xff,
    0xdb, 0x9, 0x0, 0x0, 0x0, 0x0, 0x0, 0x0,
    0x14, 0xff, 0xff, 0xff, 0xff, 0xf5, 0x31, 0x0,
    0x0, 0xb2, 0xff, 0xff, 0xff, 0x89, 0x0, 0x0,
    0x0, 0x0, 0x0, 0x0, 0x14, 0xff, 0xff, 0xff,
    0xfe, 0x51, 0x0, 0x0, 0x0, 0x1d, 0xf3, 0xff,
    0xff, 0xfc, 0x32, 0x0, 0x0, 0x0, 0x0, 0x0,
    0x14, 0xff, 0xff, 0xff, 0xcd, 0x0, 0x0, 0x0,
    0x0, 0x0, 0x6f, 0xff, 0xff, 0xff, 0xce, 0x4,
    0x0, 0x0, 0x0, 0x0, 0x14, 0xff, 0xff, 0xff,
    0xcc, 0x0, 0x0, 0x0, 0x0, 0x0, 0x2, 0xca,
    0xff, 0xff, 0xff, 0x77, 0x0, 0x0, 0x0, 0x0,
    0x14, 0xff, 0xff, 0xff, 0xcc, 0x0, 0x0, 0x0,
    0x0, 0x0, 0x0, 0x2f, 0xfb, 0xff, 0xff, 0xf6,
    0x24, 0x0, 0x0, 0x0, 0x14, 0xff, 0xff, 0xff,
    0xcc, 0x0, 0x0, 0x0, 0x0, 0x0, 0x0, 0x0,
    0x89, 0xff, 0xff, 0xff, 0xbf, 0x1, 0x0, 0x0,
    0x14, 0xff, 0xff, 0xff, 0xcc, 0x0, 0x0, 0x0,
    0x0, 0x0, 0x0, 0x0, 0x9, 0xdd, 0xff, 0xff,
    0xff, 0x65, 0x0, 0x0, 0x14, 0xff, 0xff, 0xff,
    0xcc, 0x0, 0x0, 0x0, 0x0, 0x0, 0x0, 0x0,
    0x0, 0x46, 0xff, 0xff, 0xff, 0xef, 0x19, 0x0,
    0x14, 0xff, 0xff, 0xff, 0xcc, 0x0, 0x0, 0x0,
    0x0, 0x0, 0x0, 0x0, 0x0, 0x0, 0xa4, 0xff,
    0xff, 0xff, 0xae, 0x0, 0x8, 0xed, 0xff, 0xff,
    0xae, 0x0, 0x0, 0x0, 0x0, 0x0, 0x0, 0x0,
    0x0, 0x0, 0x13, 0xc1, 0xfc, 0xff, 0xfd, 0x2a,

    /* U+004C "L" */
    0x8, 0xed, 0xff, 0xff, 0xae, 0x0, 0x0, 0x0,
    0x0, 0x0, 0x0, 0x0, 0x0, 0x0, 0x0, 0x0,
    0x14, 0xff, 0xff, 0xff, 0xcc, 0x0, 0x0, 0x0,
    0x0, 0x0, 0x0, 0x0, 0x0, 0x0, 0x0, 0x0,
    0x14, 0xff, 0xff, 0xff, 0xcc, 0x0, 0x0, 0x0,
    0x0, 0x0, 0x0, 0x0, 0x0, 0x0, 0x0, 0x0,
    0x14, 0xff, 0xff, 0xff, 0xcc, 0x0, 0x0, 0x0,
    0x0, 0x0, 0x0, 0x0, 0x0, 0x0, 0x0, 0x0,
    0x14, 0xff, 0xff, 0xff, 0xcc, 0x0, 0x0, 0x0,
    0x0, 0x0, 0x0, 0x0, 0x0, 0x0, 0x0, 0x0,
    0x14, 0xff, 0xff, 0xff, 0xcc, 0x0, 0x0, 0x0,
    0x0, 0x0, 0x0, 0x0, 0x0, 0x0, 0x0, 0x0,
    0x14, 0xff, 0xff, 0xff, 0xcc, 0x0, 0x0, 0x0,
    0x0, 0x0, 0x0, 0x0, 0x0, 0x0, 0x0, 0x0,
    0x14, 0xff, 0xff, 0xff, 0xcc, 0x0, 0x0, 0x0,
    0x0, 0x0, 0x0, 0x0, 0x0, 0x0, 0x0, 0x0,
    0x14, 0xff, 0xff, 0xff, 0xcc, 0x0, 0x0, 0x0,
    0x0, 0x0, 0x0, 0x0, 0x0, 0x0, 0x0, 0x0,
    0x14, 0xff, 0xff, 0xff, 0xcc, 0x0, 0x0, 0x0,
    0x0, 0x0, 0x0, 0x0, 0x0, 0x0, 0x0, 0x0,
    0x14, 0xff, 0xff, 0xff, 0xcc, 0x0, 0x0, 0x0,
    0x0, 0x0, 0x0, 0x0, 0x0, 0x0, 0x0, 0x0,
    0x14, 0xff, 0xff, 0xff, 0xcc, 0x0, 0x0, 0x0,
    0x0, 0x0, 0x0, 0x0, 0x0, 0x0, 0x0, 0x0,
    0x14, 0xff, 0xff, 0xff, 0xcc, 0x0, 0x0, 0x0,
    0x0, 0x0, 0x0, 0x0, 0x0, 0x0, 0x0, 0x0,
    0x14, 0xff, 0xff, 0xff, 0xcc, 0x0, 0x0, 0x0,
    0x0, 0x0, 0x0, 0x0, 0x0, 0x0, 0x0, 0x0,
    0x14, 0xff, 0xff, 0xff, 0xcc, 0x0, 0x0, 0x0,
    0x0, 0x0, 0x0, 0x0, 0x0, 0x0, 0x0, 0x0,
    0x14, 0xff, 0xff, 0xff, 0xcc, 0x0, 0x0, 0x0,
    0x0, 0x0, 0x0, 0x0, 0x0, 0x0, 0x0, 0x0,
    0x14, 0xff, 0xff, 0xff, 0xcc, 0x0, 0x0, 0x0,
    0x0, 0x0, 0x0, 0x0, 0x0, 0x0, 0x0, 0x0,
    0x14, 0xff, 0xff, 0xff, 0xcc, 0x0, 0x0, 0x0,
    0x0, 0x0, 0x0, 0x0, 0x0, 0x0, 0x0, 0x0,
    0x14, 0xff, 0xff, 0xff, 0xcc, 0x0, 0x0, 0x0,
    0x0, 0x0, 0x0, 0x0, 0x0, 0x0, 0x0, 0x0,
    0x14, 0xff, 0xff, 0xff, 0xcc, 0x0, 0x0, 0x0,
    0x0, 0x0, 0x0, 0x0, 0x0, 0x0, 0x0, 0x0,
    0x14, 0xff, 0xff, 0xff, 0xcc, 0x0, 0x0, 0x0,
    0x0, 0x0, 0x0, 0x0, 0x0, 0x0, 0x0, 0x0,
    0x14, 0xff, 0xff, 0xff, 0xcc, 0x0, 0x0, 0x0,
    0x0, 0x0, 0x0, 0x0, 0x0, 0x0, 0x0, 0x0,
    0x14, 0xff, 0xff, 0xff, 0xf3, 0x96, 0x94, 0x94,
    0x94, 0x94, 0x94, 0x94, 0x94, 0x94, 0x8b, 0xc,
    0x14, 0xff, 0xff, 0xff, 0xff, 0xff, 0xff, 0xff,
    0xff, 0xff, 0xff, 0xff, 0xff, 0xff, 0xff, 0x3a,
    0x14, 0xff, 0xff, 0xff, 0xff, 0xff, 0xff, 0xff,
    0xff, 0xff, 0xff, 0xff, 0xff, 0xff, 0xff, 0x3c,
    0x8, 0xed, 0xff, 0xff, 0xff, 0xff, 0xff, 0xff,
    0xff, 0xff, 0xff, 0xff, 0xff, 0xff, 0xf7, 0x26,

    /* U+004D "M" */
    0x8, 0xed, 0xff, 0xff, 0xff, 0xff, 0xac, 0x0,
    0x0, 0x0, 0x0, 0x0, 0x0, 0x0, 0x0, 0x0,
    0x0, 0x1a, 0xf4, 0xff, 0xff, 0xff, 0xff, 0x91,
    0x14, 0xff, 0xff, 0xff, 0xff, 0xff, 0xfd, 0x18,
    0x0, 0x0, 0x0, 0x0, 0x0, 0x0, 0x0, 0x0,
    0x0, 0x73, 0xff, 0xff, 0xff, 0xff, 0xff, 0xb0,
    0x14, 0xff, 0xff, 0xff, 0xff, 0xff, 0xff, 0x70,
    0x0, 0x0, 0x0, 0x0, 0x0, 0x0, 0x0, 0x0,
    0x0, 0xcd, 0xff, 0xff, 0xff, 0xff, 0xff, 0xb0,
    0x14, 0xff, 0xff, 0xff, 0xff, 0xff, 0xff, 0xca,
    0x0, 0x0, 0x0, 0x0, 0x0, 0x0, 0x0, 0x0,
    0x27, 0xff, 0xff, 0xff, 0xff, 0xff, 0xff, 0xb0,
    0x14, 0xff, 0xff, 0xff, 0xf9, 0xff, 0xff, 0xff,
    0x23, 0x0, 0x0, 0x0, 0x0, 0x0, 0x0, 0x0,
    0x82, 0xff, 0xff, 0xfb, 0xff, 0xff, 0xff, 0xb0,
    0x14, 0xff, 0xff, 0xff, 0xba, 0xe3, 0xff, 0xff,
    0x7d, 0x0, 0x0, 0x0, 0x0, 0x0, 0x0, 0x0,
    0xdc, 0xff, 0xff, 0xa1, 0xff, 0xff, 0xff, 0xb0,
    0x14, 0xff, 0xff, 0xff, 0xb8, 0x8a, 0xff, 0xff,
    0xd7, 0x0, 0x0, 0x0, 0x0, 0x0, 0x0, 0x37,
    0xff, 0xff, 0xfe, 0x48, 0xff, 0xff, 0xff, 0xb0,
    0x14, 0xff, 0xff, 0xff, 0xb8, 0x2d, 0xff, 0xff,
    0xff, 0x31, 0x0, 0x0, 0x0, 0x0, 0x0, 0x92,
    0xff, 0xff, 0xc5, 0x28, 0xff, 0xff, 0xff, 0xb0,
    0x14, 0xff, 0xff, 0xff, 0xb8, 0x0, 0xd2, 0xff,
    0xff, 0x8b, 0x0, 0x0, 0x0, 0x0, 0x3, 0xe8,
    0xff, 0xff, 0x6b, 0x28, 0xff, 0xff, 0xff, 0xb0,
    0x14, 0xff, 0xff, 0xff, 0xb8, 0x0, 0x76, 0xff,
    0xff, 0xe3, 0x1, 0x0, 0x0, 0x0, 0x47, 0xff,
    0xff, 0xfb, 0x15, 0x28, 0xff, 0xff, 0xff, 0xb0,
    0x14, 0xff, 0xff, 0xff, 0xb8, 0x0, 0x1c, 0xfd,
    0xff, 0xff, 0x3f, 0x0, 0x0, 0x0, 0xa1, 0xff,
    0xff, 0xb7, 0x0, 0x28, 0xff, 0xff, 0xff, 0xb0,
    0x14, 0xff, 0xff, 0xff, 0xb8, 0x0, 0x0, 0xbe,
    0xff, 0xff, 0x99, 0x0, 0x0, 0x9, 0xf2, 0xff,
    0xff, 0x5d, 0x0, 0x28, 0xff, 0xff, 0xff, 0xb0,
    0x14, 0xff, 0xff, 0xff, 0xb8, 0x0, 0x0, 0x62,
    0xff, 0xff, 0xed, 0x5, 0x0, 0x56, 0xff, 0xff,
    0xf6, 0xd, 0x0, 0x28, 0xff, 0xff, 0xff, 0xb0,
    0x14, 0xff, 0xff, 0xff, 0xb8, 0x0, 0x0, 0xe,
    0xf7, 0xff, 0xff, 0x4d, 0x0, 0xb0, 0xff, 0xff,
    0xa9, 0x0, 0x0, 0x28, 0xff, 0xff, 0xff, 0xb0,
    0x14, 0xff, 0xff, 0xff, 0xb8, 0x0, 0x0, 0x0,
    0xab, 0xff, 0xff, 0xa7, 0x11, 0xf9, 0xff, 0xff,
    0x4f, 0x0, 0x0, 0x28, 0xff, 0xff, 0xff, 0xb0,
    0x14, 0xff, 0xff, 0xff, 0xb8, 0x0, 0x0, 0x0,
    0x4f, 0xff, 0xff, 0xf5, 0x71, 0xff, 0xff, 0xee,
    0x6, 0x0, 0x0, 0x28, 0xff, 0xff, 0xff, 0xb0,
    0x14, 0xff, 0xff, 0xff, 0xb8, 0x0, 0x0, 0x0,
    0x5, 0xec, 0xff, 0xff, 0xfc, 0xff, 0xff, 0x9b,
    0x0, 0x0, 0x0, 0x28, 0xff, 0xff, 0xff, 0xb0,
    0x14, 0xff, 0xff, 0xff, 0xb8, 0x0, 0x0, 0x0,
    0x0, 0x97, 0xff, 0xff, 0xff, 0xff, 0xff, 0x42,
    0x0, 0x0, 0x0, 0x28, 0xff, 0xff, 0xff, 0xb0,
    0x14, 0xff, 0xff, 0xff, 0xb8, 0x0, 0x0, 0x0,
    0x0, 0x3b, 0xff, 0xff, 0xff, 0xff, 0xe5, 0x2,
    0x0, 0x0, 0x0, 0x28, 0xff, 0xff, 0xff, 0xb0,
    0x14, 0xff, 0xff, 0xff, 0xb8, 0x0, 0x0, 0x0,
    0x0, 0x0, 0xda, 0xff, 0xff, 0xff, 0x89, 0x0,
    0x0, 0x0, 0x0, 0x28, 0xff, 0xff, 0xff, 0xb0,
    0x14, 0xff, 0xff, 0xff, 0xb8, 0x0, 0x0, 0x0,
    0x0, 0x0, 0x21, 0x57, 0x58, 0x51, 0xa, 0x0,
    0x0, 0x0, 0x0, 0x28, 0xff, 0xff, 0xff, 0xb0,
    0x14, 0xff, 0xff, 0xff, 0xb8, 0x0, 0x0, 0x0,
    0x0, 0x0, 0x0, 0x0, 0x0, 0x0, 0x0, 0x0,
    0x0, 0x0, 0x0, 0x28, 0xff, 0xff, 0xff, 0xb0,
    0x14, 0xff, 0xff, 0xff, 0xb8, 0x0, 0x0, 0x0,
    0x0, 0x0, 0x0, 0x0, 0x0, 0x0, 0x0, 0x0,
    0x0, 0x0, 0x0, 0x28, 0xff, 0xff, 0xff, 0xb0,
    0x14, 0xff, 0xff, 0xff, 0xb8, 0x0, 0x0, 0x0,
    0x0, 0x0, 0x0, 0x0, 0x0, 0x0, 0x0, 0x0,
    0x0, 0x0, 0x0, 0x28, 0xff, 0xff, 0xff, 0xb0,
    0x14, 0xff, 0xff, 0xff, 0xb8, 0x0, 0x0, 0x0,
    0x0, 0x0, 0x0, 0x0, 0x0, 0x0, 0x0, 0x0,
    0x0, 0x0, 0x0, 0x28, 0xff, 0xff, 0xff, 0xb0,
    0x8, 0xed, 0xff, 0xff, 0xa3, 0x0, 0x0, 0x0,
    0x0, 0x0, 0x0, 0x0, 0x0, 0x0, 0x0, 0x0,
    0x0, 0x0, 0x0, 0x16, 0xf4, 0xff, 0xff, 0x91,

    /* U+004E "N" */
    0x8, 0xed, 0xff, 0xff, 0xaf, 0x0, 0x0, 0x0,
    0x0, 0x0, 0x0, 0x0, 0x0, 0x0, 0x54, 0xfd,
    0xff, 0xfc, 0x4d, 0x14, 0xff, 0xff, 0xff, 0xff,
    0x4d, 0x0, 0x0, 0x0, 0x0, 0x0, 0x0, 0x0,
    0x0, 0x70, 0xff, 0xff, 0xff, 0x68, 0x14, 0xff,
    0xff, 0xff, 0xff, 0xd6, 0x3, 0x0, 0x0, 0x0,
    0x0, 0x0, 0x0, 0x0, 0x70, 0xff, 0xff, 0xff,
    0x68, 0x14, 0xff, 0xff, 0xff, 0xff, 0xff, 0x67,
    0x0, 0x0, 0x0, 0x0, 0x0, 0x0, 0x0, 0x70,
    0xff, 0xff, 0xff, 0x68, 0x14, 0xff, 0xff, 0xff,
    0xff, 0xff, 0xe8, 0xc, 0x0, 0x0, 0x0, 0x0,
    0x0, 0x0, 0x70, 0xff, 0xff, 0xff, 0x68, 0x14,
    0xff, 0xff, 0xff, 0xff, 0xff, 0xff, 0x81, 0x0,
    0x0, 0x0, 0x0, 0x0, 0x0, 0x70, 0xff, 0xff,
    0xff, 0x68, 0x14, 0xff, 0xff, 0xff, 0xff, 0xff,
    0xff, 0xf4, 0x19, 0x0, 0x0, 0x0, 0x0, 0x0,
    0x70, 0xff, 0xff, 0xff, 0x68, 0x14, 0xff, 0xff,
    0xff, 0xfe, 0xff, 0xff, 0xff, 0x9b, 0x0, 0x0,
    0x0, 0x0, 0x0, 0x70, 0xff, 0xff, 0xff, 0x68,
    0x14, 0xff, 0xff, 0xff, 0xc4, 0xc8, 0xff, 0xff,
    0xfc, 0x2b, 0x0, 0x0, 0x0, 0x0, 0x70, 0xff,
    0xff, 0xff, 0x68, 0x14, 0xff, 0xff, 0xff, 0xc4,
    0x3c, 0xff, 0xff, 0xff, 0xb4, 0x0, 0x0, 0x0,
    0x0, 0x70, 0xff, 0xff, 0xff, 0x68, 0x14, 0xff,
    0xff, 0xff, 0xc4, 0x0, 0xaf, 0xff, 0xff, 0xff,
    0x41, 0x0, 0x0, 0x0, 0x70, 0xff, 0xff, 0xff,
    0x68, 0x14, 0xff, 0xff, 0xff, 0xc4, 0x0, 0x26,
    0xfb, 0xff, 0xff, 0xcd, 0x1, 0x0, 0x0, 0x70,
    0xff, 0xff, 0xff, 0x68, 0x14, 0xff, 0xff, 0xff,
    0xc4, 0x0, 0x0, 0x94, 0xff, 0xff, 0xff, 0x5b,
    0x0, 0x0, 0x70, 0xff, 0xff, 0xff, 0x68, 0x14,
    0xff, 0xff, 0xff, 0xc4, 0x0, 0x0, 0x15, 0xf1,
    0xff, 0xff, 0xe0, 0x7, 0x0, 0x70, 0xff, 0xff,
    0xff, 0x68, 0x14, 0xff, 0xff, 0xff, 0xc4, 0x0,
    0x0, 0x0, 0x7a, 0xff, 0xff, 0xff, 0x75, 0x0,
    0x70, 0xff, 0xff, 0xff, 0x68, 0x14, 0xff, 0xff,
    0xff, 0xc4, 0x0, 0x0, 0x0, 0x9, 0xe3, 0xff,
    0xff, 0xef, 0x12, 0x70, 0xff, 0xff, 0xff, 0x68,
    0x14, 0xff, 0xff, 0xff, 0xc4, 0x0, 0x0, 0x0,
    0x0, 0x5f, 0xff, 0xff, 0xff, 0x8f, 0x70, 0xff,
    0xff, 0xff, 0x68, 0x14, 0xff, 0xff, 0xff, 0xc4,
    0x0, 0x0, 0x0, 0x0, 0x2, 0xd0, 0xff, 0xff,
    0xf9, 0x92, 0xff, 0xff, 0xff, 0x68, 0x14, 0xff,
    0xff, 0xff, 0xc4, 0x0, 0x0, 0x0, 0x0, 0x0,
    0x45, 0xff, 0xff, 0xff, 0xfe, 0xff, 0xff, 0xff,
    0x68, 0x14, 0xff, 0xff, 0xff, 0xc4, 0x0, 0x0,
    0x0, 0x0, 0x0, 0x0, 0xb8, 0xff, 0xff, 0xff,
    0xff, 0xff, 0xff, 0x68, 0x14, 0xff, 0xff, 0xff,
    0xc4, 0x0, 0x0, 0x0, 0x0, 0x0, 0x0, 0x2d,
    0xfd, 0xff, 0xff, 0xff, 0xff, 0xff, 0x68, 0x14,
    0xff, 0xff, 0xff, 0xc4, 0x0, 0x0, 0x0, 0x0,
    0x0, 0x0, 0x0, 0x9d, 0xff, 0xff, 0xff, 0xff,
    0xff, 0x68, 0x14, 0xff, 0xff, 0xff, 0xc4, 0x0,
    0x0, 0x0, 0x0, 0x0, 0x0, 0x0, 0x1a, 0xf5,
    0xff, 0xff, 0xff, 0xff, 0x68, 0x14, 0xff, 0xff,
    0xff, 0xc4, 0x0, 0x0, 0x0, 0x0, 0x0, 0x0,
    0x0, 0x0, 0x83, 0xff, 0xff, 0xff, 0xff, 0x68,
    0x14, 0xff, 0xff, 0xff, 0xc4, 0x0, 0x0, 0x0,
    0x0, 0x0, 0x0, 0x0, 0x0, 0xc, 0xe8, 0xff,
    0xff, 0xff, 0x68, 0x8, 0xed, 0xff, 0xff, 0xa5,
    0x0, 0x0, 0x0, 0x0, 0x0, 0x0, 0x0, 0x0,
    0x0, 0x54, 0xf5, 0xff, 0xfc, 0x4d,

    /* U+004F "O" */
    0x0, 0x0, 0x0, 0x4c, 0xb0, 0xe5, 0xfa, 0xff,
    0xff, 0xff, 0xff, 0xfb, 0xe8, 0xb5, 0x57, 0x1,
    0x0, 0x0, 0x0, 0x3, 0xa4, 0xff, 0xff, 0xff,
    0xff, 0xff, 0xff, 0xff, 0xff, 0xff, 0xff, 0xff,
    0xff, 0xb5, 0x9, 0x0, 0x0, 0x81, 0xff, 0xff,
    0xff, 0xff, 0xff, 0xff, 0xff, 0xff, 0xff, 0xff,
    0xff, 0xff, 0xff, 0xff, 0x9a, 0x0, 0xe, 0xf3,
    0xff, 0xff, 0xff, 0xed, 0x9d, 0x81, 0x80, 0x80,
    0x81, 0x9c, 0xe8, 0xff, 0xff, 0xff, 0xfc, 0x1f,
    0x4b, 0xff, 0xff, 0xff, 0xea, 0x17, 0x0, 0x0,
    0x0, 0x0, 0x0, 0x0, 0xf, 0xdc, 0xff, 0xff,
    0xff, 0x66, 0x6e, 0xff, 0xff, 0xff, 0x8b, 0x0,
    0x0, 0x0, 0x0, 0x0, 0x0, 0x0, 0x0, 0x74,
    0xff, 0xff, 0xff, 0x88, 0x7b, 0xff, 0xff, 0xff,
    0x6b, 0x0, 0x0, 0x0, 0x0, 0x0, 0x0, 0x0,
    0x0, 0x53, 0xff, 0xff, 0xff, 0x97, 0x7c, 0xff,
    0xff, 0xff, 0x68, 0x0, 0x0, 0x0, 0x0, 0x0,
    0x0, 0x0, 0x0, 0x50, 0xff, 0xff, 0xff, 0x98,
    0x7c, 0xff, 0xff, 0xff, 0x68, 0x0, 0x0, 0x0,
    0x0, 0x0, 0x0, 0x0, 0x0, 0x50, 0xff, 0xff,
    0xff, 0x98, 0x7c, 0xff, 0xff, 0xff, 0x68, 0x0,
    0x0, 0x0, 0x0, 0x0, 0x0, 0x0, 0x0, 0x50,
    0xff, 0xff, 0xff, 0x98, 0x7c, 0xff, 0xff, 0xff,
    0x68, 0x0, 0x0, 0x0, 0x0, 0x0, 0x0, 0x0,
    0x0, 0x50, 0xff, 0xff, 0xff, 0x98, 0x7c, 0xff,
    0xff, 0xff, 0x68, 0x0, 0x0, 0x0, 0x0, 0x0,
    0x0, 0x0, 0x0, 0x50, 0xff, 0xff, 0xff, 0x98,
    0x7c, 0xff, 0xff, 0xff, 0x68, 0x0, 0x0, 0x0,
    0x0, 0x0, 0x0, 0x0, 0x0, 0x50, 0xff, 0xff,
    0xff, 0x98, 0x7c, 0xff, 0xff, 0xff, 0x68, 0x0,
    0x0, 0x0, 0x0, 0x0, 0x0, 0x0, 0x0, 0x50,
    0xff, 0xff, 0xff, 0x98, 0x7c, 0xff, 0xff, 0xff,
    0x68, 0x0, 0x0, 0x0, 0x0, 0x0, 0x0, 0x0,
    0x0, 0x50, 0xff, 0xff, 0xff, 0x98, 0x7c, 0xff,
    0xff, 0xff, 0x68, 0x0, 0x0, 0x0, 0x0, 0x0,
    0x0, 0x0, 0x0, 0x50, 0xff, 0xff, 0xff, 0x98,
    0x7c, 0xff, 0xff, 0xff, 0x68, 0x0, 0x0, 0x0,
    0x0, 0x0, 0x0, 0x0, 0x0, 0x50, 0xff, 0xff,
    0xff, 0x98, 0x7c, 0xff, 0xff, 0xff, 0x68, 0x0,
    0x0, 0x0, 0x0, 0x0, 0x0, 0x0, 0x0, 0x50,
    0xff, 0xff, 0xff, 0x98, 0x7c, 0xff, 0xff, 0xff,
    0x68, 0x0, 0x0, 0x0, 0x0, 0x0, 0x0, 0x0,
    0x0, 0x50, 0xff, 0xff, 0xff, 0x98, 0x7b, 0xff,
    0xff, 0xff, 0x6b, 0x0, 0x0, 0x0, 0x0, 0x0,
    0x0, 0x0, 0x0, 0x53, 0xff, 0xff, 0xff, 0x97,
    0x6e, 0xff, 0xff, 0xff, 0x8b, 0x0, 0x0, 0x0,
    0x0, 0x0, 0x0, 0x0, 0x0, 0x74, 0xff, 0xff,
    0xff, 0x88, 0x4a, 0xff, 0xff, 0xff, 0xe9, 0x17,
    0x0, 0x0, 0x0, 0x0, 0x0, 0x0, 0xf, 0xdc,
    0xff, 0xff, 0xff, 0x65, 0xd, 0xf2, 0xff, 0xff,
    0xff, 0xec, 0x9c, 0x81, 0x80, 0x80, 0x80, 0x9a,
    0xe7, 0xff, 0xff, 0xff, 0xfb, 0x1e, 0x0, 0x7e,
    0xff, 0xff, 0xff, 0xff, 0xff, 0xff, 0xff, 0xff,
    0xff, 0xff, 0xff, 0xff, 0xff, 0xff, 0x96, 0x0,
    0x0, 0x2, 0xa1, 0xff, 0xff, 0xff, 0xff, 0xff,
    0xff, 0xff, 0xff, 0xff, 0xff, 0xff, 0xff, 0xb3,
    0x8, 0x0, 0x0, 0x0, 0x0, 0x4b, 0xb0, 0xe6,
    0xfb, 0xff, 0xff, 0xff, 0xff, 0xfc, 0xe9, 0xb5,
    0x57, 0x1, 0x0, 0x0,

    /* U+0050 "P" */
    0x8, 0xed, 0xff, 0xff, 0xff, 0xff, 0xff, 0xff,
    0xff, 0xff, 0xff, 0xf8, 0xe0, 0xa3, 0x37, 0x0,
    0x0, 0x0, 0x14, 0xff, 0xff, 0xff, 0xff, 0xff,
    0xff, 0xff, 0xff, 0xff, 0xff, 0xff, 0xff, 0xff,
    0xfe, 0x7c, 0x0, 0x0, 0x14, 0xff, 0xff, 0xff,
    0xff, 0xff, 0xff, 0xff, 0xff, 0xff, 0xff, 0xff,
    0xff, 0xff, 0xff, 0xff, 0x56, 0x0, 0x14, 0xff,
    0xff, 0xff, 0xee, 0x82, 0x80, 0x80, 0x80, 0x80,
    0x83, 0xa5, 0xf7, 0xff, 0xff, 0xff, 0xd8, 0x0,
    0x14, 0xff, 0xff, 0xff, 0xcc, 0x0, 0x0, 0x0,
    0x0, 0x0, 0x0, 0x0, 0x30, 0xfb, 0xff, 0xff,
    0xff, 0x20, 0x14, 0xff, 0xff, 0xff, 0xcc, 0x0,
    0x0, 0x0, 0x0, 0x0, 0x0, 0x0, 0x0, 0xb9,
    0xff, 0xff, 0xff, 0x42, 0x14, 0xff, 0xff, 0xff,
    0xcc, 0x0, 0x0, 0x0, 0x0, 0x0, 0x0, 0x0,
    0x0, 0x9a, 0xff, 0xff, 0xff, 0x4f, 0x14, 0xff,
    0xff, 0xff, 0xcc, 0x0, 0x0, 0x0, 0x0, 0x0,
    0x0, 0x0, 0x0, 0x98, 0xff, 0xff, 0xff, 0x50,
    0x14, 0xff, 0xff, 0xff, 0xcc, 0x0, 0x0, 0x0,
    0x0, 0x0, 0x0, 0x0, 0x0, 0x98, 0xff, 0xff,
    0xff, 0x50, 0x14, 0xff, 0xff, 0xff, 0xcc, 0x0,
    0x0, 0x0, 0x0, 0x0, 0x0, 0x0, 0x0, 0x98,
    0xff, 0xff, 0xff, 0x50, 0x14, 0xff, 0xff, 0xff,
    0xcc, 0x0, 0x0, 0x0, 0x0, 0x0, 0x0, 0x0,
    0x0, 0xa6, 0xff, 0xff, 0xff, 0x4b, 0x14, 0xff,
    0xff, 0xff, 0xcc, 0x0, 0x0, 0x0, 0x0, 0x0,
    0x0, 0x0, 0x4, 0xdc, 0xff, 0xff, 0xff, 0x37,
    0x14, 0xff, 0xff, 0xff, 0xd4, 0x1, 0x0, 0x0,
    0x0, 0x0, 0x3, 0x24, 0xa3, 0xff, 0xff, 0xff,
    0xf9, 0x9, 0x14, 0xff, 0xff, 0xff, 0xff, 0xff,
    0xff, 0xff, 0xff, 0xff, 0xff, 0xff, 0xff, 0xff,
    0xff, 0xff, 0xa1, 0x0, 0x14, 0xff, 0xff, 0xff,
    0xff, 0xff, 0xff, 0xff, 0xff, 0xff, 0xff, 0xff,
    0xff, 0xff, 0xff, 0xe5, 0x18, 0x0, 0x14, 0xff,
    0xff, 0xff, 0xff, 0xff, 0xff, 0xff, 0xff, 0xff,
    0xff, 0xff, 0xff, 0xff, 0xc0, 0x1f, 0x0, 0x0,
    0x14, 0xff, 0xff, 0xff, 0xf2, 0x8e, 0x8c, 0x8c,
    0x8c, 0x8c, 0x8c, 0x85, 0x6c, 0x2f, 0x0, 0x0,
    0x0, 0x0, 0x14, 0xff, 0xff, 0xff, 0xcc, 0x0,
    0x0, 0x0, 0x0, 0x0, 0x0, 0x0, 0x0, 0x0,
    0x0, 0x0, 0x0, 0x0, 0x14, 0xff, 0xff, 0xff,
    0xcc, 0x0, 0x0, 0x0, 0x0, 0x0, 0x0, 0x0,
    0x0, 0x0, 0x0, 0x0, 0x0, 0x0, 0x14, 0xff,
    0xff, 0xff, 0xcc, 0x0, 0x0, 0x0, 0x0, 0x0,
    0x0, 0x0, 0x0, 0x0, 0x0, 0x0, 0x0, 0x0,
    0x14, 0xff, 0xff, 0xff, 0xcc, 0x0, 0x0, 0x0,
    0x0, 0x0, 0x0, 0x0, 0x0, 0x0, 0x0, 0x0,
    0x0, 0x0, 0x14, 0xff, 0xff, 0xff, 0xcc, 0x0,
    0x0, 0x0, 0x0, 0x0, 0x0, 0x0, 0x0, 0x0,
    0x0, 0x0, 0x0, 0x0, 0x14, 0xff, 0xff, 0xff,
    0xcc, 0x0, 0x0, 0x0, 0x0, 0x0, 0x0, 0x0,
    0x0, 0x0, 0x0, 0x0, 0x0, 0x0, 0x14, 0xff,
    0xff, 0xff, 0xcc, 0x0, 0x0, 0x0, 0x0, 0x0,
    0x0, 0x0, 0x0, 0x0, 0x0, 0x0, 0x0, 0x0,
    0x14, 0xff, 0xff, 0xff, 0xcc, 0x0, 0x0, 0x0,
    0x0, 0x0, 0x0, 0x0, 0x0, 0x0, 0x0, 0x0,
    0x0, 0x0, 0x8, 0xed, 0xff, 0xff, 0xad, 0x0,
    0x0, 0x0, 0x0, 0x0, 0x0, 0x0, 0x0, 0x0,
    0x0, 0x0, 0x0, 0x0,

    /* U+0051 "Q" */
    0x0, 0x0, 0x0, 0x30, 0x9e, 0xdc, 0xf6, 0xff,
    0xff, 0xff, 0xff, 0xfe, 0xee, 0xc4, 0x72, 0xb,
    0x0, 0x0, 0x0, 0x0, 0x71, 0xfd, 0xff, 0xff,
    0xff, 0xff, 0xff, 0xff, 0xff, 0xff, 0xff, 0xff,
    0xff, 0xd7, 0x1f, 0x0, 0x0, 0x4c, 0xff, 0xff,
    0xff, 0xff, 0xff, 0xff, 0xff, 0xff, 0xff, 0xff,
    0xff, 0xff, 0xff, 0xff, 0xce, 0x2, 0x0, 0xcd,
    0xff, 0xff, 0xff, 0xfc, 0xae, 0x86, 0x80, 0x80,
    0x80, 0x91, 0xd1, 0xff, 0xff, 0xff, 0xff, 0x51,
    0x17, 0xff, 0xff, 0xff, 0xff, 0x49, 0x0, 0x0,
    0x0, 0x0, 0x0, 0x0, 0x2, 0xaa, 0xff, 0xff,
    0xff, 0x9b, 0x3a, 0xff, 0xff, 0xff, 0xd3, 0x0,
    0x0, 0x0, 0x0, 0x0, 0x0, 0x0, 0x0, 0x38,
    0xff, 0xff, 0xff, 0xbd, 0x47, 0xff, 0xff, 0xff,
    0xb3, 0x0, 0x0, 0x0, 0x0, 0x0, 0x0, 0x0,
    0x0, 0x17, 0xff, 0xff, 0xff, 0xcb, 0x48, 0xff,
    0xff, 0xff, 0xb0, 0x0, 0x0, 0x0, 0x0, 0x0,
    0x0, 0x0, 0x0, 0x14, 0xff, 0xff, 0xff, 0xcc,
    0x48, 0xff, 0xff, 0xff, 0xb0, 0x0, 0x0, 0x0,
    0x0, 0x0, 0x0, 0x0, 0x0, 0x14, 0xff, 0xff,
    0xff, 0xcc, 0x48, 0xff, 0xff, 0xff, 0xb0, 0x0,
    0x0, 0x0, 0x0, 0x0, 0x0, 0x0, 0x0, 0x14,
    0xff, 0xff, 0xff, 0xcc, 0x48, 0xff, 0xff, 0xff,
    0xb0, 0x0, 0x0, 0x0, 0x0, 0x0, 0x0, 0x0,
    0x0, 0x14, 0xff, 0xff, 0xff, 0xcc, 0x48, 0xff,
    0xff, 0xff, 0xb0, 0x0, 0x0, 0x0, 0x0, 0x0,
    0x0, 0x0, 0x0, 0x14, 0xff, 0xff, 0xff, 0xcc,
    0x48, 0xff, 0xff, 0xff, 0xb0, 0x0, 0x0, 0x0,
    0x0, 0x0, 0x0, 0x0, 0x0, 0x14, 0xff, 0xff,
    0xff, 0xcc, 0x48, 0xff, 0xff, 0xff, 0xb0, 0x0,
    0x0, 0x0, 0x0, 0x0, 0x0, 0x0, 0x0, 0x14,
    0xff, 0xff, 0xff, 0xcc, 0x48, 0xff, 0xff, 0xff,
    0xb0, 0x0, 0x0, 0x0, 0x0, 0x0, 0x0, 0x0,
    0x0, 0x14, 0xff, 0xff, 0xff, 0xcc, 0x48, 0xff,
    0xff, 0xff, 0xb0, 0x0, 0x0, 0x0, 0x0, 0x0,
    0x0, 0x0, 0x0, 0x14, 0xff, 0xff, 0xff, 0xcc,
    0x48, 0xff, 0xff, 0xff, 0xb0, 0x0, 0x0, 0x0,
    0x0, 0x0, 0x0, 0x0, 0x0, 0x14, 0xff, 0xff,
    0xff, 0xcc, 0x48, 0xff, 0xff, 0xff, 0xb0, 0x0,
    0x0, 0x0, 0x0, 0x0, 0x0, 0x0, 0x0, 0x14,
    0xff, 0xff, 0xff, 0xcc, 0x48, 0xff, 0xff, 0xff,
    0xb0, 0x0, 0x0, 0x0, 0x0, 0x0, 0x0, 0x0,
    0x0, 0x14, 0xff, 0xff, 0xff, 0xcc, 0x47, 0xff,
    0xff, 0xff, 0xb3, 0x0, 0x0, 0x0, 0x0, 0x0,
    0x0, 0x0, 0x0, 0x17, 0xff, 0xff, 0xff, 0xcb,
    0x3a, 0xff, 0xff, 0xff, 0xd3, 0x0, 0x0, 0x0,
    0x0, 0x0, 0x0, 0x0, 0x0, 0x38, 0xff, 0xff,
    0xff, 0xbe, 0x16, 0xff, 0xff, 0xff, 0xff, 0x49,
    0x0, 0x0, 0x0, 0x0, 0x0, 0x0, 0x2, 0xaa,
    0xff, 0xff, 0xff, 0x9a, 0x0, 0xca, 0xff, 0xff,
    0xff, 0xfc, 0xad, 0x85, 0x80, 0x80, 0x80, 0x90,
    0xd0, 0xff, 0xff, 0xff, 0xff, 0x4e, 0x0, 0x49,
    0xfe, 0xff, 0xff, 0xff, 0xff, 0xff, 0xff, 0xff,
    0xff, 0xff, 0xff, 0xff, 0xff, 0xff, 0xc9, 0x2,
    0x0, 0x0, 0x6f, 0xfc, 0xff, 0xff, 0xff, 0xff,
    0xff, 0xff, 0xff, 0xff, 0xff, 0xff, 0xff, 0xd3,
    0x1a, 0x0, 0x0, 0x0, 0x0, 0x30, 0x9e, 0xdd,
    0xf7, 0xff, 0xff, 0xff, 0xff, 0xff, 0xfb, 0xbb,
    0x69, 0x6, 0x0, 0x0, 0x0, 0x0, 0x0, 0x0,
    0x0, 0x0, 0x0, 0x0, 0x9, 0xe2, 0xff, 0xff,
    0xfe, 0x33, 0x0, 0x0, 0x0, 0x0, 0x0, 0x0,
    0x0, 0x0, 0x0, 0x0, 0x0, 0x0, 0x0, 0x5b,
    0xff, 0xff, 0xff, 0xc0, 0x0, 0x0, 0x0, 0x0,
    0x0, 0x0, 0x0, 0x0, 0x0, 0x0, 0x0, 0x0,
    0x0, 0x1, 0xc9, 0xff, 0xff, 0xff, 0x50, 0x0,
    0x0, 0x0, 0x0, 0x0, 0x0, 0x0, 0x0, 0x0,
    0x0, 0x0, 0x0, 0x0, 0x3b, 0xff, 0xff, 0xff,
    0xda, 0x5, 0x0, 0x0, 0x0, 0x0, 0x0, 0x0,
    0x0, 0x0, 0x0, 0x0, 0x0, 0x0, 0x0, 0xa7,
    0xff, 0xff, 0xff, 0x6b, 0x0, 0x0, 0x0, 0x0,
    0x0, 0x0, 0x0, 0x0, 0x0, 0x0, 0x0, 0x0,
    0x0, 0xb, 0x6d, 0x80, 0x80, 0x3b, 0x0, 0x0,

    /* U+0052 "R" */
    0x8, 0xed, 0xff, 0xff, 0xff, 0xff, 0xff, 0xff,
    0xff, 0xff, 0xff, 0xf5, 0xd6, 0x91, 0x20, 0x0,
    0x0, 0x0, 0x0, 0x14, 0xff, 0xff, 0xff, 0xff,
    0xff, 0xff, 0xff, 0xff, 0xff, 0xff, 0xff, 0xff,
    0xff, 0xf5, 0x51, 0x0, 0x0, 0x0, 0x14, 0xff,
    0xff, 0xff, 0xff, 0xff, 0xff, 0xff, 0xff, 0xff,
    0xff, 0xff, 0xff, 0xff, 0xff, 0xf8, 0x2f, 0x0,
    0x0, 0x14, 0xff, 0xff, 0xff, 0xee, 0x82, 0x80,
    0x80, 0x80, 0x80, 0x88, 0xb5, 0xfe, 0xff, 0xff,
    0xff, 0xaf, 0x0, 0x0, 0x14, 0xff, 0xff, 0xff,
    0xcc, 0x0, 0x0, 0x0, 0x0, 0x0, 0x0, 0x0,
    0x56, 0xff, 0xff, 0xff, 0xf7, 0x7, 0x0, 0x14,
    0xff, 0xff, 0xff, 0xcc, 0x0, 0x0, 0x0, 0x0,
    0x0, 0x0, 0x0, 0x0, 0xdd, 0xff, 0xff, 0xff,
    0x24, 0x0, 0x14, 0xff, 0xff, 0xff, 0xcc, 0x0,
    0x0, 0x0, 0x0, 0x0, 0x0, 0x0, 0x0, 0xbb,
    0xff, 0xff, 0xff, 0x33, 0x0, 0x14, 0xff, 0xff,
    0xff, 0xcc, 0x0, 0x0, 0x0, 0x0, 0x0, 0x0,
    0x0, 0x0, 0xb8, 0xff, 0xff, 0xff, 0x34, 0x0,
    0x14, 0xff, 0xff, 0xff, 0xcc, 0x0, 0x0, 0x0,
    0x0, 0x0, 0x0, 0x0, 0x0, 0xb8, 0xff, 0xff,
    0xff, 0x34, 0x0, 0x14, 0xff, 0xff, 0xff, 0xcc,
    0x0, 0x0, 0x0, 0x0, 0x0, 0x0, 0x0, 0x0,
    0xb8, 0xff, 0xff, 0xff, 0x32, 0x0, 0x14, 0xff,
    0xff, 0xff, 0xcc, 0x0, 0x0, 0x0, 0x0, 0x0,
    0x0, 0x0, 0x0, 0xd3, 0xff, 0xff, 0xff, 0x1c,
    0x0, 0x14, 0xff, 0xff, 0xff, 0xcc, 0x0, 0x0,
    0x0, 0x0, 0x0, 0x0, 0x0, 0x2d, 0xfc, 0xff,
    0xff, 0xfa, 0x3, 0x0, 0x14, 0xff, 0xff, 0xff,
    0xe3, 0x4a, 0x48, 0x48, 0x48, 0x48, 0x50, 0x7a,
    0xeb, 0xff, 0xff, 0xff, 0xaa, 0x0, 0x0, 0x14,
    0xff, 0xff, 0xff, 0xff, 0xff, 0xff, 0xff, 0xff,
    0xff, 0xff, 0xff, 0xff, 0xff, 0xff, 0xf7, 0x33,
    0x0, 0x0, 0x14, 0xff, 0xff, 0xff, 0xff, 0xff,
    0xff, 0xff, 0xff, 0xff, 0xff, 0xff, 0xff, 0xff,
    0xf1, 0x4c, 0x0, 0x0, 0x0, 0x14, 0xff, 0xff,
    0xff, 0xff, 0xff, 0xff, 0xff, 0xff, 0xff, 0xff,
    0xff, 0xff, 0xa9, 0x10, 0x0, 0x0, 0x0, 0x0,
    0x14, 0xff, 0xff, 0xff, 0xd6, 0x2, 0x0, 0x0,
    0x0, 0x76, 0xff, 0xff, 0xff, 0xc5, 0x0, 0x0,
    0x0, 0x0, 0x0, 0x14, 0xff, 0xff, 0xff, 0xcc,
    0x0, 0x0, 0x0, 0x0, 0xe, 0xf1, 0xff, 0xff,
    0xff, 0x3d, 0x0, 0x0, 0x0, 0x0, 0x14, 0xff,
    0xff, 0xff, 0xcc, 0x0, 0x0, 0x0, 0x0, 0x0,
    0x8a, 0xff, 0xff, 0xff, 0xb5, 0x0, 0x0, 0x0,
    0x0, 0x14, 0xff, 0xff, 0xff, 0xcc, 0x0, 0x0,
    0x0, 0x0, 0x0, 0x1a, 0xf9, 0xff, 0xff, 0xff,
    0x2e, 0x0, 0x0, 0x0, 0x14, 0xff, 0xff, 0xff,
    0xcc, 0x0, 0x0, 0x0, 0x0, 0x0, 0x0, 0x9f,
    0xff, 0xff, 0xff, 0xa5, 0x0, 0x0, 0x0, 0x14,
    0xff, 0xff, 0xff, 0xcc, 0x0, 0x0, 0x0, 0x0,
    0x0, 0x0, 0x2a, 0xfe, 0xff, 0xff, 0xfc, 0x21,
    0x0, 0x0, 0x14, 0xff, 0xff, 0xff, 0xcc, 0x0,
    0x0, 0x0, 0x0, 0x0, 0x0, 0x0, 0xb3, 0xff,
    0xff, 0xff, 0x95, 0x0, 0x0, 0x14, 0xff, 0xff,
    0xff, 0xcc, 0x0, 0x0, 0x0, 0x0, 0x0, 0x0,
    0x0, 0x3e, 0xff, 0xff, 0xff, 0xf6, 0x16, 0x0,
    0x14, 0xff, 0xff, 0xff, 0xcc, 0x0, 0x0, 0x0,
    0x0, 0x0, 0x0, 0x0, 0x0, 0xc7, 0xff, 0xff,
    0xff, 0x85, 0x0, 0x8, 0xed, 0xff, 0xff, 0xae,
    0x0, 0x0, 0x0, 0x0, 0x0, 0x0, 0x0, 0x0,
    0x3e, 0xec, 0xff, 0xff, 0xdd, 0x0,

    /* U+0053 "S" */
    0x0, 0x0, 0x0, 0x4b, 0xaf, 0xe6, 0xfb, 0xff,
    0xff, 0xff, 0xff, 0xf4, 0xd6, 0x91, 0x20, 0x0,
    0x0, 0x0, 0x0, 0x3, 0xa3, 0xff, 0xff, 0xff,
    0xff, 0xff, 0xff, 0xff, 0xff, 0xff, 0xff, 0xff,
    0xf5, 0x51, 0x0, 0x0, 0x0, 0x86, 0xff, 0xff,
    0xff, 0xff, 0xff, 0xff, 0xff, 0xff, 0xff, 0xff,
    0xff, 0xff, 0xff, 0xf7, 0x2e, 0x0, 0x15, 0xf7,
    0xff, 0xff, 0xff, 0xf2, 0xa5, 0x85, 0x80, 0x80,
    0x8e, 0xba, 0xff, 0xff, 0xff, 0xff, 0xae, 0x0,
    0x5b, 0xff, 0xff, 0xff, 0xe5, 0x1b, 0x0, 0x0,
    0x0, 0x0, 0x0, 0x0, 0x5d, 0xff, 0xff, 0xff,
    0xf6, 0x6, 0x81, 0xff, 0xff, 0xff, 0x86, 0x0,
    0x0, 0x0, 0x0, 0x0, 0x0, 0x0, 0x0, 0xe2,
    0xff, 0xff, 0xff, 0x23, 0x8f, 0xff, 0xff, 0xff,
    0x62, 0x0, 0x0, 0x0, 0x0, 0x0, 0x0, 0x0,
    0x0, 0xc0, 0xff, 0xff, 0xff, 0x32, 0x90, 0xff,
    0xff, 0xff, 0x5c, 0x0, 0x0, 0x0, 0x0, 0x0,
    0x0, 0x0, 0x0, 0x8c, 0xec, 0xec, 0xe2, 0x1b,
    0x80, 0xff, 0xff, 0xff, 0x6a, 0x0, 0x0, 0x0,
    0x0, 0x0, 0x0, 0x0, 0x0, 0x0, 0x0, 0x0,
    0x0, 0x0, 0x62, 0xff, 0xff, 0xff, 0xcf, 0xd,
    0x0, 0x0, 0x0, 0x0, 0x0, 0x0, 0x0, 0x0,
    0x0, 0x0, 0x0, 0x0, 0x1f, 0xfc, 0xff, 0xff,
    0xff, 0xe2, 0x7b, 0x38, 0x9, 0x0, 0x0, 0x0,
    0x0, 0x0, 0x0, 0x0, 0x0, 0x0, 0x0, 0xa4,
    0xff, 0xff, 0xff, 0xff, 0xff, 0xff, 0xfc, 0xd3,
    0x9d, 0x66, 0x27, 0x0, 0x0, 0x0, 0x0, 0x0,
    0x0, 0xc, 0xcb, 0xff, 0xff, 0xff, 0xff, 0xff,
    0xff, 0xff, 0xff, 0xff, 0xff, 0xcd, 0x56, 0x0,
    0x0, 0x0, 0x0, 0x0, 0x7, 0x78, 0xe1, 0xff,
    0xff, 0xff, 0xff, 0xff, 0xff, 0xff, 0xff, 0xff,
    0xff, 0xa3, 0x2, 0x0, 0x0, 0x0, 0x0, 0x0,
    0x0, 0x32, 0x77, 0xb4, 0xea, 0xff, 0xff, 0xff,
    0xff, 0xff, 0xff, 0xff, 0x76, 0x0, 0x0, 0x0,
    0x0, 0x0, 0x0, 0x0, 0x0, 0x0, 0x0, 0x1a,
    0x4f, 0x9d, 0xfb, 0xff, 0xff, 0xff, 0xed, 0x5,
    0x0, 0x0, 0x0, 0x0, 0x0, 0x0, 0x0, 0x0,
    0x0, 0x0, 0x0, 0x0, 0x37, 0xf6, 0xff, 0xff,
    0xff, 0x41, 0x0, 0x13, 0x14, 0x10, 0x0, 0x0,
    0x0, 0x0, 0x0, 0x0, 0x0, 0x0, 0x0, 0x98,
    0xff, 0xff, 0xff, 0x5f, 0x7d, 0xff, 0xff, 0xff,
    0x49, 0x0, 0x0, 0x0, 0x0, 0x0, 0x0, 0x0,
    0x0, 0x71, 0xff, 0xff, 0xff, 0x6f, 0x8e, 0xff,
    0xff, 0xff, 0x63, 0x0, 0x0, 0x0, 0x0, 0x0,
    0x0, 0x0, 0x0, 0x7c, 0xff, 0xff, 0xff, 0x6f,
    0x81, 0xff, 0xff, 0xff, 0x84, 0x0, 0x0, 0x0,
    0x0, 0x0, 0x0, 0x0, 0x0, 0xa1, 0xff, 0xff,
    0xff, 0x60, 0x59, 0xff, 0xff, 0xff, 0xe6, 0x14,
    0x0, 0x0, 0x0, 0x0, 0x0, 0x0, 0x29, 0xf7,
    0xff, 0xff, 0xff, 0x3a, 0x13, 0xf6, 0xff, 0xff,
    0xff, 0xef, 0xa1, 0x84, 0x80, 0x80, 0x87, 0xaa,
    0xf8, 0xff, 0xff, 0xff, 0xe8, 0x5, 0x0, 0x83,
    0xff, 0xff, 0xff, 0xff, 0xff, 0xff, 0xff, 0xff,
    0xff, 0xff, 0xff, 0xff, 0xff, 0xff, 0x67, 0x0,
    0x0, 0x3, 0x9f, 0xff, 0xff, 0xff, 0xff, 0xff,
    0xff, 0xff, 0xff, 0xff, 0xff, 0xff, 0xff, 0x8b,
    0x0, 0x0, 0x0, 0x0, 0x0, 0x48, 0xae, 0xe6,
    0xfb, 0xff, 0xff, 0xff, 0xff, 0xfa, 0xe3, 0xa8,
    0x3e, 0x0, 0x0, 0x0,

    /* U+0054 "T" */
    0x52, 0xfc, 0xff, 0xff, 0xff, 0xff, 0xff, 0xff,
    0xff, 0xff, 0xff, 0xff, 0xff, 0xff, 0xff, 0xff,
    0xb7, 0x70, 0xff, 0xff, 0xff, 0xff, 0xff, 0xff,
    0xff, 0xff, 0xff, 0xff, 0xff, 0xff, 0xff, 0xff,
    0xff, 0xd8, 0x6e, 0xff, 0xff, 0xff, 0xff, 0xff,
    0xff, 0xff, 0xff, 0xff, 0xff, 0xff, 0xff, 0xff,
    0xff, 0xff, 0xd6, 0x1c, 0x7c, 0x80, 0x80, 0x80,
    0x80, 0xae, 0xff, 0xff, 0xff, 0xdc, 0x80, 0x80,
    0x80, 0x80, 0x80, 0x4d, 0x0, 0x0, 0x0, 0x0,
    0x0, 0x0, 0x48, 0xff, 0xff, 0xff, 0xa4, 0x0,
    0x0, 0x0, 0x0, 0x0, 0x0, 0x0, 0x0, 0x0,
    0x0, 0x0, 0x0, 0x48, 0xff, 0xff, 0xff, 0xa4,
    0x0, 0x0, 0x0, 0x0, 0x0, 0x0, 0x0, 0x0,
    0x0, 0x0, 0x0, 0x0, 0x48, 0xff, 0xff, 0xff,
    0xa4, 0x0, 0x0, 0x0, 0x0, 0x0, 0x0, 0x0,
    0x0, 0x0, 0x0, 0x0, 0x0, 0x48, 0xff, 0xff,
    0xff, 0xa4, 0x0, 0x0, 0x0, 0x0, 0x0, 0x0,
    0x0, 0x0, 0x0, 0x0, 0x0, 0x0, 0x48, 0xff,
    0xff, 0xff, 0xa4, 0x0, 0x0, 0x0, 0x0, 0x0,
    0x0, 0x0, 0x0, 0x0, 0x0, 0x0, 0x0, 0x48,
    0xff, 0xff, 0xff, 0xa4, 0x0, 0x0, 0x0, 0x0,
    0x0, 0x0, 0x0, 0x0, 0x0, 0x0, 0x0, 0x0,
    0x48, 0xff, 0xff, 0xff, 0xa4, 0x0, 0x0, 0x0,
    0x0, 0x0, 0x0, 0x0, 0x0, 0x0, 0x0, 0x0,
    0x0, 0x48, 0xff, 0xff, 0xff, 0xa4, 0x0, 0x0,
    0x0, 0x0, 0x0, 0x0, 0x0, 0x0, 0x0, 0x0,
    0x0, 0x0, 0x48, 0xff, 0xff, 0xff, 0xa4, 0x0,
    0x0, 0x0, 0x0, 0x0, 0x0, 0x0, 0x0, 0x0,
    0x0, 0x0, 0x0, 0x48, 0xff, 0xff, 0xff, 0xa4,
    0x0, 0x0, 0x0, 0x0, 0x0, 0x0, 0x0, 0x0,
    0x0, 0x0, 0x0, 0x0, 0x48, 0xff, 0xff, 0xff,
    0xa4, 0x0, 0x0, 0x0, 0x0, 0x0, 0x0, 0x0,
    0x0, 0x0, 0x0, 0x0, 0x0, 0x48, 0xff, 0xff,
    0xff, 0xa4, 0x0, 0x0, 0x0, 0x0, 0x0, 0x0,
    0x0, 0x0, 0x0, 0x0, 0x0, 0x0, 0x48, 0xff,
    0xff, 0xff, 0xa4, 0x0, 0x0, 0x0, 0x0, 0x0,
    0x0, 0x0, 0x0, 0x0, 0x0, 0x0, 0x0, 0x48,
    0xff, 0xff, 0xff, 0xa4, 0x0, 0x0, 0x0, 0x0,
    0x0, 0x0, 0x0, 0x0, 0x0, 0x0, 0x0, 0x0,
    0x48, 0xff, 0xff, 0xff, 0xa4, 0x0, 0x0, 0x0,
    0x0, 0x0, 0x0, 0x0, 0x0, 0x0, 0x0, 0x0,
    0x0, 0x48, 0xff, 0xff, 0xff, 0xa4, 0x0, 0x0,
    0x0, 0x0, 0x0, 0x0, 0x0, 0x0, 0x0, 0x0,
    0x0, 0x0, 0x48, 0xff, 0xff, 0xff, 0xa4, 0x0,
    0x0, 0x0, 0x0, 0x0, 0x0, 0x0, 0x0, 0x0,
    0x0, 0x0, 0x0, 0x48, 0xff, 0xff, 0xff, 0xa4,
    0x0, 0x0, 0x0, 0x0, 0x0, 0x0, 0x0, 0x0,
    0x0, 0x0, 0x0, 0x0, 0x48, 0xff, 0xff, 0xff,
    0xa4, 0x0, 0x0, 0x0, 0x0, 0x0, 0x0, 0x0,
    0x0, 0x0, 0x0, 0x0, 0x0, 0x48, 0xff, 0xff,
    0xff, 0xa4, 0x0, 0x0, 0x0, 0x0, 0x0, 0x0,
    0x0, 0x0, 0x0, 0x0, 0x0, 0x0, 0x48, 0xff,
    0xff, 0xff, 0xa4, 0x0, 0x0, 0x0, 0x0, 0x0,
    0x0, 0x0, 0x0, 0x0, 0x0, 0x0, 0x0, 0x30,
    0xf8, 0xff, 0xff, 0x86, 0x0, 0x0, 0x0, 0x0,
    0x0, 0x0,

    /* U+0055 "U" */
    0x30, 0xf8, 0xff, 0xff, 0x7a, 0x0, 0x0, 0x0,
    0x0, 0x0, 0x0, 0x0, 0x0, 0x38, 0xfa, 0xff,
    0xff, 0x7b, 0x48, 0xff, 0xff, 0xff, 0x98, 0x0,
    0x0, 0x0, 0x0, 0x0, 0x0, 0x0, 0x0, 0x50,
    0xff, 0xff, 0xff, 0x98, 0x48, 0xff, 0xff, 0xff,
    0x98, 0x0, 0x0, 0x0, 0x0, 0x0, 0x0, 0x0,
    0x0, 0x50, 0xff, 0xff, 0xff, 0x98, 0x48, 0xff,
    0xff, 0xff, 0x98, 0x0, 0x0, 0x0, 0x0, 0x0,
    0x0, 0x0, 0x0, 0x50, 0xff, 0xff, 0xff, 0x98,
    0x48, 0xff, 0xff, 0xff, 0x98, 0x0, 0x0, 0x0,
    0x0, 0x0, 0x0, 0x0, 0x0, 0x50, 0xff, 0xff,
    0xff, 0x98, 0x48, 0xff, 0xff, 0xff, 0x98, 0x0,
    0x0, 0x0, 0x0, 0x0, 0x0, 0x0, 0x0, 0x50,
    0xff, 0xff, 0xff, 0x98, 0x48, 0xff, 0xff, 0xff,
    0x98, 0x0, 0x0, 0x0, 0x0, 0x0, 0x0, 0x0,
    0x0, 0x50, 0xff, 0xff, 0xff, 0x98, 0x48, 0xff,
    0xff, 0xff, 0x98, 0x0, 0x0, 0x0, 0x0, 0x0,
    0x0, 0x0, 0x0, 0x50, 0xff, 0xff, 0xff, 0x98,
    0x48, 0xff, 0xff, 0xff, 0x98, 0x0, 0x0, 0x0,
    0x0, 0x0, 0x0, 0x0, 0x0, 0x50, 0xff, 0xff,
    0xff, 0x98, 0x48, 0xff, 0xff, 0xff, 0x98, 0x0,
    0x0, 0x0, 0x0, 0x0, 0x0, 0x0, 0x0, 0x50,
    0xff, 0xff, 0xff, 0x98, 0x48, 0xff, 0xff, 0xff,
    0x98, 0x0, 0x0, 0x0, 0x0, 0x0, 0x0, 0x0,
    0x0, 0x50, 0xff, 0xff, 0xff, 0x98, 0x48, 0xff,
    0xff, 0xff, 0x98, 0x0, 0x0, 0x0, 0x0, 0x0,
    0x0, 0x0, 0x0, 0x50, 0xff, 0xff, 0xff, 0x98,
    0x48, 0xff, 0xff, 0xff, 0x98, 0x0, 0x0, 0x0,
    0x0, 0x0, 0x0, 0x0, 0x0, 0x50, 0xff, 0xff,
    0xff, 0x98, 0x48, 0xff, 0xff, 0xff, 0x98, 0x0,
    0x0, 0x0, 0x0, 0x0, 0x0, 0x0, 0x0, 0x50,
    0xff, 0xff, 0xff, 0x98, 0x48, 0xff, 0xff, 0xff,
    0x98, 0x0, 0x0, 0x0, 0x0, 0x0, 0x0, 0x0,
    0x0, 0x50, 0xff, 0xff, 0xff, 0x98, 0x48, 0xff,
    0xff, 0xff, 0x98, 0x0, 0x0, 0x0, 0x0, 0x0,
    0x0, 0x0, 0x0, 0x50, 0xff, 0xff, 0xff, 0x98,
    0x48, 0xff, 0xff, 0xff, 0x98, 0x0, 0x0, 0x0,
    0x0, 0x0, 0x0, 0x0, 0x0, 0x50, 0xff, 0xff,
    0xff, 0x98, 0x48, 0xff, 0xff, 0xff, 0x98, 0x0,
    0x0, 0x0, 0x0, 0x0, 0x0, 0x0, 0x0, 0x50,
    0xff, 0xff, 0xff, 0x98, 0x48, 0xff, 0xff, 0xff,
    0x98, 0x0, 0x0, 0x0, 0x0, 0x0, 0x0, 0x0,
    0x0, 0x50, 0xff, 0xff, 0xff, 0x98, 0x47, 0xff,
    0xff, 0xff, 0x9c, 0x0, 0x0, 0x0, 0x0, 0x0,
    0x0, 0x0, 0x0, 0x54, 0xff, 0xff, 0xff, 0x97,
    0x3a, 0xff, 0xff, 0xff, 0xbc, 0x0, 0x0, 0x0,
    0x0, 0x0, 0x0, 0x0, 0x0, 0x75, 0xff, 0xff,
    0xff, 0x88, 0x16, 0xff, 0xff, 0xff, 0xfc, 0x36,
    0x0, 0x0, 0x0, 0x0, 0x0, 0x0, 0xf, 0xdd,
    0xff, 0xff, 0xff, 0x64, 0x0, 0xca, 0xff, 0xff,
    0xff, 0xf9, 0xa7, 0x84, 0x80, 0x80, 0x80, 0x9a,
    0xe7, 0xff, 0xff, 0xff, 0xfb, 0x1d, 0x0, 0x49,
    0xfe, 0xff, 0xff, 0xff, 0xff, 0xff, 0xff, 0xff,
    0xff, 0xff, 0xff, 0xff, 0xff, 0xff, 0x94, 0x0,
    0x0, 0x0, 0x6f, 0xfd, 0xff, 0xff, 0xff, 0xff,
    0xff, 0xff, 0xff, 0xff, 0xff, 0xff, 0xff, 0xaf,
    0x7, 0x0, 0x0, 0x0, 0x0, 0x30, 0x9f, 0xde,
    0xf8, 0xff, 0xff, 0xff, 0xff, 0xfc, 0xe8, 0xb4,
    0x54, 0x1, 0x0, 0x0,

    /* U+0056 "V" */
    0x23, 0xfc, 0xff, 0xff, 0xe0, 0x7, 0x0, 0x0,
    0x0, 0x0, 0x0, 0x0, 0x0, 0x0, 0x0, 0x60,
    0xfc, 0xff, 0xff, 0xaa, 0x4, 0xf1, 0xff, 0xff,
    0xff, 0x3e, 0x0, 0x0, 0x0, 0x0, 0x0, 0x0,
    0x0, 0x0, 0x0, 0xb7, 0xff, 0xff, 0xff, 0x84,
    0x0, 0xb0, 0xff, 0xff, 0xff, 0x7d, 0x0, 0x0,
    0x0, 0x0, 0x0, 0x0, 0x0, 0x0, 0x3, 0xf1,
    0xff, 0xff, 0xff, 0x3f, 0x0, 0x6b, 0xff, 0xff,
    0xff, 0xbb, 0x0, 0x0, 0x0, 0x0, 0x0, 0x0,
    0x0, 0x0, 0x33, 0xff, 0xff, 0xff, 0xf3, 0x5,
    0x0, 0x26, 0xff, 0xff, 0xff, 0xf5, 0x5, 0x0,
    0x0, 0x0, 0x0, 0x0, 0x0, 0x0, 0x71, 0xff,
    0xff, 0xff, 0xb3, 0x0, 0x0, 0x0, 0xe0, 0xff,
    0xff, 0xff, 0x38, 0x0, 0x0, 0x0, 0x0, 0x0,
    0x0, 0x0, 0xb0, 0xff, 0xff, 0xff, 0x6e, 0x0,
    0x0, 0x0, 0x9b, 0xff, 0xff, 0xff, 0x77, 0x0,
    0x0, 0x0, 0x0, 0x0, 0x0, 0x1, 0xec, 0xff,
    0xff, 0xff, 0x28, 0x0, 0x0, 0x0, 0x56, 0xff,
    0xff, 0xff, 0xb5, 0x0, 0x0, 0x0, 0x0, 0x0,
    0x0, 0x2c, 0xff, 0xff, 0xff, 0xe2, 0x0, 0x0,
    0x0, 0x0, 0x12, 0xfd, 0xff, 0xff, 0xf1, 0x3,
    0x0, 0x0, 0x0, 0x0, 0x0, 0x6a, 0xff, 0xff,
    0xff, 0x9d, 0x0, 0x0, 0x0, 0x0, 0x0, 0xcb,
    0xff, 0xff, 0xff, 0x32, 0x0, 0x0, 0x0, 0x0,
    0x0, 0xa8, 0xff, 0xff, 0xff, 0x58, 0x0, 0x0,
    0x0, 0x0, 0x0, 0x86, 0xff, 0xff, 0xff, 0x71,
    0x0, 0x0, 0x0, 0x0, 0x0, 0xe5, 0xff, 0xff,
    0xfe, 0x14, 0x0, 0x0, 0x0, 0x0, 0x0, 0x41,
    0xff, 0xff, 0xff, 0xaf, 0x0, 0x0, 0x0, 0x0,
    0x24, 0xff, 0xff, 0xff, 0xcc, 0x0, 0x0, 0x0,
    0x0, 0x0, 0x0, 0x6, 0xf4, 0xff, 0xff, 0xec,
    0x1, 0x0, 0x0, 0x0, 0x63, 0xff, 0xff, 0xff,
    0x87, 0x0, 0x0, 0x0, 0x0, 0x0, 0x0, 0x0,
    0xb6, 0xff, 0xff, 0xff, 0x2c, 0x0, 0x0, 0x0,
    0xa1, 0xff, 0xff, 0xff, 0x41, 0x0, 0x0, 0x0,
    0x0, 0x0, 0x0, 0x0, 0x71, 0xff, 0xff, 0xff,
    0x6b, 0x0, 0x0, 0x0, 0xdf, 0xff, 0xff, 0xf5,
    0x6, 0x0, 0x0, 0x0, 0x0, 0x0, 0x0, 0x0,
    0x2c, 0xff, 0xff, 0xff, 0xa9, 0x0, 0x0, 0x1c,
    0xff, 0xff, 0xff, 0xb6, 0x0, 0x0, 0x0, 0x0,
    0x0, 0x0, 0x0, 0x0, 0x0, 0xe5, 0xff, 0xff,
    0xe7, 0x0, 0x0, 0x5b, 0xff, 0xff, 0xff, 0x70,
    0x0, 0x0, 0x0, 0x0, 0x0, 0x0, 0x0, 0x0,
    0x0, 0xa1, 0xff, 0xff, 0xff, 0x27, 0x0, 0x99,
    0xff, 0xff, 0xff, 0x2b, 0x0, 0x0, 0x0, 0x0,
    0x0, 0x0, 0x0, 0x0, 0x0, 0x5c, 0xff, 0xff,
    0xff, 0x65, 0x0, 0xd8, 0xff, 0xff, 0xe5, 0x0,
    0x0, 0x0, 0x0, 0x0, 0x0, 0x0, 0x0, 0x0,
    0x0, 0x18, 0xfe, 0xff, 0xff, 0xa4, 0x16, 0xff,
    0xff, 0xff, 0xa0, 0x0, 0x0, 0x0, 0x0, 0x0,
    0x0, 0x0, 0x0, 0x0, 0x0, 0x0, 0xd1, 0xff,
    0xff, 0xe2, 0x54, 0xff, 0xff, 0xff, 0x5a, 0x0,
    0x0, 0x0, 0x0, 0x0, 0x0, 0x0, 0x0, 0x0,
    0x0, 0x0, 0x8c, 0xff, 0xff, 0xff, 0xb8, 0xff,
    0xff, 0xfe, 0x16, 0x0, 0x0, 0x0, 0x0, 0x0,
    0x0, 0x0, 0x0, 0x0, 0x0, 0x0, 0x47, 0xff,
    0xff, 0xff, 0xff, 0xff, 0xff, 0xcf, 0x0, 0x0,
    0x0, 0x0, 0x0, 0x0, 0x0, 0x0, 0x0, 0x0,
    0x0, 0x0, 0x9, 0xf8, 0xff, 0xff, 0xff, 0xff,
    0xff, 0x89, 0x0, 0x0, 0x0, 0x0, 0x0, 0x0,
    0x0, 0x0, 0x0, 0x0, 0x0, 0x0, 0x0, 0xbc,
    0xff, 0xff, 0xff, 0xff, 0xff, 0x44, 0x0, 0x0,
    0x0, 0x0, 0x0, 0x0, 0x0, 0x0, 0x0, 0x0,
    0x0, 0x0, 0x0, 0x60, 0xfc, 0xff, 0xff, 0xff,
    0xde, 0x7, 0x0, 0x0, 0x0, 0x0, 0x0, 0x0,

    /* U+0057 "W" */
    0x16, 0xf5, 0xff, 0xff, 0xf9, 0x4a, 0x0, 0x0,
    0x0, 0x0, 0x0, 0x0, 0x0, 0x50, 0xfc, 0xff,
    0xff, 0xfc, 0x55, 0x0, 0x0, 0x0, 0x0, 0x0,
    0x0, 0x0, 0x33, 0xf6, 0xff, 0xff, 0xf8, 0x28,
    0x6, 0xfa, 0xff, 0xff, 0xff, 0x87, 0x0, 0x0,
    0x0, 0x0, 0x0, 0x0, 0x0, 0x9b, 0xff, 0xff,
    0xff, 0xff, 0xa2, 0x0, 0x0, 0x0, 0x0, 0x0,
    0x0, 0x0, 0x6e, 0xff, 0xff, 0xff, 0xff, 0x15,
    0x0, 0xcf, 0xff, 0xff, 0xff, 0xae, 0x0, 0x0,
    0x0, 0x0, 0x0, 0x0, 0x0, 0xd3, 0xff, 0xff,
    0xff, 0xff, 0xdc, 0x0, 0x0, 0x0, 0x0, 0x0,
    0x0, 0x0, 0x96, 0xff, 0xff, 0xff, 0xe3, 0x0,
    0x0, 0x9d, 0xff, 0xff, 0xff, 0xd5, 0x0, 0x0,
    0x0, 0x0, 0x0, 0x0, 0xe, 0xfd, 0xff, 0xff,
    0xff, 0xff, 0xff, 0x15, 0x0, 0x0, 0x0, 0x0,
    0x0, 0x0, 0xbd, 0xff, 0xff, 0xff, 0xb2, 0x0,
    0x0, 0x6c, 0xff, 0xff, 0xff, 0xf9, 0x3, 0x0,
    0x0, 0x0, 0x0, 0x0, 0x45, 0xff, 0xff, 0xfd,
    0xfb, 0xff, 0xff, 0x4e, 0x0, 0x0, 0x0, 0x0,
    0x0, 0x0, 0xe4, 0xff, 0xff, 0xff, 0x80, 0x0,
    0x0, 0x3b, 0xff, 0xff, 0xff, 0xff, 0x23, 0x0,
    0x0, 0x0, 0x0, 0x0, 0x7e, 0xff, 0xff, 0xcf,
    0xbc, 0xff, 0xff, 0x88, 0x0, 0x0, 0x0, 0x0,
    0x0, 0xc, 0xff, 0xff, 0xff, 0xff, 0x4f, 0x0,
    0x0, 0xb, 0xfd, 0xff, 0xff, 0xff, 0x4a, 0x0,
    0x0, 0x0, 0x0, 0x0, 0xb7, 0xff, 0xff, 0x97,
    0x84, 0xff, 0xff, 0xc1, 0x0, 0x0, 0x0, 0x0,
    0x0, 0x33, 0xff, 0xff, 0xff, 0xff, 0x1d, 0x0,
    0x0, 0x0, 0xd8, 0xff, 0xff, 0xff, 0x71, 0x0,
    0x0, 0x0, 0x0, 0x1, 0xee, 0xff, 0xff, 0x5e,
    0x4b, 0xff, 0xff, 0xf6, 0x4, 0x0, 0x0, 0x0,
    0x0, 0x5a, 0xff, 0xff, 0xff, 0xec, 0x0, 0x0,
    0x0, 0x0, 0xa6, 0xff, 0xff, 0xff, 0x98, 0x0,
    0x0, 0x0, 0x0, 0x28, 0xff, 0xff, 0xff, 0x25,
    0x13, 0xff, 0xff, 0xff, 0x34, 0x0, 0x0, 0x0,
    0x0, 0x82, 0xff, 0xff, 0xff, 0xba, 0x0, 0x0,
    0x0, 0x0, 0x75, 0xff, 0xff, 0xff, 0xbf, 0x0,
    0x0, 0x0, 0x0, 0x61, 0xff, 0xff, 0xec, 0x0,
    0x0, 0xda, 0xff, 0xff, 0x6d, 0x0, 0x0, 0x0,
    0x0, 0xa9, 0xff, 0xff, 0xff, 0x89, 0x0, 0x0,
    0x0, 0x0, 0x44, 0xff, 0xff, 0xff, 0xe7, 0x0,
    0x0, 0x0, 0x0, 0x9a, 0xff, 0xff, 0xb4, 0x0,
    0x0, 0xa1, 0xff, 0xff, 0xa7, 0x0, 0x0, 0x0,
    0x0, 0xd1, 0xff, 0xff, 0xff, 0x58, 0x0, 0x0,
    0x0, 0x0, 0x12, 0xff, 0xff, 0xff, 0xff, 0xe,
    0x0, 0x0, 0x0, 0xd3, 0xff, 0xff, 0x7c, 0x0,
    0x0, 0x69, 0xff, 0xff, 0xe0, 0x0, 0x0, 0x0,
    0x1, 0xf6, 0xff, 0xff, 0xff, 0x26, 0x0, 0x0,
    0x0, 0x0, 0x0, 0xe1, 0xff, 0xff, 0xff, 0x35,
    0x0, 0x0, 0xd, 0xfd, 0xff, 0xff, 0x43, 0x0,
    0x0, 0x30, 0xff, 0xff, 0xff, 0x19, 0x0, 0x0,
    0x1f, 0xff, 0xff, 0xff, 0xf3, 0x2, 0x0, 0x0,
    0x0, 0x0, 0x0, 0xb0, 0xff, 0xff, 0xff, 0x5c,
    0x0, 0x0, 0x44, 0xff, 0xff, 0xfd, 0xd, 0x0,
    0x0, 0x3, 0xf4, 0xff, 0xff, 0x53, 0x0, 0x0,
    0x47, 0xff, 0xff, 0xff, 0xc3, 0x0, 0x0, 0x0,
    0x0, 0x0, 0x0, 0x7e, 0xff, 0xff, 0xff, 0x83,
    0x0, 0x0, 0x7d, 0xff, 0xff, 0xd2, 0x0, 0x0,
    0x0, 0x0, 0xbf, 0xff, 0xff, 0x8c, 0x0, 0x0,
    0x6e, 0xff, 0xff, 0xff, 0x92, 0x0, 0x0, 0x0,
    0x0, 0x0, 0x0, 0x4d, 0xff, 0xff, 0xff, 0xaa,
    0x0, 0x0, 0xb6, 0xff, 0xff, 0x9a, 0x0, 0x0,
    0x0, 0x0, 0x87, 0xff, 0xff, 0xc5, 0x0, 0x0,
    0x95, 0xff, 0xff, 0xff, 0x60, 0x0, 0x0, 0x0,
    0x0, 0x0, 0x0, 0x1b, 0xff, 0xff, 0xff, 0xd1,
    0x0, 0x1, 0xed, 0xff, 0xff, 0x61, 0x0, 0x0,
    0x0, 0x0, 0x4e, 0xff, 0xff, 0xf8, 0x6, 0x0,
    0xbd, 0xff, 0xff, 0xff, 0x2f, 0x0, 0x0, 0x0,
    0x0, 0x0, 0x0, 0x0, 0xea, 0xff, 0xff, 0xf6,
    0x1, 0x28, 0xff, 0xff, 0xff, 0x29, 0x0, 0x0,
    0x0, 0x0, 0x16, 0xff, 0xff, 0xff, 0x38, 0x0,
    0xe4, 0xff, 0xff, 0xf8, 0x5, 0x0, 0x0, 0x0,
    0x0, 0x0, 0x0, 0x0, 0xb9, 0xff, 0xff, 0xff,
    0x1f, 0x60, 0xff, 0xff, 0xef, 0x1, 0x0, 0x0,
    0x0, 0x0, 0x0, 0xdd, 0xff, 0xff, 0x72, 0xc,
    0xff, 0xff, 0xff, 0xcc, 0x0, 0x0, 0x0, 0x0,
    0x0, 0x0, 0x0, 0x0, 0x87, 0xff, 0xff, 0xff,
    0x46, 0x99, 0xff, 0xff, 0xb8, 0x0, 0x0, 0x0,
    0x0, 0x0, 0x0, 0xa5, 0xff, 0xff, 0xab, 0x33,
    0xff, 0xff, 0xff, 0x9b, 0x0, 0x0, 0x0, 0x0,
    0x0, 0x0, 0x0, 0x0, 0x56, 0xff, 0xff, 0xff,
    0x6d, 0xd2, 0xff, 0xff, 0x7f, 0x0, 0x0, 0x0,
    0x0, 0x0, 0x0, 0x6c, 0xff, 0xff, 0xe4, 0x5a,
    0xff, 0xff, 0xff, 0x69, 0x0, 0x0, 0x0, 0x0,
    0x0, 0x0, 0x0, 0x0, 0x24, 0xff, 0xff, 0xff,
    0xa9, 0xfd, 0xff, 0xff, 0x47, 0x0, 0x0, 0x0,
    0x0, 0x0, 0x0, 0x34, 0xff, 0xff, 0xff, 0xa6,
    0xff, 0xff, 0xff, 0x38, 0x0, 0x0, 0x0, 0x0,
    0x0, 0x0, 0x0, 0x0, 0x1, 0xf1, 0xff, 0xff,
    0xff, 0xff, 0xff, 0xfe, 0x10, 0x0, 0x0, 0x0,
    0x0, 0x0, 0x0, 0x4, 0xf6, 0xff, 0xff, 0xff,
    0xff, 0xff, 0xfc, 0x9, 0x0, 0x0, 0x0, 0x0,
    0x0, 0x0, 0x0, 0x0, 0x0, 0xc2, 0xff, 0xff,
    0xff, 0xff, 0xff, 0xd6, 0x0, 0x0, 0x0, 0x0,
    0x0, 0x0, 0x0, 0x0, 0xc3, 0xff, 0xff, 0xff,
    0xff, 0xff, 0xd5, 0x0, 0x0, 0x0, 0x0, 0x0,
    0x0, 0x0, 0x0, 0x0, 0x0, 0x90, 0xff, 0xff,
    0xff, 0xff, 0xff, 0x9d, 0x0, 0x0, 0x0, 0x0,
    0x0, 0x0, 0x0, 0x0, 0x8a, 0xff, 0xff, 0xff,
    0xff, 0xff, 0xa3, 0x0, 0x0, 0x0, 0x0, 0x0,
    0x0, 0x0, 0x0, 0x0, 0x0, 0x47, 0xf8, 0xff,
    0xff, 0xff, 0xfb, 0x50, 0x0, 0x0, 0x0, 0x0,
    0x0, 0x0, 0x0, 0x0, 0x3e, 0xf8, 0xff, 0xff,
    0xff, 0xfc, 0x59, 0x0, 0x0, 0x0, 0x0, 0x0,

    /* U+0058 "X" */
    0x84, 0xff, 0xff, 0xfd, 0xa0, 0x0, 0x0, 0x0,
    0x0, 0x0, 0x0, 0x0, 0x0, 0x0, 0x96, 0xfd,
    0xff, 0xff, 0x99, 0x0, 0x28, 0xfc, 0xff, 0xff,
    0xff, 0x3d, 0x0, 0x0, 0x0, 0x0, 0x0, 0x0,
    0x0, 0x33, 0xff, 0xff, 0xff, 0xff, 0x49, 0x0,
    0x0, 0x9c, 0xff, 0xff, 0xff, 0xbb, 0x0, 0x0,
    0x0, 0x0, 0x0, 0x0, 0x0, 0xb1, 0xff, 0xff,
    0xff, 0xbe, 0x0, 0x0, 0x0, 0x1c, 0xf7, 0xff,
    0xff, 0xff, 0x38, 0x0, 0x0, 0x0, 0x0, 0x0,
    0x2f, 0xfe, 0xff, 0xff, 0xfe, 0x34, 0x0, 0x0,
    0x0, 0x0, 0x8a, 0xff, 0xff, 0xff, 0xb5, 0x0,
    0x0, 0x0, 0x0, 0x0, 0xac, 0xff, 0xff, 0xff,
    0xa7, 0x0, 0x0, 0x0, 0x0, 0x0, 0x11, 0xef,
    0xff, 0xff, 0xff, 0x33, 0x0, 0x0, 0x0, 0x2b,
    0xfe, 0xff, 0xff, 0xf9, 0x22, 0x0, 0x0, 0x0,
    0x0, 0x0, 0x0, 0x77, 0xff, 0xff, 0xff, 0xb0,
    0x0, 0x0, 0x0, 0xa8, 0xff, 0xff, 0xff, 0x90,
    0x0, 0x0, 0x0, 0x0, 0x0, 0x0, 0x0, 0x9,
    0xe4, 0xff, 0xff, 0xfe, 0x2f, 0x0, 0x28, 0xfd,
    0xff, 0xff, 0xf1, 0x13, 0x0, 0x0, 0x0, 0x0,
    0x0, 0x0, 0x0, 0x0, 0x65, 0xff, 0xff, 0xff,
    0xab, 0x0, 0xa4, 0xff, 0xff, 0xff, 0x79, 0x0,
    0x0, 0x0, 0x0, 0x0, 0x0, 0x0, 0x0, 0x0,
    0x3, 0xd8, 0xff, 0xff, 0xfe, 0x50, 0xfc, 0xff,
    0xff, 0xe4, 0x9, 0x0, 0x0, 0x0, 0x0, 0x0,
    0x0, 0x0, 0x0, 0x0, 0x0, 0x53, 0xff, 0xff,
    0xff, 0xfd, 0xff, 0xff, 0xff, 0x62, 0x0, 0x0,
    0x0, 0x0, 0x0, 0x0, 0x0, 0x0, 0x0, 0x0,
    0x0, 0x0, 0xc8, 0xff, 0xff, 0xff, 0xff, 0xff,
    0xd4, 0x3, 0x0, 0x0, 0x0, 0x0, 0x0, 0x0,
    0x0, 0x0, 0x0, 0x0, 0x0, 0x0, 0x5e, 0xff,
    0xff, 0xff, 0xff, 0xff, 0x6a, 0x0, 0x0, 0x0,
    0x0, 0x0, 0x0, 0x0, 0x0, 0x0, 0x0, 0x0,
    0x0, 0x0, 0xbd, 0xff, 0xff, 0xff, 0xff, 0xff,
    0xc8, 0x0, 0x0, 0x0, 0x0, 0x0, 0x0, 0x0,
    0x0, 0x0, 0x0, 0x0, 0x0, 0x41, 0xff, 0xff,
    0xff, 0xff, 0xff, 0xff, 0xff, 0x4d, 0x0, 0x0,
    0x0, 0x0, 0x0, 0x0, 0x0, 0x0, 0x0, 0x0,
    0x0, 0xc5, 0xff, 0xff, 0xff, 0xc9, 0xff, 0xff,
    0xff, 0xd0, 0x1, 0x0, 0x0, 0x0, 0x0, 0x0,
    0x0, 0x0, 0x0, 0x0, 0x4b, 0xff, 0xff, 0xff,
    0xe5, 0xe, 0xe0, 0xff, 0xff, 0xff, 0x56, 0x0,
    0x0, 0x0, 0x0, 0x0, 0x0, 0x0, 0x0, 0x1,
    0xce, 0xff, 0xff, 0xff, 0x6e, 0x0, 0x67, 0xff,
    0xff, 0xff, 0xd8, 0x3, 0x0, 0x0, 0x0, 0x0,
    0x0, 0x0, 0x0, 0x54, 0xff, 0xff, 0xff, 0xe6,
    0x8, 0x0, 0x6, 0xe1, 0xff, 0xff, 0xff, 0x60,
    0x0, 0x0, 0x0, 0x0, 0x0, 0x0, 0x2, 0xd6,
    0xff, 0xff, 0xff, 0x6f, 0x0, 0x0, 0x0, 0x68,
    0xff, 0xff, 0xff, 0xdf, 0x6, 0x0, 0x0, 0x0,
    0x0, 0x0, 0x5e, 0xff, 0xff, 0xff, 0xe7, 0x8,
    0x0, 0x0, 0x0, 0x6, 0xe2, 0xff, 0xff, 0xff,
    0x6a, 0x0, 0x0, 0x0, 0x0, 0x5, 0xdd, 0xff,
    0xff, 0xff, 0x70, 0x0, 0x0, 0x0, 0x0, 0x0,
    0x69, 0xff, 0xff, 0xff, 0xe6, 0x9, 0x0, 0x0,
    0x0, 0x67, 0xff, 0xff, 0xff, 0xe7, 0x9, 0x0,
    0x0, 0x0, 0x0, 0x0, 0x6, 0xe2, 0xff, 0xff,
    0xff, 0x74, 0x0, 0x0, 0x7, 0xe3, 0xff, 0xff,
    0xff, 0x71, 0x0, 0x0, 0x0, 0x0, 0x0, 0x0,
    0x0, 0x6a, 0xff, 0xff, 0xff, 0xeb, 0xd, 0x0,
    0x70, 0xff, 0xff, 0xff, 0xe7, 0x9, 0x0, 0x0,
    0x0, 0x0, 0x0, 0x0, 0x0, 0x6, 0xe3, 0xff,
    0xff, 0xff, 0x7d, 0x0, 0xcd, 0xff, 0xff, 0xf9,
    0x60, 0x0, 0x0, 0x0, 0x0, 0x0, 0x0, 0x0,
    0x0, 0x0, 0x5a, 0xf9, 0xff, 0xff, 0xd9, 0x0,

    /* U+0059 "Y" */
    0x3e, 0xfe, 0xff, 0xff, 0xe7, 0x16, 0x0, 0x0,
    0x0, 0x0, 0x0, 0x0, 0x0, 0x0, 0x0, 0xaf,
    0xff, 0xff, 0xff, 0x8f, 0x5, 0xe2, 0xff, 0xff,
    0xff, 0x83, 0x0, 0x0, 0x0, 0x0, 0x0, 0x0,
    0x0, 0x0, 0x32, 0xff, 0xff, 0xff, 0xff, 0x38,
    0x0, 0x6e, 0xff, 0xff, 0xff, 0xeb, 0x9, 0x0,
    0x0, 0x0, 0x0, 0x0, 0x0, 0x0, 0xa2, 0xff,
    0xff, 0xff, 0xbe, 0x0, 0x0, 0x9, 0xea, 0xff,
    0xff, 0xff, 0x66, 0x0, 0x0, 0x0, 0x0, 0x0,
    0x0, 0x18, 0xf9, 0xff, 0xff, 0xff, 0x44, 0x0,
    0x0, 0x0, 0x7a, 0xff, 0xff, 0xff, 0xd6, 0x1,
    0x0, 0x0, 0x0, 0x0, 0x0, 0x81, 0xff, 0xff,
    0xff, 0xca, 0x0, 0x0, 0x0, 0x0, 0xf, 0xf0,
    0xff, 0xff, 0xff, 0x48, 0x0, 0x0, 0x0, 0x0,
    0x7, 0xe9, 0xff, 0xff, 0xff, 0x50, 0x0, 0x0,
    0x0, 0x0, 0x0, 0x85, 0xff, 0xff, 0xff, 0xb9,
    0x0, 0x0, 0x0, 0x0, 0x60, 0xff, 0xff, 0xff,
    0xd4, 0x1, 0x0, 0x0, 0x0, 0x0, 0x0, 0x15,
    0xf5, 0xff, 0xff, 0xff, 0x2c, 0x0, 0x0, 0x0,
    0xcf, 0xff, 0xff, 0xff, 0x5b, 0x0, 0x0, 0x0,
    0x0, 0x0, 0x0, 0x0, 0x90, 0xff, 0xff, 0xff,
    0x9c, 0x0, 0x0, 0x3f, 0xff, 0xff, 0xff, 0xdd,
    0x3, 0x0, 0x0, 0x0, 0x0, 0x0, 0x0, 0x0,
    0x1c, 0xf9, 0xff, 0xff, 0xf7, 0x15, 0x0, 0xae,
    0xff, 0xff, 0xff, 0x67, 0x0, 0x0, 0x0, 0x0,
    0x0, 0x0, 0x0, 0x0, 0x0, 0x9b, 0xff, 0xff,
    0xff, 0x7e, 0x20, 0xfc, 0xff, 0xff, 0xe6, 0x7,
    0x0, 0x0, 0x0, 0x0, 0x0, 0x0, 0x0, 0x0,
    0x0, 0x24, 0xfc, 0xff, 0xff, 0xe8, 0x9c, 0xff,
    0xff, 0xff, 0x73, 0x0, 0x0, 0x0, 0x0, 0x0,
    0x0, 0x0, 0x0, 0x0, 0x0, 0x0, 0xa7, 0xff,
    0xff, 0xff, 0xff, 0xff, 0xff, 0xed, 0xc, 0x0,
    0x0, 0x0, 0x0, 0x0, 0x0, 0x0, 0x0, 0x0,
    0x0, 0x0, 0x2d, 0xfe, 0xff, 0xff, 0xff, 0xff,
    0xff, 0x7f, 0x0, 0x0, 0x0, 0x0, 0x0, 0x0,
    0x0, 0x0, 0x0, 0x0, 0x0, 0x0, 0x0, 0xb2,
    0xff, 0xff, 0xff, 0xff, 0xf2, 0x11, 0x0, 0x0,
    0x0, 0x0, 0x0, 0x0, 0x0, 0x0, 0x0, 0x0,
    0x0, 0x0, 0x0, 0x37, 0xff, 0xff, 0xff, 0xff,
    0x8a, 0x0, 0x0, 0x0, 0x0, 0x0, 0x0, 0x0,
    0x0, 0x0, 0x0, 0x0, 0x0, 0x0, 0x0, 0x0,
    0xd4, 0xff, 0xff, 0xff, 0x28, 0x0, 0x0, 0x0,
    0x0, 0x0, 0x0, 0x0, 0x0, 0x0, 0x0, 0x0,
    0x0, 0x0, 0x0, 0x0, 0xcc, 0xff, 0xff, 0xff,
    0x20, 0x0, 0x0, 0x0, 0x0, 0x0, 0x0, 0x0,
    0x0, 0x0, 0x0, 0x0, 0x0, 0x0, 0x0, 0x0,
    0xcc, 0xff, 0xff, 0xff, 0x20, 0x0, 0x0, 0x0,
    0x0, 0x0, 0x0, 0x0, 0x0, 0x0, 0x0, 0x0,
    0x0, 0x0, 0x0, 0x0, 0xcc, 0xff, 0xff, 0xff,
    0x20, 0x0, 0x0, 0x0, 0x0, 0x0, 0x0, 0x0,
    0x0, 0x0, 0x0, 0x0, 0x0, 0x0, 0x0, 0x0,
    0xcc, 0xff, 0xff, 0xff, 0x20, 0x0, 0x0, 0x0,
    0x0, 0x0, 0x0, 0x0, 0x0, 0x0, 0x0, 0x0,
    0x0, 0x0, 0x0, 0x0, 0xcc, 0xff, 0xff, 0xff,
    0x20, 0x0, 0x0, 0x0, 0x0, 0x0, 0x0, 0x0,
    0x0, 0x0, 0x0, 0x0, 0x0, 0x0, 0x0, 0x0,
    0xcc, 0xff, 0xff, 0xff, 0x20, 0x0, 0x0, 0x0,
    0x0, 0x0, 0x0, 0x0, 0x0, 0x0, 0x0, 0x0,
    0x0, 0x0, 0x0, 0x0, 0xcc, 0xff, 0xff, 0xff,
    0x20, 0x0, 0x0, 0x0, 0x0, 0x0, 0x0, 0x0,
    0x0, 0x0, 0x0, 0x0, 0x0, 0x0, 0x0, 0x0,
    0xcc, 0xff, 0xff, 0xff, 0x20, 0x0, 0x0, 0x0,
    0x0, 0x0, 0x0, 0x0, 0x0, 0x0, 0x0, 0x0,
    0x0, 0x0, 0x0, 0x0, 0xae, 0xff, 0xff, 0xf1,
    0x10, 0x0, 0x0, 0x0, 0x0, 0x0, 0x0, 0x0,

    /* U+005A "Z" */
    0x0, 0x6f, 0xfe, 0xff, 0xff, 0xff, 0xff, 0xff,
    0xff, 0xff, 0xff, 0xff, 0xff, 0xff, 0xff, 0xff,
    0xe1, 0x0, 0x0, 0x90, 0xff, 0xff, 0xff, 0xff,
    0xff, 0xff, 0xff, 0xff, 0xff, 0xff, 0xff, 0xff,
    0xff, 0xff, 0xff, 0x0, 0x0, 0x90, 0xff, 0xff,
    0xff, 0xff, 0xff, 0xff, 0xff, 0xff, 0xff, 0xff,
    0xff, 0xff, 0xff, 0xff, 0xff, 0x0, 0x0, 0x57,
    0xd2, 0xd4, 0xd4, 0xd4, 0xd4, 0xd4, 0xd4, 0xd4,
    0xd4, 0xd4, 0xe0, 0xff, 0xff, 0xff, 0xf8, 0x0,
    0x0, 0x0, 0x0, 0x0, 0x0, 0x0, 0x0, 0x0,
    0x0, 0x0, 0x0, 0x0, 0xaa, 0xff, 0xff, 0xff,
    0xbf, 0x0, 0x0, 0x0, 0x0, 0x0, 0x0, 0x0,
    0x0, 0x0, 0x0, 0x0, 0x0, 0x4d, 0xff, 0xff,
    0xff, 0xfc, 0x34, 0x0, 0x0, 0x0, 0x0, 0x0,
    0x0, 0x0, 0x0, 0x0, 0x0, 0x0, 0xd, 0xe3,
    0xff, 0xff, 0xff, 0x8a, 0x0, 0x0, 0x0, 0x0,
    0x0, 0x0, 0x0, 0x0, 0x0, 0x0, 0x0, 0x0,
    0x95, 0xff, 0xff, 0xff, 0xdc, 0x9, 0x0, 0x0,
    0x0, 0x0, 0x0, 0x0, 0x0, 0x0, 0x0, 0x0,
    0x0, 0x3a, 0xfe, 0xff, 0xff, 0xff, 0x42, 0x0,
    0x0, 0x0, 0x0, 0x0, 0x0, 0x0, 0x0, 0x0,
    0x0, 0x0, 0x6, 0xd5, 0xff, 0xff, 0xff, 0x9b,
    0x0, 0x0, 0x0, 0x0, 0x0, 0x0, 0x0, 0x0,
    0x0, 0x0, 0x0, 0x0, 0x80, 0xff, 0xff, 0xff,
    0xe6, 0x10, 0x0, 0x0, 0x0, 0x0, 0x0, 0x0,
    0x0, 0x0, 0x0, 0x0, 0x0, 0x29, 0xf9, 0xff,
    0xff, 0xff, 0x52, 0x0, 0x0, 0x0, 0x0, 0x0,
    0x0, 0x0, 0x0, 0x0, 0x0, 0x0, 0x1, 0xc4,
    0xff, 0xff, 0xff, 0xac, 0x0, 0x0, 0x0, 0x0,
    0x0, 0x0, 0x0, 0x0, 0x0, 0x0, 0x0, 0x0,
    0x6b, 0xff, 0xff, 0xff, 0xef, 0x18, 0x0, 0x0,
    0x0, 0x0, 0x0, 0x0, 0x0, 0x0, 0x0, 0x0,
    0x0, 0x1b, 0xf1, 0xff, 0xff, 0xff, 0x62, 0x0,
    0x0, 0x0, 0x0, 0x0, 0x0, 0x0, 0x0, 0x0,
    0x0, 0x0, 0x0, 0xb1, 0xff, 0xff, 0xff, 0xbc,
    0x0, 0x0, 0x0, 0x0, 0x0, 0x0, 0x0, 0x0,
    0x0, 0x0, 0x0, 0x0, 0x55, 0xff, 0xff, 0xff,
    0xf5, 0x22, 0x0, 0x0, 0x0, 0x0, 0x0, 0x0,
    0x0, 0x0, 0x0, 0x0, 0x0, 0x10, 0xe7, 0xff,
    0xff, 0xff, 0x72, 0x0, 0x0, 0x0, 0x0, 0x0,
    0x0, 0x0, 0x0, 0x0, 0x0, 0x0, 0x0, 0x9d,
    0xff, 0xff, 0xff, 0xca, 0x3, 0x0, 0x0, 0x0,
    0x0, 0x0, 0x0, 0x0, 0x0, 0x0, 0x0, 0x0,
    0x40, 0xff, 0xff, 0xff, 0xfa, 0x2e, 0x0, 0x0,
    0x0, 0x0, 0x0, 0x0, 0x0, 0x0, 0x0, 0x0,
    0x0, 0x8, 0xda, 0xff, 0xff, 0xff, 0x83, 0x0,
    0x0, 0x0, 0x0, 0x0, 0x0, 0x0, 0x0, 0x0,
    0x0, 0x0, 0x0, 0x87, 0xff, 0xff, 0xff, 0xd7,
    0x7, 0x0, 0x0, 0x0, 0x0, 0x0, 0x0, 0x0,
    0x0, 0x0, 0x0, 0x0, 0xc, 0xf8, 0xff, 0xff,
    0xff, 0xe9, 0xd4, 0xd4, 0xd4, 0xd4, 0xd4, 0xd4,
    0xd4, 0xd4, 0xd4, 0xd4, 0xd0, 0x3b, 0x25, 0xff,
    0xff, 0xff, 0xff, 0xff, 0xff, 0xff, 0xff, 0xff,
    0xff, 0xff, 0xff, 0xff, 0xff, 0xff, 0xff, 0x68,
    0x28, 0xff, 0xff, 0xff, 0xff, 0xff, 0xff, 0xff,
    0xff, 0xff, 0xff, 0xff, 0xff, 0xff, 0xff, 0xff,
    0xff, 0x68, 0x16, 0xf4, 0xff, 0xff, 0xff, 0xff,
    0xff, 0xff, 0xff, 0xff, 0xff, 0xff, 0xff, 0xff,
    0xff, 0xff, 0xfc, 0x48,

    /* U+005B "[" */
    0x10, 0xf3, 0xff, 0xff, 0xff, 0xff, 0xff, 0xad,
    0x20, 0xff, 0xff, 0xff, 0xff, 0xff, 0xff, 0xcc,
    0x20, 0xff, 0xff, 0xff, 0xda, 0xcc, 0xcc, 0x84,
    0x20, 0xff, 0xff, 0xff, 0x16, 0x0, 0x0, 0x0,
    0x20, 0xff, 0xff, 0xff, 0x14, 0x0, 0x0, 0x0,
    0x20, 0xff, 0xff, 0xff, 0x14, 0x0, 0x0, 0x0,
    0x20, 0xff, 0xff, 0xff, 0x14, 0x0, 0x0, 0x0,
    0x20, 0xff, 0xff, 0xff, 0x14, 0x0, 0x0, 0x0,
    0x20, 0xff, 0xff, 0xff, 0x14, 0x0, 0x0, 0x0,
    0x20, 0xff, 0xff, 0xff, 0x14, 0x0, 0x0, 0x0,
    0x20, 0xff, 0xff, 0xff, 0x14, 0x0, 0x0, 0x0,
    0x20, 0xff, 0xff, 0xff, 0x14, 0x0, 0x0, 0x0,
    0x20, 0xff, 0xff, 0xff, 0x14, 0x0, 0x0, 0x0,
    0x20, 0xff, 0xff, 0xff, 0x14, 0x0, 0x0, 0x0,
    0x20, 0xff, 0xff, 0xff, 0x14, 0x0, 0x0, 0x0,
    0x20, 0xff, 0xff, 0xff, 0x14, 0x0, 0x0, 0x0,
    0x20, 0xff, 0xff, 0xff, 0x14, 0x0, 0x0, 0x0,
    0x20, 0xff, 0xff, 0xff, 0x14, 0x0, 0x0, 0x0,
    0x20, 0xff, 0xff, 0xff, 0x14, 0x0, 0x0, 0x0,
    0x20, 0xff, 0xff, 0xff, 0x14, 0x0, 0x0, 0x0,
    0x20, 0xff, 0xff, 0xff, 0x14, 0x0, 0x0, 0x0,
    0x20, 0xff, 0xff, 0xff, 0x14, 0x0, 0x0, 0x0,
    0x20, 0xff, 0xff, 0xff, 0x14, 0x0, 0x0, 0x0,
    0x20, 0xff, 0xff, 0xff, 0x14, 0x0, 0x0, 0x0,
    0x20, 0xff, 0xff, 0xff, 0x14, 0x0, 0x0, 0x0,
    0x20, 0xff, 0xff, 0xff, 0x14, 0x0, 0x0, 0x0,
    0x20, 0xff, 0xff, 0xff, 0x14, 0x0, 0x0, 0x0,
    0x20, 0xff, 0xff, 0xff, 0x1f, 0x0, 0x0, 0x0,
    0x20, 0xff, 0xff, 0xff, 0xff, 0xff, 0xff, 0xae,
    0x20, 0xff, 0xff, 0xff, 0xff, 0xff, 0xff, 0xcc,
    0x8, 0xbe, 0xcc, 0xcc, 0xcc, 0xcc, 0xcc, 0x84,

    /* U+005C "\\" */
    0x45, 0xff, 0xff, 0xf7, 0x50, 0x0, 0x0, 0x0,
    0x0, 0x0, 0x0, 0x0, 0x0, 0x0, 0xd, 0xf5,
    0xff, 0xff, 0xc6, 0x0, 0x0, 0x0, 0x0, 0x0,
    0x0, 0x0, 0x0, 0x0, 0x0, 0xa5, 0xff, 0xff,
    0xff, 0x26, 0x0, 0x0, 0x0, 0x0, 0x0, 0x0,
    0x0, 0x0, 0x0, 0x48, 0xff, 0xff, 0xff, 0x84,
    0x0, 0x0, 0x0, 0x0, 0x0, 0x0, 0x0, 0x0,
    0x0, 0x3, 0xe6, 0xff, 0xff, 0xe1, 0x1, 0x0,
    0x0, 0x0, 0x0, 0x0, 0x0, 0x0, 0x0, 0x0,
    0x8c, 0xff, 0xff, 0xff, 0x40, 0x0, 0x0, 0x0,
    0x0, 0x0, 0x0, 0x0, 0x0, 0x0, 0x2d, 0xff,
    0xff, 0xff, 0x9d, 0x0, 0x0, 0x0, 0x0, 0x0,
    0x0, 0x0, 0x0, 0x0, 0x0, 0xd0, 0xff, 0xff,
    0xf1, 0x9, 0x0, 0x0, 0x0, 0x0, 0x0, 0x0,
    0x0, 0x0, 0x0, 0x72, 0xff, 0xff, 0xff, 0x58,
    0x0, 0x0, 0x0, 0x0, 0x0, 0x0, 0x0, 0x0,
    0x0, 0x17, 0xfc, 0xff, 0xff, 0xb4, 0x0, 0x0,
    0x0, 0x0, 0x0, 0x0, 0x0, 0x0, 0x0, 0x0,
    0xb6, 0xff, 0xff, 0xfb, 0x16, 0x0, 0x0, 0x0,
    0x0, 0x0, 0x0, 0x0, 0x0, 0x0, 0x58, 0xff,
    0xff, 0xff, 0x6e, 0x0, 0x0, 0x0, 0x0, 0x0,
    0x0, 0x0, 0x0, 0x0, 0x8, 0xf0, 0xff, 0xff,
    0xcb, 0x0, 0x0, 0x0, 0x0, 0x0, 0x0, 0x0,
    0x0, 0x0, 0x0, 0x9c, 0xff, 0xff, 0xff, 0x28,
    0x0, 0x0, 0x0, 0x0, 0x0, 0x0, 0x0, 0x0,
    0x0, 0x3e, 0xff, 0xff, 0xff, 0x84, 0x0, 0x0,
    0x0, 0x0, 0x0, 0x0, 0x0, 0x0, 0x0, 0x1,
    0xde, 0xff, 0xff, 0xe0, 0x1, 0x0, 0x0, 0x0,
    0x0, 0x0, 0x0, 0x0, 0x0, 0x0, 0x82, 0xff,
    0xff, 0xff, 0x3d, 0x0, 0x0, 0x0, 0x0, 0x0,
    0x0, 0x0, 0x0, 0x0, 0x24, 0xff, 0xff, 0xff,
    0x9a, 0x0, 0x0, 0x0, 0x0, 0x0, 0x0, 0x0,
    0x0, 0x0, 0x0, 0xc6, 0xff, 0xff, 0xef, 0x7,
    0x0, 0x0, 0x0, 0x0, 0x0, 0x0, 0x0, 0x0,
    0x0, 0x68, 0xff, 0xff, 0xff, 0x55, 0x0, 0x0,
    0x0, 0x0, 0x0, 0x0, 0x0, 0x0, 0x0, 0x11,
    0xf8, 0xff, 0xff, 0xb3, 0x0, 0x0, 0x0, 0x0,
    0x0, 0x0, 0x0, 0x0, 0x0, 0x0, 0xac, 0xff,
    0xff, 0xfb, 0x16, 0x0, 0x0, 0x0, 0x0, 0x0,
    0x0, 0x0, 0x0, 0x0, 0x4e, 0xff, 0xff, 0xff,
    0x6f, 0x0, 0x0, 0x0, 0x0, 0x0, 0x0, 0x0,
    0x0, 0x0, 0x5, 0xea, 0xff, 0xff, 0xce, 0x0,
    0x0, 0x0, 0x0, 0x0, 0x0, 0x0, 0x0, 0x0,
    0x0, 0x92, 0xff, 0xff, 0xff, 0x2f, 0x0, 0x0,
    0x0, 0x0, 0x0, 0x0, 0x0, 0x0, 0x0, 0x27,
    0xee, 0xff, 0xff, 0x75,

    /* U+005D "]" */
    0x7a, 0xff, 0xff, 0xff, 0xff, 0xff, 0xfb, 0x38,
    0x98, 0xff, 0xff, 0xff, 0xff, 0xff, 0xff, 0x50,
    0x5b, 0xcb, 0xcc, 0xd0, 0xff, 0xff, 0xff, 0x50,
    0x0, 0x0, 0x0, 0x0, 0xe2, 0xff, 0xff, 0x50,
    0x0, 0x0, 0x0, 0x0, 0xe0, 0xff, 0xff, 0x50,
    0x0, 0x0, 0x0, 0x0, 0xe0, 0xff, 0xff, 0x50,
    0x0, 0x0, 0x0, 0x0, 0xe0, 0xff, 0xff, 0x50,
    0x0, 0x0, 0x0, 0x0, 0xe0, 0xff, 0xff, 0x50,
    0x0, 0x0, 0x0, 0x0, 0xe0, 0xff, 0xff, 0x50,
    0x0, 0x0, 0x0, 0x0, 0xe0, 0xff, 0xff, 0x50,
    0x0, 0x0, 0x0, 0x0, 0xe0, 0xff, 0xff, 0x50,
    0x0, 0x0, 0x0, 0x0, 0xe0, 0xff, 0xff, 0x50,
    0x0, 0x0, 0x0, 0x0, 0xe0, 0xff, 0xff, 0x50,
    0x0, 0x0, 0x0, 0x0, 0xe0, 0xff, 0xff, 0x50,
    0x0, 0x0, 0x0, 0x0, 0xe0, 0xff, 0xff, 0x50,
    0x0, 0x0, 0x0, 0x0, 0xe0, 0xff, 0xff, 0x50,
    0x0, 0x0, 0x0, 0x0, 0xe0, 0xff, 0xff, 0x50,
    0x0, 0x0, 0x0, 0x0, 0xe0, 0xff, 0xff, 0x50,
    0x0, 0x0, 0x0, 0x0, 0xe0, 0xff, 0xff, 0x50,
    0x0, 0x0, 0x0, 0x0, 0xe0, 0xff, 0xff, 0x50,
    0x0, 0x0, 0x0, 0x0, 0xe0, 0xff, 0xff, 0x50,
    0x0, 0x0, 0x0, 0x0, 0xe0, 0xff, 0xff, 0x50,
    0x0, 0x0, 0x0, 0x0, 0xe0, 0xff, 0xff, 0x50,
    0x0, 0x0, 0x0, 0x0, 0xe0, 0xff, 0xff, 0x50,
    0x0, 0x0, 0x0, 0x0, 0xe0, 0xff, 0xff, 0x50,
    0x0, 0x0, 0x0, 0x0, 0xe0, 0xff, 0xff, 0x50,
    0x0, 0x0, 0x0, 0x0, 0xe0, 0xff, 0xff, 0x50,
    0x0, 0x0, 0x0, 0x3, 0xe7, 0xff, 0xff, 0x50,
    0x7a, 0xff, 0xff, 0xff, 0xff, 0xff, 0xff, 0x50,
    0x98, 0xff, 0xff, 0xff, 0xff, 0xff, 0xff, 0x50,
    0x5b, 0xcb, 0xcc, 0xcc, 0xcc, 0xcc, 0xc7, 0x26,

    /* U+005E "^" */
    0x0, 0x0, 0x0, 0x0, 0x0, 0x0, 0x32, 0x7d,
    0x80, 0x80, 0x76, 0x14, 0x0, 0x0, 0x0, 0x0,
    0x0, 0x0, 0x0, 0x0, 0x0, 0x0, 0x0, 0xe,
    0xea, 0xff, 0xff, 0xff, 0xff, 0xb1, 0x0, 0x0,
    0x0, 0x0, 0x0, 0x0, 0x0, 0x0, 0x0, 0x0,
    0x0, 0x7f, 0xff, 0xff, 0xff, 0xff, 0xff, 0xff,
    0x37, 0x0, 0x0, 0x0, 0x0, 0x0, 0x0, 0x0,
    0x0, 0x0, 0x10, 0xf0, 0xff, 0xff, 0xa5, 0xe5,
    0xff, 0xff, 0xb9, 0x0, 0x0, 0x0, 0x0, 0x0,
    0x0, 0x0, 0x0, 0x0, 0x84, 0xff, 0xff, 0xfb,
    0x22, 0x6d, 0xff, 0xff, 0xff, 0x3c, 0x0, 0x0,
    0x0, 0x0, 0x0, 0x0, 0x0, 0x13, 0xf2, 0xff,
    0xff, 0x9d, 0x0, 0x7, 0xe4, 0xff, 0xff, 0xbe,
    0x0, 0x0, 0x0, 0x0, 0x0, 0x0, 0x0, 0x89,
    0xff, 0xff, 0xfb, 0x22, 0x0, 0x0, 0x6b, 0xff,
    0xff, 0xff, 0x41, 0x0, 0x0, 0x0, 0x0, 0x0,
    0x16, 0xf4, 0xff, 0xff, 0x9d, 0x0, 0x0, 0x0,
    0x7, 0xe3, 0xff, 0xff, 0xc4, 0x0, 0x0, 0x0,
    0x0, 0x0, 0x8d, 0xff, 0xff, 0xfb, 0x22, 0x0,
    0x0, 0x0, 0x0, 0x69, 0xff, 0xff, 0xff, 0x47,
    0x0, 0x0, 0x0, 0x18, 0xf6, 0xff, 0xff, 0x9d,
    0x0, 0x0, 0x0, 0x0, 0x0, 0x6, 0xe1, 0xff,
    0xff, 0xca, 0x0, 0x0, 0x0, 0x92, 0xff, 0xff,
    0xfb, 0x22, 0x0, 0x0, 0x0, 0x0, 0x0, 0x0,
    0x67, 0xff, 0xff, 0xff, 0x4d, 0x0, 0x5, 0xf2,
    0xff, 0xfe, 0x85, 0x0, 0x0, 0x0, 0x0, 0x0,
    0x0, 0x0, 0x5, 0xc8, 0xff, 0xff, 0xb1, 0x0,

    /* U+005F "_" */
    0x37, 0x50, 0x50, 0x50, 0x50, 0x50, 0x50, 0x50,
    0x50, 0x50, 0x50, 0x50, 0x50, 0x50, 0x2d, 0xf9,
    0xff, 0xff, 0xff, 0xff, 0xff, 0xff, 0xff, 0xff,
    0xff, 0xff, 0xff, 0xff, 0xff, 0xd9, 0xdf, 0xff,
    0xff, 0xff, 0xff, 0xff, 0xff, 0xff, 0xff, 0xff,
    0xff, 0xff, 0xff, 0xff, 0xbf,

    /* U+0060 "`" */
    0x28, 0x50, 0x50, 0x4f, 0x21, 0x0, 0x0, 0x0,
    0x64, 0xff, 0xff, 0xff, 0xee, 0x14, 0x0, 0x0,
    0x0, 0x9a, 0xff, 0xff, 0xff, 0x8c, 0x0, 0x0,
    0x0, 0x5, 0xc1, 0xff, 0xff, 0xf7, 0x1a, 0x0,
    0x0, 0x0, 0x14, 0xdf, 0xff, 0xff, 0x96, 0x0,
    0x0, 0x0, 0x0, 0x2c, 0xe5, 0xff, 0xf8, 0xe,

    /* U+0061 "a" */
    0x0, 0x0, 0xe, 0x79, 0xc9, 0xef, 0xfe, 0xff,
    0xff, 0xff, 0xff, 0xff, 0xff, 0xff, 0xff, 0xdf,
    0x0, 0x28, 0xdf, 0xff, 0xff, 0xff, 0xff, 0xff,
    0xff, 0xff, 0xff, 0xff, 0xff, 0xff, 0xff, 0xff,
    0x7, 0xd9, 0xff, 0xff, 0xff, 0xff, 0xff, 0xff,
    0xff, 0xff, 0xff, 0xff, 0xff, 0xff, 0xff, 0xff,
    0x60, 0xff, 0xff, 0xff, 0xff, 0xcb, 0x8f, 0x80,
    0x80, 0x80, 0x80, 0x85, 0xfc, 0xff, 0xff, 0xff,
    0xab, 0xff, 0xff, 0xff, 0x9d, 0x1, 0x0, 0x0,
    0x0, 0x0, 0x0, 0x0, 0xec, 0xff, 0xff, 0xff,
    0xd1, 0xff, 0xff, 0xff, 0x26, 0x0, 0x0, 0x0,
    0x0, 0x0, 0x0, 0x0, 0xec, 0xff, 0xff, 0xff,
    0xde, 0xff, 0xff, 0xff, 0x4, 0x0, 0x0, 0x0,
    0x0, 0x0, 0x0, 0x0, 0xec, 0xff, 0xff, 0xff,
    0xe0, 0xff, 0xff, 0xff, 0x0, 0x0, 0x0, 0x0,
    0x0, 0x0, 0x0, 0x0, 0xec, 0xff, 0xff, 0xff,
    0xe0, 0xff, 0xff, 0xff, 0x0, 0x0, 0x0, 0x0,
    0x0, 0x0, 0x0, 0x0, 0xec, 0xff, 0xff, 0xff,
    0xe0, 0xff, 0xff, 0xff, 0x0, 0x0, 0x0, 0x0,
    0x0, 0x0, 0x0, 0x0, 0xec, 0xff, 0xff, 0xff,
    0xe0, 0xff, 0xff, 0xff, 0x0, 0x0, 0x0, 0x0,
    0x0, 0x0, 0x0, 0x0, 0xec, 0xff, 0xff, 0xff,
    0xe0, 0xff, 0xff, 0xff, 0x0, 0x0, 0x0, 0x0,
    0x0, 0x0, 0x0, 0x0, 0xec, 0xff, 0xff, 0xff,
    0xe0, 0xff, 0xff, 0xff, 0x0, 0x0, 0x0, 0x0,
    0x0, 0x0, 0x0, 0x0, 0xec, 0xff, 0xff, 0xff,
    0xe0, 0xff, 0xff, 0xff, 0x0, 0x0, 0x0, 0x0,
    0x0, 0x0, 0x0, 0x0, 0xec, 0xff, 0xff, 0xff,
    0xde, 0xff, 0xff, 0xff, 0x4, 0x0, 0x0, 0x0,
    0x0, 0x0, 0x0, 0x3, 0xfa, 0xff, 0xff, 0xff,
    0xd1, 0xff, 0xff, 0xff, 0x26, 0x0, 0x0, 0x0,
    0x0, 0x0, 0x0, 0x2c, 0xff, 0xff, 0xff, 0xff,
    0xaa, 0xff, 0xff, 0xff, 0x9c, 0x1, 0x0, 0x0,
    0x0, 0x0, 0x8, 0xb5, 0xff, 0xff, 0xff, 0xff,
    0x5e, 0xff, 0xff, 0xff, 0xff, 0xca, 0x8e, 0x80,
    0x80, 0x9a, 0xde, 0xff, 0xff, 0xff, 0xff, 0xff,
    0x6, 0xd7, 0xff, 0xff, 0xff, 0xff, 0xff, 0xff,
    0xff, 0xff, 0xff, 0xf9, 0xfc, 0xff, 0xff, 0xff,
    0x0, 0x26, 0xde, 0xff, 0xff, 0xff, 0xff, 0xff,
    0xff, 0xff, 0xff, 0x76, 0xec, 0xff, 0xff, 0xff,
    0x0, 0x0, 0xe, 0x79, 0xc9, 0xf0, 0xff, 0xff,
    0xf1, 0xc6, 0x5b, 0x0, 0xcd, 0xff, 0xff, 0xdf,

    /* U+0062 "b" */
    0x5e, 0xfe, 0xff, 0xfc, 0x4b, 0x0, 0x0, 0x0,
    0x0, 0x0, 0x0, 0x0, 0x0, 0x0, 0x0, 0x0,
    0x0, 0x7c, 0xff, 0xff, 0xff, 0x68, 0x0, 0x0,
    0x0, 0x0, 0x0, 0x0, 0x0, 0x0, 0x0, 0x0,
    0x0, 0x0, 0x7c, 0xff, 0xff, 0xff, 0x68, 0x0,
    0x0, 0x0, 0x0, 0x0, 0x0, 0x0, 0x0, 0x0,
    0x0, 0x0, 0x0, 0x7c, 0xff, 0xff, 0xff, 0x68,
    0x0, 0x0, 0x0, 0x0, 0x0, 0x0, 0x0, 0x0,
    0x0, 0x0, 0x0, 0x0, 0x7c, 0xff, 0xff, 0xff,
    0x68, 0x0, 0x0, 0x0, 0x0, 0x0, 0x0, 0x0,
    0x0, 0x0, 0x0, 0x0, 0x0, 0x7c, 0xff, 0xff,
    0xff, 0x68, 0x0, 0x0, 0x0, 0x0, 0x0, 0x0,
    0x0, 0x0, 0x0, 0x0, 0x0, 0x0, 0x7c, 0xff,
    0xff, 0xff, 0x68, 0x0, 0x0, 0x0, 0x0, 0x0,
    0x0, 0x0, 0x0, 0x0, 0x0, 0x0, 0x0, 0x7c,
    0xff, 0xff, 0xff, 0x68, 0x0, 0x0, 0x0, 0x0,
    0x0, 0x0, 0x0, 0x0, 0x0, 0x0, 0x0, 0x0,
    0x7c, 0xff, 0xff, 0xff, 0x68, 0x18, 0x99, 0xe1,
    0xfb, 0xff, 0xfb, 0xe8, 0xb4, 0x55, 0x1, 0x0,
    0x0, 0x7c, 0xff, 0xff, 0xff, 0x79, 0xe2, 0xff,
    0xff, 0xff, 0xff, 0xff, 0xff, 0xff, 0xff, 0xb2,
    0x8, 0x0, 0x7c, 0xff, 0xff, 0xff, 0xf3, 0xff,
    0xff, 0xff, 0xff, 0xff, 0xff, 0xff, 0xff, 0xff,
    0xff, 0x96, 0x0, 0x7c, 0xff, 0xff, 0xff, 0xff,
    0xfc, 0xb1, 0x89, 0x80, 0x80, 0x9b, 0xe7, 0xff,
    0xff, 0xff, 0xfb, 0x1d, 0x7c, 0xff, 0xff, 0xff,
    0xfb, 0x39, 0x0, 0x0, 0x0, 0x0, 0x0, 0xf,
    0xde, 0xff, 0xff, 0xff, 0x64, 0x7c, 0xff, 0xff,
    0xff, 0xa3, 0x0, 0x0, 0x0, 0x0, 0x0, 0x0,
    0x0, 0x76, 0xff, 0xff, 0xff, 0x88, 0x7c, 0xff,
    0xff, 0xff, 0x76, 0x0, 0x0, 0x0, 0x0, 0x0,
    0x0, 0x0, 0x54, 0xff, 0xff, 0xff, 0x97, 0x7c,
    0xff, 0xff, 0xff, 0x68, 0x0, 0x0, 0x0, 0x0,
    0x0, 0x0, 0x0, 0x50, 0xff, 0xff, 0xff, 0x98,
    0x7c, 0xff, 0xff, 0xff, 0x68, 0x0, 0x0, 0x0,
    0x0, 0x0, 0x0, 0x0, 0x50, 0xff, 0xff, 0xff,
    0x98, 0x7c, 0xff, 0xff, 0xff, 0x68, 0x0, 0x0,
    0x0, 0x0, 0x0, 0x0, 0x0, 0x50, 0xff, 0xff,
    0xff, 0x98, 0x7c, 0xff, 0xff, 0xff, 0x68, 0x0,
    0x0, 0x0, 0x0, 0x0, 0x0, 0x0, 0x50, 0xff,
    0xff, 0xff, 0x98, 0x7c, 0xff, 0xff, 0xff, 0x68,
    0x0, 0x0, 0x0, 0x0, 0x0, 0x0, 0x0, 0x50,
    0xff, 0xff, 0xff, 0x98, 0x7c, 0xff, 0xff, 0xff,
    0x68, 0x0, 0x0, 0x0, 0x0, 0x0, 0x0, 0x0,
    0x50, 0xff, 0xff, 0xff, 0x98, 0x7c, 0xff, 0xff,
    0xff, 0x68, 0x0, 0x0, 0x0, 0x0, 0x0, 0x0,
    0x0, 0x50, 0xff, 0xff, 0xff, 0x98, 0x7c, 0xff,
    0xff, 0xff, 0x68, 0x0, 0x0, 0x0, 0x0, 0x0,
    0x0, 0x0, 0x54, 0xff, 0xff, 0xff, 0x96, 0x7c,
    0xff, 0xff, 0xff, 0x68, 0x0, 0x0, 0x0, 0x0,
    0x0, 0x0, 0x0, 0x76, 0xff, 0xff, 0xff, 0x87,
    0x7c, 0xff, 0xff, 0xff, 0x68, 0x0, 0x0, 0x0,
    0x0, 0x0, 0x0, 0xf, 0xdd, 0xff, 0xff, 0xff,
    0x62, 0x7c, 0xff, 0xff, 0xff, 0xc0, 0x80, 0x80,
    0x80, 0x80, 0x80, 0x9a, 0xe7, 0xff, 0xff, 0xff,
    0xfb, 0x1b, 0x7c, 0xff, 0xff, 0xff, 0xff, 0xff,
    0xff, 0xff, 0xff, 0xff, 0xff, 0xff, 0xff, 0xff,
    0xff, 0x92, 0x0, 0x7c, 0xff, 0xff, 0xff, 0xff,
    0xff, 0xff, 0xff, 0xff, 0xff, 0xff, 0xff, 0xff,
    0xff, 0xb0, 0x7, 0x0, 0x5e, 0xfe, 0xff, 0xff,
    0xff, 0xff, 0xff, 0xff, 0xff, 0xff, 0xfc, 0xe9,
    0xb4, 0x55, 0x1, 0x0, 0x0,

    /* U+0063 "c" */
    0x0, 0x0, 0xe, 0x79, 0xc9, 0xef, 0xfe, 0xff,
    0xff, 0xff, 0xff, 0xff, 0xcb, 0x0, 0x28, 0xdf,
    0xff, 0xff, 0xff, 0xff, 0xff, 0xff, 0xff, 0xff,
    0xff, 0xec, 0x7, 0xd9, 0xff, 0xff, 0xff, 0xff,
    0xff, 0xff, 0xff, 0xff, 0xff, 0xff, 0xea, 0x60,
    0xff, 0xff, 0xff, 0xff, 0xcb, 0x8f, 0x80, 0x80,
    0x80, 0x80, 0x80, 0x58, 0xab, 0xff, 0xff, 0xff,
    0x9d, 0x1, 0x0, 0x0, 0x0, 0x0, 0x0, 0x0,
    0x0, 0xd1, 0xff, 0xff, 0xff, 0x26, 0x0, 0x0,
    0x0, 0x0, 0x0, 0x0, 0x0, 0x0, 0xde, 0xff,
    0xff, 0xff, 0x4, 0x0, 0x0, 0x0, 0x0, 0x0,
    0x0, 0x0, 0x0, 0xe0, 0xff, 0xff, 0xff, 0x0,
    0x0, 0x0, 0x0, 0x0, 0x0, 0x0, 0x0, 0x0,
    0xe0, 0xff, 0xff, 0xff, 0x0, 0x0, 0x0, 0x0,
    0x0, 0x0, 0x0, 0x0, 0x0, 0xe0, 0xff, 0xff,
    0xff, 0x0, 0x0, 0x0, 0x0, 0x0, 0x0, 0x0,
    0x0, 0x0, 0xe0, 0xff, 0xff, 0xff, 0x0, 0x0,
    0x0, 0x0, 0x0, 0x0, 0x0, 0x0, 0x0, 0xe0,
    0xff, 0xff, 0xff, 0x0, 0x0, 0x0, 0x0, 0x0,
    0x0, 0x0, 0x0, 0x0, 0xe0, 0xff, 0xff, 0xff,
    0x0, 0x0, 0x0, 0x0, 0x0, 0x0, 0x0, 0x0,
    0x0, 0xe0, 0xff, 0xff, 0xff, 0x0, 0x0, 0x0,
    0x0, 0x0, 0x0, 0x0, 0x0, 0x0, 0xde, 0xff,
    0xff, 0xff, 0x4, 0x0, 0x0, 0x0, 0x0, 0x0,
    0x0, 0x0, 0x0, 0xd1, 0xff, 0xff, 0xff, 0x26,
    0x0, 0x0, 0x0, 0x0, 0x0, 0x0, 0x0, 0x0,
    0xaa, 0xff, 0xff, 0xff, 0x9c, 0x1, 0x0, 0x0,
    0x0, 0x0, 0x0, 0x0, 0x0, 0x5e, 0xff, 0xff,
    0xff, 0xff, 0xca, 0x8e, 0x80, 0x80, 0x80, 0x80,
    0x80, 0x57, 0x6, 0xd7, 0xff, 0xff, 0xff, 0xff,
    0xff, 0xff, 0xff, 0xff, 0xff, 0xff, 0xea, 0x0,
    0x26, 0xde, 0xff, 0xff, 0xff, 0xff, 0xff, 0xff,
    0xff, 0xff, 0xff, 0xec, 0x0, 0x0, 0xe, 0x79,
    0xc9, 0xf0, 0xff, 0xff, 0xff, 0xff, 0xff, 0xff,
    0xcd,

    /* U+0064 "d" */
    0x0, 0x0, 0x0, 0x0, 0x0, 0x0, 0x0, 0x0,
    0x0, 0x0, 0x0, 0x0, 0x99, 0xff, 0xff, 0xf5,
    0x1f, 0x0, 0x0, 0x0, 0x0, 0x0, 0x0, 0x0,
    0x0, 0x0, 0x0, 0x0, 0x0, 0xb8, 0xff, 0xff,
    0xff, 0x34, 0x0, 0x0, 0x0, 0x0, 0x0, 0x0,
    0x0, 0x0, 0x0, 0x0, 0x0, 0x0, 0xb8, 0xff,
    0xff, 0xff, 0x34, 0x0, 0x0, 0x0, 0x0, 0x0,
    0x0, 0x0, 0x0, 0x0, 0x0, 0x0, 0x0, 0xb8,
    0xff, 0xff, 0xff, 0x34, 0x0, 0x0, 0x0, 0x0,
    0x0, 0x0, 0x0, 0x0, 0x0, 0x0, 0x0, 0x0,
    0xb8, 0xff, 0xff, 0xff, 0x34, 0x0, 0x0, 0x0,
    0x0, 0x0, 0x0, 0x0, 0x0, 0x0, 0x0, 0x0,
    0x0, 0xb8, 0xff, 0xff, 0xff, 0x34, 0x0, 0x0,
    0x0, 0x0, 0x0, 0x0, 0x0, 0x0, 0x0, 0x0,
    0x0, 0x0, 0xb8, 0xff, 0xff, 0xff, 0x34, 0x0,
    0x0, 0x0, 0x0, 0x0, 0x0, 0x0, 0x0, 0x0,
    0x0, 0x0, 0x0, 0xb8, 0xff, 0xff, 0xff, 0x34,
    0x0, 0x0, 0x18, 0x8a, 0xd3, 0xf4, 0xff, 0xff,
    0xf6, 0xd6, 0x7c, 0x5, 0xb8, 0xff, 0xff, 0xff,
    0x34, 0x0, 0x36, 0xeb, 0xff, 0xff, 0xff, 0xff,
    0xff, 0xff, 0xff, 0xff, 0xad, 0xb8, 0xff, 0xff,
    0xff, 0x34, 0xc, 0xe3, 0xff, 0xff, 0xff, 0xff,
    0xff, 0xff, 0xff, 0xff, 0xff, 0xff, 0xf5, 0xff,
    0xff, 0xff, 0x34, 0x69, 0xff, 0xff, 0xff, 0xff,
    0xcb, 0x8f, 0x80, 0x80, 0x94, 0xcd, 0xff, 0xff,
    0xff, 0xff, 0xff, 0x34, 0xae, 0xff, 0xff, 0xff,
    0x9d, 0x1, 0x0, 0x0, 0x0, 0x0, 0x1, 0x89,
    0xff, 0xff, 0xff, 0xff, 0x34, 0xd2, 0xff, 0xff,
    0xff, 0x26, 0x0, 0x0, 0x0, 0x0, 0x0, 0x0,
    0x8, 0xef, 0xff, 0xff, 0xff, 0x34, 0xde, 0xff,
    0xff, 0xff, 0x4, 0x0, 0x0, 0x0, 0x0, 0x0,
    0x0, 0x0, 0xc9, 0xff, 0xff, 0xff, 0x34, 0xe0,
    0xff, 0xff, 0xff, 0x0, 0x0, 0x0, 0x0, 0x0,
    0x0, 0x0, 0x0, 0xb8, 0xff, 0xff, 0xff, 0x34,
    0xe0, 0xff, 0xff, 0xff, 0x0, 0x0, 0x0, 0x0,
    0x0, 0x0, 0x0, 0x0, 0xb8, 0xff, 0xff, 0xff,
    0x34, 0xe0, 0xff, 0xff, 0xff, 0x0, 0x0, 0x0,
    0x0, 0x0, 0x0, 0x0, 0x0, 0xb8, 0xff, 0xff,
    0xff, 0x34, 0xe0, 0xff, 0xff, 0xff, 0x0, 0x0,
    0x0, 0x0, 0x0, 0x0, 0x0, 0x0, 0xb8, 0xff,
    0xff, 0xff, 0x34, 0xe0, 0xff, 0xff, 0xff, 0x0,
    0x0, 0x0, 0x0, 0x0, 0x0, 0x0, 0x0, 0xb8,
    0xff, 0xff, 0xff, 0x34, 0xe0, 0xff, 0xff, 0xff,
    0x0, 0x0, 0x0, 0x0, 0x0, 0x0, 0x0, 0x0,
    0xb8, 0xff, 0xff, 0xff, 0x34, 0xe0, 0xff, 0xff,
    0xff, 0x0, 0x0, 0x0, 0x0, 0x0, 0x0, 0x0,
    0x0, 0xb8, 0xff, 0xff, 0xff, 0x34, 0xde, 0xff,
    0xff, 0xff, 0x4, 0x0, 0x0, 0x0, 0x0, 0x0,
    0x0, 0x0, 0xca, 0xff, 0xff, 0xff, 0x34, 0xd2,
    0xff, 0xff, 0xff, 0x26, 0x0, 0x0, 0x0, 0x0,
    0x0, 0x0, 0x8, 0xef, 0xff, 0xff, 0xff, 0x34,
    0xae, 0xff, 0xff, 0xff, 0x9c, 0x1, 0x0, 0x0,
    0x0, 0x0, 0x1, 0x88, 0xff, 0xff, 0xff, 0xff,
    0x34, 0x68, 0xff, 0xff, 0xff, 0xff, 0xca, 0x8e,
    0x80, 0x80, 0x93, 0xcd, 0xff, 0xff, 0xff, 0xff,
    0xff, 0x34, 0xb, 0xe3, 0xff, 0xff, 0xff, 0xff,
    0xff, 0xff, 0xff, 0xff, 0xff, 0xff, 0xf5, 0xff,
    0xff, 0xff, 0x34, 0x0, 0x36, 0xec, 0xff, 0xff,
    0xff, 0xff, 0xff, 0xff, 0xff, 0xff, 0xad, 0xb8,
    0xff, 0xff, 0xff, 0x34, 0x0, 0x0, 0x18, 0x8a,
    0xd5, 0xf5, 0xff, 0xff, 0xf6, 0xd6, 0x7d, 0x5,
    0x99, 0xff, 0xff, 0xf5, 0x1f,

    /* U+0065 "e" */
    0x0, 0x0, 0xe, 0x79, 0xc9, 0xef, 0xfe, 0xff,
    0xff, 0xfe, 0xee, 0xc5, 0x75, 0xd, 0x0, 0x0,
    0x0, 0x28, 0xdf, 0xff, 0xff, 0xff, 0xff, 0xff,
    0xff, 0xff, 0xff, 0xff, 0xff, 0xdc, 0x25, 0x0,
    0x7, 0xd9, 0xff, 0xff, 0xff, 0xff, 0xff, 0xff,
    0xff, 0xff, 0xff, 0xff, 0xff, 0xff, 0xd7, 0x5,
    0x60, 0xff, 0xff, 0xff, 0xff, 0xc0, 0x8d, 0x80,
    0x80, 0x8e, 0xc6, 0xff, 0xff, 0xff, 0xff, 0x5f,
    0xab, 0xff, 0xff, 0xff, 0x83, 0x0, 0x0, 0x0,
    0x0, 0x0, 0x0, 0x92, 0xff, 0xff, 0xff, 0xa8,
    0xd1, 0xff, 0xff, 0xff, 0x1c, 0x0, 0x0, 0x0,
    0x0, 0x0, 0x0, 0x29, 0xff, 0xff, 0xff, 0xca,
    0xde, 0xff, 0xff, 0xff, 0x1, 0x0, 0x0, 0x0,
    0x0, 0x0, 0x0, 0xe, 0xff, 0xff, 0xff, 0xd7,
    0xe0, 0xff, 0xff, 0xff, 0x0, 0x0, 0x0, 0x0,
    0x0, 0x0, 0x0, 0xc, 0xff, 0xff, 0xff, 0xd8,
    0xe0, 0xff, 0xff, 0xff, 0x1, 0x0, 0x0, 0x0,
    0x0, 0x0, 0x0, 0xd, 0xff, 0xff, 0xff, 0xd8,
    0xe0, 0xff, 0xff, 0xff, 0xd4, 0xcc, 0xcc, 0xcc,
    0xcc, 0xcc, 0xcc, 0xd6, 0xff, 0xff, 0xff, 0xd8,
    0xe0, 0xff, 0xff, 0xff, 0xff, 0xff, 0xff, 0xff,
    0xff, 0xff, 0xff, 0xff, 0xff, 0xff, 0xff, 0xd8,
    0xe0, 0xff, 0xff, 0xff, 0xff, 0xff, 0xff, 0xff,
    0xff, 0xff, 0xff, 0xff, 0xff, 0xff, 0xff, 0xb6,
    0xe0, 0xff, 0xff, 0xf8, 0x8, 0x0, 0x0, 0x0,
    0x0, 0x0, 0x0, 0x0, 0x0, 0x0, 0x0, 0x0,
    0xe0, 0xff, 0xff, 0xf4, 0x0, 0x0, 0x0, 0x0,
    0x0, 0x0, 0x0, 0x0, 0x0, 0x0, 0x0, 0x0,
    0xde, 0xff, 0xff, 0xf9, 0x1, 0x0, 0x0, 0x0,
    0x0, 0x0, 0x0, 0x0, 0x0, 0x0, 0x0, 0x0,
    0xd1, 0xff, 0xff, 0xff, 0x1d, 0x0, 0x0, 0x0,
    0x0, 0x0, 0x0, 0x0, 0x0, 0x0, 0x0, 0x0,
    0xaa, 0xff, 0xff, 0xff, 0x94, 0x0, 0x0, 0x0,
    0x0, 0x0, 0x0, 0x0, 0x0, 0x0, 0x0, 0x0,
    0x5e, 0xff, 0xff, 0xff, 0xff, 0xc1, 0x82, 0x74,
    0x74, 0x74, 0x74, 0x74, 0x74, 0x74, 0x73, 0x30,
    0x6, 0xd7, 0xff, 0xff, 0xff, 0xff, 0xff, 0xff,
    0xff, 0xff, 0xff, 0xff, 0xff, 0xff, 0xff, 0xac,
    0x0, 0x26, 0xde, 0xff, 0xff, 0xff, 0xff, 0xff,
    0xff, 0xff, 0xff, 0xff, 0xff, 0xff, 0xff, 0xb0,
    0x0, 0x0, 0xe, 0x79, 0xc9, 0xf0, 0xff, 0xff,
    0xff, 0xff, 0xff, 0xff, 0xff, 0xff, 0xff, 0x91,

    /* U+0066 "f" */
    0x0, 0x0, 0x0, 0x0, 0x0, 0x9, 0x71, 0xc6,
    0xef, 0xfe, 0xff, 0xa7, 0x0, 0x0, 0x0, 0x0,
    0x16, 0xd0, 0xff, 0xff, 0xff, 0xff, 0xff, 0xc4,
    0x0, 0x0, 0x0, 0x0, 0xb3, 0xff, 0xff, 0xff,
    0xff, 0xff, 0xff, 0xc2, 0x0, 0x0, 0x0, 0x2c,
    0xff, 0xff, 0xff, 0xff, 0xcf, 0x8e, 0x80, 0x44,
    0x0, 0x0, 0x0, 0x72, 0xff, 0xff, 0xff, 0xc0,
    0x3, 0x0, 0x0, 0x0, 0x0, 0x0, 0x0, 0x95,
    0xff, 0xff, 0xff, 0x65, 0x0, 0x0, 0x0, 0x0,
    0x0, 0x0, 0x0, 0xa2, 0xff, 0xff, 0xff, 0x4c,
    0x0, 0x0, 0x0, 0x0, 0x0, 0x0, 0x0, 0xaf,
    0xff, 0xff, 0xff, 0x52, 0x0, 0x0, 0x0, 0x0,
    0xc6, 0xff, 0xff, 0xff, 0xff, 0xff, 0xff, 0xff,
    0xff, 0xff, 0xff, 0xa5, 0xe0, 0xff, 0xff, 0xff,
    0xff, 0xff, 0xff, 0xff, 0xff, 0xff, 0xff, 0xc4,
    0xde, 0xff, 0xff, 0xff, 0xff, 0xff, 0xff, 0xff,
    0xff, 0xff, 0xff, 0xc2, 0x54, 0x80, 0x80, 0xdd,
    0xff, 0xff, 0xff, 0xae, 0x80, 0x80, 0x80, 0x43,
    0x0, 0x0, 0x0, 0xa4, 0xff, 0xff, 0xff, 0x48,
    0x0, 0x0, 0x0, 0x0, 0x0, 0x0, 0x0, 0xa4,
    0xff, 0xff, 0xff, 0x48, 0x0, 0x0, 0x0, 0x0,
    0x0, 0x0, 0x0, 0xa4, 0xff, 0xff, 0xff, 0x48,
    0x0, 0x0, 0x0, 0x0, 0x0, 0x0, 0x0, 0xa4,
    0xff, 0xff, 0xff, 0x48, 0x0, 0x0, 0x0, 0x0,
    0x0, 0x0, 0x0, 0xa4, 0xff, 0xff, 0xff, 0x48,
    0x0, 0x0, 0x0, 0x0, 0x0, 0x0, 0x0, 0xa4,
    0xff, 0xff, 0xff, 0x48, 0x0, 0x0, 0x0, 0x0,
    0x0, 0x0, 0x0, 0xa4, 0xff, 0xff, 0xff, 0x48,
    0x0, 0x0, 0x0, 0x0, 0x0, 0x0, 0x0, 0xa4,
    0xff, 0xff, 0xff, 0x48, 0x0, 0x0, 0x0, 0x0,
    0x0, 0x0, 0x0, 0xa4, 0xff, 0xff, 0xff, 0x48,
    0x0, 0x0, 0x0, 0x0, 0x0, 0x0, 0x0, 0xa4,
    0xff, 0xff, 0xff, 0x48, 0x0, 0x0, 0x0, 0x0,
    0x0, 0x0, 0x0, 0xa4, 0xff, 0xff, 0xff, 0x48,
    0x0, 0x0, 0x0, 0x0, 0x0, 0x0, 0x0, 0xa4,
    0xff, 0xff, 0xff, 0x48, 0x0, 0x0, 0x0, 0x0,
    0x0, 0x0, 0x0, 0xa4, 0xff, 0xff, 0xff, 0x48,
    0x0, 0x0, 0x0, 0x0, 0x0, 0x0, 0x0, 0xa4,
    0xff, 0xff, 0xff, 0x48, 0x0, 0x0, 0x0, 0x0,
    0x0, 0x0, 0x0, 0xa4, 0xff, 0xff, 0xff, 0x48,
    0x0, 0x0, 0x0, 0x0, 0x0, 0x0, 0x0, 0xa4,
    0xff, 0xff, 0xff, 0x48, 0x0, 0x0, 0x0, 0x0,
    0x0, 0x0, 0x0, 0x85, 0xff, 0xff, 0xf8, 0x2f,
    0x0, 0x0, 0x0, 0x0,

    /* U+0067 "g" */
    0x0, 0x0, 0x9, 0x6f, 0xc3, 0xee, 0xfe, 0xff,
    0xff, 0xff, 0xff, 0xff, 0xff, 0xff, 0xff, 0xeb,
    0x8, 0x0, 0x1e, 0xd4, 0xff, 0xff, 0xff, 0xff,
    0xff, 0xff, 0xff, 0xff, 0xff, 0xff, 0xff, 0xff,
    0xff, 0x14, 0x2, 0xcc, 0xff, 0xff, 0xff, 0xff,
    0xff, 0xff, 0xff, 0xff, 0xff, 0xff, 0xff, 0xff,
    0xff, 0xff, 0x14, 0x51, 0xff, 0xff, 0xff, 0xff,
    0xd2, 0x91, 0x80, 0x80, 0x80, 0x80, 0x83, 0xf4,
    0xff, 0xff, 0xff, 0x14, 0x9b, 0xff, 0xff, 0xff,
    0xb1, 0x3, 0x0, 0x0, 0x0, 0x0, 0x0, 0x0,
    0xd8, 0xff, 0xff, 0xff, 0x14, 0xbe, 0xff, 0xff,
    0xff, 0x41, 0x0, 0x0, 0x0, 0x0, 0x0, 0x0,
    0x0, 0xd8, 0xff, 0xff, 0xff, 0x14, 0xcb, 0xff,
    0xff, 0xff, 0x23, 0x0, 0x0, 0x0, 0x0, 0x0,
    0x0, 0x0, 0xd8, 0xff, 0xff, 0xff, 0x14, 0xcc,
    0xff, 0xff, 0xff, 0x20, 0x0, 0x0, 0x0, 0x0,
    0x0, 0x0, 0x0, 0xd8, 0xff, 0xff, 0xff, 0x14,
    0xcc, 0xff, 0xff, 0xff, 0x20, 0x0, 0x0, 0x0,
    0x0, 0x0, 0x0, 0x0, 0xd8, 0xff, 0xff, 0xff,
    0x14, 0xcc, 0xff, 0xff, 0xff, 0x20, 0x0, 0x0,
    0x0, 0x0, 0x0, 0x0, 0x0, 0xd8, 0xff, 0xff,
    0xff, 0x14, 0xcc, 0xff, 0xff, 0xff, 0x20, 0x0,
    0x0, 0x0, 0x0, 0x0, 0x0, 0x0, 0xd8, 0xff,
    0xff, 0xff, 0x14, 0xcc, 0xff, 0xff, 0xff, 0x20,
    0x0, 0x0, 0x0, 0x0, 0x0, 0x0, 0x0, 0xd8,
    0xff, 0xff, 0xff, 0x14, 0xcc, 0xff, 0xff, 0xff,
    0x20, 0x0, 0x0, 0x0, 0x0, 0x0, 0x0, 0x0,
    0xda, 0xff, 0xff, 0xff, 0x14, 0xc8, 0xff, 0xff,
    0xff, 0x2f, 0x0, 0x0, 0x0, 0x0, 0x0, 0x0,
    0x1, 0xf5, 0xff, 0xff, 0xff, 0x14, 0xb6, 0xff,
    0xff, 0xff, 0x6a, 0x0, 0x0, 0x0, 0x0, 0x0,
    0x0, 0x47, 0xff, 0xff, 0xff, 0xff, 0x14, 0x84,
    0xff, 0xff, 0xff, 0xec, 0x56, 0x11, 0x0, 0x0,
    0x16, 0x58, 0xe7, 0xff, 0xff, 0xff, 0xff, 0x14,
    0x2b, 0xff, 0xff, 0xff, 0xff, 0xff, 0xff, 0xff,
    0xff, 0xff, 0xff, 0xff, 0xff, 0xff, 0xff, 0xff,
    0x14, 0x0, 0x91, 0xff, 0xff, 0xff, 0xff, 0xff,
    0xff, 0xff, 0xff, 0xff, 0xd9, 0xe4, 0xff, 0xff,
    0xff, 0x14, 0x0, 0x2, 0x84, 0xf7, 0xff, 0xff,
    0xff, 0xff, 0xff, 0xff, 0xe2, 0x2f, 0xd8, 0xff,
    0xff, 0xff, 0x14, 0x0, 0x0, 0x0, 0x15, 0x59,
    0x7c, 0x87, 0x87, 0x7a, 0x52, 0x8, 0x0, 0xd8,
    0xff, 0xff, 0xff, 0x14, 0x0, 0x0, 0x0, 0x0,
    0x0, 0x0, 0x0, 0x0, 0x0, 0x0, 0x0, 0x0,
    0xdd, 0xff, 0xff, 0xff, 0x13, 0x0, 0x0, 0x0,
    0x0, 0x0, 0x0, 0x0, 0x0, 0x0, 0x0, 0x0,
    0x5, 0xfa, 0xff, 0xff, 0xff, 0x5, 0x0, 0x0,
    0x0, 0x0, 0x0, 0x0, 0x0, 0x0, 0x0, 0x0,
    0x0, 0x79, 0xff, 0xff, 0xff, 0xe1, 0x0, 0x0,
    0x15, 0x7b, 0x80, 0x80, 0x80, 0x80, 0x80, 0x80,
    0x8a, 0xbd, 0xff, 0xff, 0xff, 0xff, 0x97, 0x0,
    0x0, 0x5a, 0xff, 0xff, 0xff, 0xff, 0xff, 0xff,
    0xff, 0xff, 0xff, 0xff, 0xff, 0xff, 0xf2, 0x21,
    0x0, 0x0, 0x5c, 0xff, 0xff, 0xff, 0xff, 0xff,
    0xff, 0xff, 0xff, 0xff, 0xff, 0xff, 0xf0, 0x46,
    0x0, 0x0, 0x0, 0x43, 0xfb, 0xff, 0xff, 0xff,
    0xff, 0xff, 0xff, 0xff, 0xf4, 0xd3, 0x8b, 0x1b,
    0x0, 0x0, 0x0,

    /* U+0068 "h" */
    0x5e, 0xfe, 0xff, 0xfc, 0x4c, 0x0, 0x0, 0x0,
    0x0, 0x0, 0x0, 0x0, 0x0, 0x0, 0x0, 0x0,
    0x0, 0x7c, 0xff, 0xff, 0xff, 0x68, 0x0, 0x0,
    0x0, 0x0, 0x0, 0x0, 0x0, 0x0, 0x0, 0x0,
    0x0, 0x0, 0x7c, 0xff, 0xff, 0xff, 0x68, 0x0,
    0x0, 0x0, 0x0, 0x0, 0x0, 0x0, 0x0, 0x0,
    0x0, 0x0, 0x0, 0x7c, 0xff, 0xff, 0xff, 0x68,
    0x0, 0x0, 0x0, 0x0, 0x0, 0x0, 0x0, 0x0,
    0x0, 0x0, 0x0, 0x0, 0x7c, 0xff, 0xff, 0xff,
    0x68, 0x0, 0x0, 0x0, 0x0, 0x0, 0x0, 0x0,
    0x0, 0x0, 0x0, 0x0, 0x0, 0x7c, 0xff, 0xff,
    0xff, 0x68, 0x0, 0x0, 0x0, 0x0, 0x0, 0x0,
    0x0, 0x0, 0x0, 0x0, 0x0, 0x0, 0x7c, 0xff,
    0xff, 0xff, 0x68, 0x0, 0x0, 0x0, 0x0, 0x0,
    0x0, 0x0, 0x0, 0x0, 0x0, 0x0, 0x0, 0x7c,
    0xff, 0xff, 0xff, 0x68, 0x0, 0x0, 0x0, 0x0,
    0x0, 0x0, 0x0, 0x0, 0x0, 0x0, 0x0, 0x0,
    0x7c, 0xff, 0xff, 0xff, 0x68, 0x1c, 0x9d, 0xe3,
    0xfb, 0xff, 0xfb, 0xe7, 0xb2, 0x4d, 0x0, 0x0,
    0x0, 0x7c, 0xff, 0xff, 0xff, 0x7c, 0xe7, 0xff,
    0xff, 0xff, 0xff, 0xff, 0xff, 0xff, 0xff, 0x9f,
    0x1, 0x0, 0x7c, 0xff, 0xff, 0xff, 0xf5, 0xff,
    0xff, 0xff, 0xff, 0xff, 0xff, 0xff, 0xff, 0xff,
    0xff, 0x72, 0x0, 0x7c, 0xff, 0xff, 0xff, 0xff,
    0xfd, 0xb2, 0x89, 0x80, 0x83, 0xa5, 0xf7, 0xff,
    0xff, 0xff, 0xe9, 0x4, 0x7c, 0xff, 0xff, 0xff,
    0xfc, 0x3d, 0x0, 0x0, 0x0, 0x0, 0x0, 0x2c,
    0xf9, 0xff, 0xff, 0xff, 0x34, 0x7c, 0xff, 0xff,
    0xff, 0xa6, 0x0, 0x0, 0x0, 0x0, 0x0, 0x0,
    0x0, 0xab, 0xff, 0xff, 0xff, 0x58, 0x7c, 0xff,
    0xff, 0xff, 0x78, 0x0, 0x0, 0x0, 0x0, 0x0,
    0x0, 0x0, 0x89, 0xff, 0xff, 0xff, 0x66, 0x7c,
    0xff, 0xff, 0xff, 0x68, 0x0, 0x0, 0x0, 0x0,
    0x0, 0x0, 0x0, 0x84, 0xff, 0xff, 0xff, 0x68,
    0x7c, 0xff, 0xff, 0xff, 0x68, 0x0, 0x0, 0x0,
    0x0, 0x0, 0x0, 0x0, 0x84, 0xff, 0xff, 0xff,
    0x68, 0x7c, 0xff, 0xff, 0xff, 0x68, 0x0, 0x0,
    0x0, 0x0, 0x0, 0x0, 0x0, 0x84, 0xff, 0xff,
    0xff, 0x68, 0x7c, 0xff, 0xff, 0xff, 0x68, 0x0,
    0x0, 0x0, 0x0, 0x0, 0x0, 0x0, 0x84, 0xff,
    0xff, 0xff, 0x68, 0x7c, 0xff, 0xff, 0xff, 0x68,
    0x0, 0x0, 0x0, 0x0, 0x0, 0x0, 0x0, 0x84,
    0xff, 0xff, 0xff, 0x68, 0x7c, 0xff, 0xff, 0xff,
    0x68, 0x0, 0x0, 0x0, 0x0, 0x0, 0x0, 0x0,
    0x84, 0xff, 0xff, 0xff, 0x68, 0x7c, 0xff, 0xff,
    0xff, 0x68, 0x0, 0x0, 0x0, 0x0, 0x0, 0x0,
    0x0, 0x84, 0xff, 0xff, 0xff, 0x68, 0x7c, 0xff,
    0xff, 0xff, 0x68, 0x0, 0x0, 0x0, 0x0, 0x0,
    0x0, 0x0, 0x84, 0xff, 0xff, 0xff, 0x68, 0x7c,
    0xff, 0xff, 0xff, 0x68, 0x0, 0x0, 0x0, 0x0,
    0x0, 0x0, 0x0, 0x84, 0xff, 0xff, 0xff, 0x68,
    0x7c, 0xff, 0xff, 0xff, 0x68, 0x0, 0x0, 0x0,
    0x0, 0x0, 0x0, 0x0, 0x84, 0xff, 0xff, 0xff,
    0x68, 0x7c, 0xff, 0xff, 0xff, 0x68, 0x0, 0x0,
    0x0, 0x0, 0x0, 0x0, 0x0, 0x84, 0xff, 0xff,
    0xff, 0x68, 0x7c, 0xff, 0xff, 0xff, 0x68, 0x0,
    0x0, 0x0, 0x0, 0x0, 0x0, 0x0, 0x84, 0xff,
    0xff, 0xff, 0x68, 0x7c, 0xff, 0xff, 0xff, 0x68,
    0x0, 0x0, 0x0, 0x0, 0x0, 0x0, 0x0, 0x84,
    0xff, 0xff, 0xff, 0x68, 0x5e, 0xfe, 0xff, 0xfc,
    0x4c, 0x0, 0x0, 0x0, 0x0, 0x0, 0x0, 0x0,
    0x67, 0xfe, 0xff, 0xfb, 0x4b,

    /* U+0069 "i" */
    0x32, 0xfa, 0xff, 0xff, 0x7c, 0x48, 0xff, 0xff,
    0xff, 0x98, 0x48, 0xff, 0xff, 0xff, 0x98, 0x48,
    0xff, 0xff, 0xff, 0x98, 0x38, 0xff, 0xff, 0xff,
    0x87, 0x0, 0x12, 0x18, 0x17, 0x2, 0x0, 0x0,
    0x0, 0x0, 0x0, 0x0, 0x0, 0x0, 0x0, 0x0,
    0x31, 0xf9, 0xff, 0xff, 0x7a, 0x48, 0xff, 0xff,
    0xff, 0x98, 0x48, 0xff, 0xff, 0xff, 0x98, 0x48,
    0xff, 0xff, 0xff, 0x98, 0x48, 0xff, 0xff, 0xff,
    0x98, 0x48, 0xff, 0xff, 0xff, 0x98, 0x48, 0xff,
    0xff, 0xff, 0x98, 0x48, 0xff, 0xff, 0xff, 0x98,
    0x48, 0xff, 0xff, 0xff, 0x98, 0x48, 0xff, 0xff,
    0xff, 0x98, 0x48, 0xff, 0xff, 0xff, 0x98, 0x48,
    0xff, 0xff, 0xff, 0x98, 0x48, 0xff, 0xff, 0xff,
    0x98, 0x48, 0xff, 0xff, 0xff, 0x98, 0x48, 0xff,
    0xff, 0xff, 0x98, 0x48, 0xff, 0xff, 0xff, 0x98,
    0x48, 0xff, 0xff, 0xff, 0x98, 0x48, 0xff, 0xff,
    0xff, 0x98, 0x48, 0xff, 0xff, 0xff, 0x98, 0x48,
    0xff, 0xff, 0xff, 0x98, 0x30, 0xf8, 0xff, 0xff,
    0x83,

    /* U+006A "j" */
    0x0, 0x0, 0x0, 0x0, 0x0, 0x32, 0xfa, 0xff,
    0xff, 0x7c, 0x0, 0x0, 0x0, 0x0, 0x0, 0x48,
    0xff, 0xff, 0xff, 0x98, 0x0, 0x0, 0x0, 0x0,
    0x0, 0x48, 0xff, 0xff, 0xff, 0x98, 0x0, 0x0,
    0x0, 0x0, 0x0, 0x48, 0xff, 0xff, 0xff, 0x98,
    0x0, 0x0, 0x0, 0x0, 0x0, 0x38, 0xff, 0xff,
    0xff, 0x87, 0x0, 0x0, 0x0, 0x0, 0x0, 0x0,
    0x12, 0x18, 0x17, 0x2, 0x0, 0x0, 0x0, 0x0,
    0x0, 0x0, 0x0, 0x0, 0x0, 0x0, 0x0, 0x0,
    0x0, 0x0, 0x0, 0x0, 0x0, 0x0, 0x0, 0x0,
    0x0, 0x0, 0x0, 0x0, 0x0, 0x30, 0xf8, 0xff,
    0xff, 0x7a, 0x0, 0x0, 0x0, 0x0, 0x0, 0x48,
    0xff, 0xff, 0xff, 0x98, 0x0, 0x0, 0x0, 0x0,
    0x0, 0x48, 0xff, 0xff, 0xff, 0x98, 0x0, 0x0,
    0x0, 0x0, 0x0, 0x48, 0xff, 0xff, 0xff, 0x98,
    0x0, 0x0, 0x0, 0x0, 0x0, 0x48, 0xff, 0xff,
    0xff, 0x98, 0x0, 0x0, 0x0, 0x0, 0x0, 0x48,
    0xff, 0xff, 0xff, 0x98, 0x0, 0x0, 0x0, 0x0,
    0x0, 0x48, 0xff, 0xff, 0xff, 0x98, 0x0, 0x0,
    0x0, 0x0, 0x0, 0x48, 0xff, 0xff, 0xff, 0x98,
    0x0, 0x0, 0x0, 0x0, 0x0, 0x48, 0xff, 0xff,
    0xff, 0x98, 0x0, 0x0, 0x0, 0x0, 0x0, 0x48,
    0xff, 0xff, 0xff, 0x98, 0x0, 0x0, 0x0, 0x0,
    0x0, 0x48, 0xff, 0xff, 0xff, 0x98, 0x0, 0x0,
    0x0, 0x0, 0x0, 0x48, 0xff, 0xff, 0xff, 0x98,
    0x0, 0x0, 0x0, 0x0, 0x0, 0x48, 0xff, 0xff,
    0xff, 0x98, 0x0, 0x0, 0x0, 0x0, 0x0, 0x48,
    0xff, 0xff, 0xff, 0x98, 0x0, 0x0, 0x0, 0x0,
    0x0, 0x48, 0xff, 0xff, 0xff, 0x98, 0x0, 0x0,
    0x0, 0x0, 0x0, 0x48, 0xff, 0xff, 0xff, 0x98,
    0x0, 0x0, 0x0, 0x0, 0x0, 0x48, 0xff, 0xff,
    0xff, 0x98, 0x0, 0x0, 0x0, 0x0, 0x0, 0x48,
    0xff, 0xff, 0xff, 0x98, 0x0, 0x0, 0x0, 0x0,
    0x0, 0x48, 0xff, 0xff, 0xff, 0x98, 0x0, 0x0,
    0x0, 0x0, 0x0, 0x48, 0xff, 0xff, 0xff, 0x98,
    0x0, 0x0, 0x0, 0x0, 0x0, 0x50, 0xff, 0xff,
    0xff, 0x97, 0x0, 0x0, 0x0, 0x0, 0x0, 0x78,
    0xff, 0xff, 0xff, 0x88, 0x0, 0x0, 0x0, 0x0,
    0x14, 0xdf, 0xff, 0xff, 0xff, 0x63, 0x1d, 0x7d,
    0x83, 0x9f, 0xec, 0xff, 0xff, 0xff, 0xfb, 0x1c,
    0x6e, 0xff, 0xff, 0xff, 0xff, 0xff, 0xff, 0xff,
    0x93, 0x0, 0x70, 0xff, 0xff, 0xff, 0xff, 0xff,
    0xff, 0xaf, 0x7, 0x0, 0x54, 0xfd, 0xff, 0xfc,
    0xe8, 0xb4, 0x54, 0x1, 0x0, 0x0,

    /* U+006B "k" */
    0x5e, 0xfe, 0xff, 0xfc, 0x4c, 0x0, 0x0, 0x0,
    0x0, 0x0, 0x0, 0x0, 0x0, 0x0, 0x0, 0x0,
    0x0, 0x7c, 0xff, 0xff, 0xff, 0x68, 0x0, 0x0,
    0x0, 0x0, 0x0, 0x0, 0x0, 0x0, 0x0, 0x0,
    0x0, 0x0, 0x7c, 0xff, 0xff, 0xff, 0x68, 0x0,
    0x0, 0x0, 0x0, 0x0, 0x0, 0x0, 0x0, 0x0,
    0x0, 0x0, 0x0, 0x7c, 0xff, 0xff, 0xff, 0x68,
    0x0, 0x0, 0x0, 0x0, 0x0, 0x0, 0x0, 0x0,
    0x0, 0x0, 0x0, 0x0, 0x7c, 0xff, 0xff, 0xff,
    0x68, 0x0, 0x0, 0x0, 0x0, 0x0, 0x0, 0x0,
    0x0, 0x0, 0x0, 0x0, 0x0, 0x7c, 0xff, 0xff,
    0xff, 0x68, 0x0, 0x0, 0x0, 0x0, 0x0, 0x0,
    0x0, 0x0, 0x0, 0x0, 0x0, 0x0, 0x7c, 0xff,
    0xff, 0xff, 0x68, 0x0, 0x0, 0x0, 0x0, 0x0,
    0x0, 0x0, 0x0, 0x0, 0x0, 0x0, 0x0, 0x7c,
    0xff, 0xff, 0xff, 0x68, 0x0, 0x0, 0x0, 0x0,
    0x0, 0x0, 0x0, 0x0, 0x0, 0x0, 0x0, 0x0,
    0x7c, 0xff, 0xff, 0xff, 0x68, 0x0, 0x0, 0x0,
    0x0, 0x0, 0xc, 0xc6, 0xff, 0xff, 0xff, 0x6a,
    0x0, 0x7c, 0xff, 0xff, 0xff, 0x68, 0x0, 0x0,
    0x0, 0x0, 0x0, 0x87, 0xff, 0xff, 0xff, 0xeb,
    0x12, 0x0, 0x7c, 0xff, 0xff, 0xff, 0x68, 0x0,
    0x0, 0x0, 0x0, 0x23, 0xf8, 0xff, 0xff, 0xff,
    0x61, 0x0, 0x0, 0x7c, 0xff, 0xff, 0xff, 0x68,
    0x0, 0x0, 0x0, 0x0, 0xb1, 0xff, 0xff, 0xff,
    0xc4, 0x1, 0x0, 0x0, 0x7c, 0xff, 0xff, 0xff,
    0x68, 0x0, 0x0, 0x0, 0x45, 0xff, 0xff, 0xff,
    0xfb, 0x2d, 0x0, 0x0, 0x0, 0x7c, 0xff, 0xff,
    0xff, 0x68, 0x0, 0x0, 0x4, 0xd5, 0xff, 0xff,
    0xff, 0x8b, 0x0, 0x0, 0x0, 0x0, 0x7c, 0xff,
    0xff, 0xff, 0x68, 0x0, 0x0, 0x6e, 0xff, 0xff,
    0xff, 0xe3, 0xc, 0x0, 0x0, 0x0, 0x0, 0x7c,
    0xff, 0xff, 0xff, 0x68, 0x0, 0x14, 0xee, 0xff,
    0xff, 0xff, 0x52, 0x0, 0x0, 0x0, 0x0, 0x0,
    0x7c, 0xff, 0xff, 0xff, 0x68, 0x0, 0x98, 0xff,
    0xff, 0xff, 0xb5, 0x0, 0x0, 0x0, 0x0, 0x0,
    0x0, 0x7c, 0xff, 0xff, 0xff, 0x68, 0x2b, 0xfc,
    0xff, 0xff, 0xf7, 0x22, 0x0, 0x0, 0x0, 0x0,
    0x0, 0x0, 0x7c, 0xff, 0xff, 0xff, 0x68, 0x55,
    0xff, 0xff, 0xff, 0xe7, 0xc, 0x0, 0x0, 0x0,
    0x0, 0x0, 0x0, 0x7c, 0xff, 0xff, 0xff, 0x68,
    0x5, 0xd8, 0xff, 0xff, 0xff, 0x8c, 0x0, 0x0,
    0x0, 0x0, 0x0, 0x0, 0x7c, 0xff, 0xff, 0xff,
    0x68, 0x0, 0x45, 0xff, 0xff, 0xff, 0xfb, 0x2c,
    0x0, 0x0, 0x0, 0x0, 0x0, 0x7c, 0xff, 0xff,
    0xff, 0x68, 0x0, 0x0, 0xae, 0xff, 0xff, 0xff,
    0xc3, 0x1, 0x0, 0x0, 0x0, 0x0, 0x7c, 0xff,
    0xff, 0xff, 0x68, 0x0, 0x0, 0x1f, 0xf6, 0xff,
    0xff, 0xff, 0x61, 0x0, 0x0, 0x0, 0x0, 0x7c,
    0xff, 0xff, 0xff, 0x68, 0x0, 0x0, 0x0, 0x7e,
    0xff, 0xff, 0xff, 0xeb, 0x12, 0x0, 0x0, 0x0,
    0x7c, 0xff, 0xff, 0xff, 0x68, 0x0, 0x0, 0x0,
    0x8, 0xdd, 0xff, 0xff, 0xff, 0x99, 0x0, 0x0,
    0x0, 0x7c, 0xff, 0xff, 0xff, 0x68, 0x0, 0x0,
    0x0, 0x0, 0x4e, 0xff, 0xff, 0xff, 0xfe, 0x37,
    0x0, 0x0, 0x7c, 0xff, 0xff, 0xff, 0x68, 0x0,
    0x0, 0x0, 0x0, 0x0, 0xb5, 0xff, 0xff, 0xff,
    0xce, 0x3, 0x0, 0x7c, 0xff, 0xff, 0xff, 0x68,
    0x0, 0x0, 0x0, 0x0, 0x0, 0x24, 0xf8, 0xff,
    0xff, 0xff, 0x6e, 0x0, 0x5e, 0xfe, 0xff, 0xfc,
    0x4c, 0x0, 0x0, 0x0, 0x0, 0x0, 0x0, 0x68,
    0xf1, 0xff, 0xff, 0xd8, 0x0,

    /* U+006C "l" */
    0x30, 0xf8, 0xff, 0xff, 0x7a, 0x48, 0xff, 0xff,
    0xff, 0x98, 0x48, 0xff, 0xff, 0xff, 0x98, 0x48,
    0xff, 0xff, 0xff, 0x98, 0x48, 0xff, 0xff, 0xff,
    0x98, 0x48, 0xff, 0xff, 0xff, 0x98, 0x48, 0xff,
    0xff, 0xff, 0x98, 0x48, 0xff, 0xff, 0xff, 0x98,
    0x48, 0xff, 0xff, 0xff, 0x98, 0x48, 0xff, 0xff,
    0xff, 0x98, 0x48, 0xff, 0xff, 0xff, 0x98, 0x48,
    0xff, 0xff, 0xff, 0x98, 0x48, 0xff, 0xff, 0xff,
    0x98, 0x48, 0xff, 0xff, 0xff, 0x98, 0x48, 0xff,
    0xff, 0xff, 0x98, 0x48, 0xff, 0xff, 0xff, 0x98,
    0x48, 0xff, 0xff, 0xff, 0x98, 0x48, 0xff, 0xff,
    0xff, 0x98, 0x48, 0xff, 0xff, 0xff, 0x98, 0x48,
    0xff, 0xff, 0xff, 0x98, 0x48, 0xff, 0xff, 0xff,
    0x98, 0x48, 0xff, 0xff, 0xff, 0x98, 0x48, 0xff,
    0xff, 0xff, 0x98, 0x48, 0xff, 0xff, 0xff, 0x98,
    0x48, 0xff, 0xff, 0xff, 0x98, 0x48, 0xff, 0xff,
    0xff, 0x98, 0x48, 0xff, 0xff, 0xff, 0x98, 0x48,
    0xff, 0xff, 0xff, 0x98, 0x30, 0xf8, 0xff, 0xff,
    0x7a,

    /* U+006D "m" */
    0x5e, 0xfe, 0xff, 0xfc, 0x4c, 0x10, 0x8c, 0xdb,
    0xf8, 0xff, 0xf5, 0xd7, 0x8a, 0x19, 0x0, 0x0,
    0xc, 0x79, 0xd0, 0xf4, 0xff, 0xf8, 0xe0, 0xa1,
    0x30, 0x0, 0x0, 0x0, 0x7c, 0xff, 0xff, 0xff,
    0x78, 0xdb, 0xff, 0xff, 0xff, 0xff, 0xff, 0xff,
    0xff, 0xe8, 0x32, 0x1f, 0xd9, 0xff, 0xff, 0xff,
    0xff, 0xff, 0xff, 0xff, 0xfc, 0x65, 0x0, 0x0,
    0x7c, 0xff, 0xff, 0xff, 0xf5, 0xff, 0xff, 0xff,
    0xff, 0xff, 0xff, 0xff, 0xff, 0xff, 0xdc, 0xc4,
    0xff, 0xff, 0xff, 0xff, 0xff, 0xff, 0xff, 0xff,
    0xff, 0xfb, 0x35, 0x0, 0x7c, 0xff, 0xff, 0xff,
    0xff, 0xfd, 0xb2, 0x89, 0x80, 0x90, 0xd0, 0xff,
    0xff, 0xff, 0xff, 0xff, 0xff, 0xde, 0x9c, 0x80,
    0x88, 0xb5, 0xff, 0xff, 0xff, 0xff, 0xad, 0x0,
    0x7c, 0xff, 0xff, 0xff, 0xfc, 0x3d, 0x0, 0x0,
    0x0, 0x0, 0x2, 0xa8, 0xff, 0xff, 0xff, 0xff,
    0xb1, 0x8, 0x0, 0x0, 0x0, 0x0, 0x62, 0xff,
    0xff, 0xff, 0xf1, 0x2, 0x7c, 0xff, 0xff, 0xff,
    0xa6, 0x0, 0x0, 0x0, 0x0, 0x0, 0x0, 0x32,
    0xff, 0xff, 0xff, 0xff, 0x24, 0x0, 0x0, 0x0,
    0x0, 0x0, 0x1, 0xe9, 0xff, 0xff, 0xff, 0x18,
    0x7c, 0xff, 0xff, 0xff, 0x78, 0x0, 0x0, 0x0,
    0x0, 0x0, 0x0, 0x11, 0xff, 0xff, 0xff, 0xf3,
    0x0, 0x0, 0x0, 0x0, 0x0, 0x0, 0x0, 0xc9,
    0xff, 0xff, 0xff, 0x26, 0x7c, 0xff, 0xff, 0xff,
    0x68, 0x0, 0x0, 0x0, 0x0, 0x0, 0x0, 0xc,
    0xff, 0xff, 0xff, 0xe0, 0x0, 0x0, 0x0, 0x0,
    0x0, 0x0, 0x0, 0xc4, 0xff, 0xff, 0xff, 0x28,
    0x7c, 0xff, 0xff, 0xff, 0x68, 0x0, 0x0, 0x0,
    0x0, 0x0, 0x0, 0xc, 0xff, 0xff, 0xff, 0xe0,
    0x0, 0x0, 0x0, 0x0, 0x0, 0x0, 0x0, 0xc4,
    0xff, 0xff, 0xff, 0x28, 0x7c, 0xff, 0xff, 0xff,
    0x68, 0x0, 0x0, 0x0, 0x0, 0x0, 0x0, 0xc,
    0xff, 0xff, 0xff, 0xe0, 0x0, 0x0, 0x0, 0x0,
    0x0, 0x0, 0x0, 0xc4, 0xff, 0xff, 0xff, 0x28,
    0x7c, 0xff, 0xff, 0xff, 0x68, 0x0, 0x0, 0x0,
    0x0, 0x0, 0x0, 0xc, 0xff, 0xff, 0xff, 0xe0,
    0x0, 0x0, 0x0, 0x0, 0x0, 0x0, 0x0, 0xc4,
    0xff, 0xff, 0xff, 0x28, 0x7c, 0xff, 0xff, 0xff,
    0x68, 0x0, 0x0, 0x0, 0x0, 0x0, 0x0, 0xc,
    0xff, 0xff, 0xff, 0xe0, 0x0, 0x0, 0x0, 0x0,
    0x0, 0x0, 0x0, 0xc4, 0xff, 0xff, 0xff, 0x28,
    0x7c, 0xff, 0xff, 0xff, 0x68, 0x0, 0x0, 0x0,
    0x0, 0x0, 0x0, 0xc, 0xff, 0xff, 0xff, 0xe0,
    0x0, 0x0, 0x0, 0x0, 0x0, 0x0, 0x0, 0xc4,
    0xff, 0xff, 0xff, 0x28, 0x7c, 0xff, 0xff, 0xff,
    0x68, 0x0, 0x0, 0x0, 0x0, 0x0, 0x0, 0xc,
    0xff, 0xff, 0xff, 0xe0, 0x0, 0x0, 0x0, 0x0,
    0x0, 0x0, 0x0, 0xc4, 0xff, 0xff, 0xff, 0x28,
    0x7c, 0xff, 0xff, 0xff, 0x68, 0x0, 0x0, 0x0,
    0x0, 0x0, 0x0, 0xc, 0xff, 0xff, 0xff, 0xe0,
    0x0, 0x0, 0x0, 0x0, 0x0, 0x0, 0x0, 0xc4,
    0xff, 0xff, 0xff, 0x28, 0x7c, 0xff, 0xff, 0xff,
    0x68, 0x0, 0x0, 0x0, 0x0, 0x0, 0x0, 0xc,
    0xff, 0xff, 0xff, 0xe0, 0x0, 0x0, 0x0, 0x0,
    0x0, 0x0, 0x0, 0xc4, 0xff, 0xff, 0xff, 0x28,
    0x7c, 0xff, 0xff, 0xff, 0x68, 0x0, 0x0, 0x0,
    0x0, 0x0, 0x0, 0xc, 0xff, 0xff, 0xff, 0xe0,
    0x0, 0x0, 0x0, 0x0, 0x0, 0x0, 0x0, 0xc4,
    0xff, 0xff, 0xff, 0x28, 0x7c, 0xff, 0xff, 0xff,
    0x68, 0x0, 0x0, 0x0, 0x0, 0x0, 0x0, 0xc,
    0xff, 0xff, 0xff, 0xe0, 0x0, 0x0, 0x0, 0x0,
    0x0, 0x0, 0x0, 0xc4, 0xff, 0xff, 0xff, 0x28,
    0x7c, 0xff, 0xff, 0xff, 0x68, 0x0, 0x0, 0x0,
    0x0, 0x0, 0x0, 0xc, 0xff, 0xff, 0xff, 0xe0,
    0x0, 0x0, 0x0, 0x0, 0x0, 0x0, 0x0, 0xc4,
    0xff, 0xff, 0xff, 0x28, 0x7c, 0xff, 0xff, 0xff,
    0x68, 0x0, 0x0, 0x0, 0x0, 0x0, 0x0, 0xc,
    0xff, 0xff, 0xff, 0xe0, 0x0, 0x0, 0x0, 0x0,
    0x0, 0x0, 0x0, 0xc4, 0xff, 0xff, 0xff, 0x28,
    0x5e, 0xfe, 0xff, 0xfc, 0x4c, 0x0, 0x0, 0x0,
    0x0, 0x0, 0x0, 0x4, 0xe8, 0xff, 0xff, 0xbf,
    0x0, 0x0, 0x0, 0x0, 0x0, 0x0, 0x0, 0xa5,
    0xff, 0xff, 0xf4, 0x15,

    /* U+006E "n" */
    0x5e, 0xfe, 0xff, 0xfc, 0x4c, 0x1c, 0x9d, 0xe3,
    0xfb, 0xff, 0xfb, 0xe7, 0xb2, 0x4d, 0x0, 0x0,
    0x0, 0x7c, 0xff, 0xff, 0xff, 0x7c, 0xe7, 0xff,
    0xff, 0xff, 0xff, 0xff, 0xff, 0xff, 0xff, 0x9f,
    0x1, 0x0, 0x7c, 0xff, 0xff, 0xff, 0xf5, 0xff,
    0xff, 0xff, 0xff, 0xff, 0xff, 0xff, 0xff, 0xff,
    0xff, 0x72, 0x0, 0x7c, 0xff, 0xff, 0xff, 0xff,
    0xfd, 0xb2, 0x89, 0x80, 0x83, 0xa5, 0xf7, 0xff,
    0xff, 0xff, 0xe9, 0x4, 0x7c, 0xff, 0xff, 0xff,
    0xfc, 0x3d, 0x0, 0x0, 0x0, 0x0, 0x0, 0x2c,
    0xf9, 0xff, 0xff, 0xff, 0x34, 0x7c, 0xff, 0xff,
    0xff, 0xa6, 0x0, 0x0, 0x0, 0x0, 0x0, 0x0,
    0x0, 0xab, 0xff, 0xff, 0xff, 0x58, 0x7c, 0xff,
    0xff, 0xff, 0x78, 0x0, 0x0, 0x0, 0x0, 0x0,
    0x0, 0x0, 0x89, 0xff, 0xff, 0xff, 0x66, 0x7c,
    0xff, 0xff, 0xff, 0x68, 0x0, 0x0, 0x0, 0x0,
    0x0, 0x0, 0x0, 0x84, 0xff, 0xff, 0xff, 0x68,
    0x7c, 0xff, 0xff, 0xff, 0x68, 0x0, 0x0, 0x0,
    0x0, 0x0, 0x0, 0x0, 0x84, 0xff, 0xff, 0xff,
    0x68, 0x7c, 0xff, 0xff, 0xff, 0x68, 0x0, 0x0,
    0x0, 0x0, 0x0, 0x0, 0x0, 0x84, 0xff, 0xff,
    0xff, 0x68, 0x7c, 0xff, 0xff, 0xff, 0x68, 0x0,
    0x0, 0x0, 0x0, 0x0, 0x0, 0x0, 0x84, 0xff,
    0xff, 0xff, 0x68, 0x7c, 0xff, 0xff, 0xff, 0x68,
    0x0, 0x0, 0x0, 0x0, 0x0, 0x0, 0x0, 0x84,
    0xff, 0xff, 0xff, 0x68, 0x7c, 0xff, 0xff, 0xff,
    0x68, 0x0, 0x0, 0x0, 0x0, 0x0, 0x0, 0x0,
    0x84, 0xff, 0xff, 0xff, 0x68, 0x7c, 0xff, 0xff,
    0xff, 0x68, 0x0, 0x0, 0x0, 0x0, 0x0, 0x0,
    0x0, 0x84, 0xff, 0xff, 0xff, 0x68, 0x7c, 0xff,
    0xff, 0xff, 0x68, 0x0, 0x0, 0x0, 0x0, 0x0,
    0x0, 0x0, 0x84, 0xff, 0xff, 0xff, 0x68, 0x7c,
    0xff, 0xff, 0xff, 0x68, 0x0, 0x0, 0x0, 0x0,
    0x0, 0x0, 0x0, 0x84, 0xff, 0xff, 0xff, 0x68,
    0x7c, 0xff, 0xff, 0xff, 0x68, 0x0, 0x0, 0x0,
    0x0, 0x0, 0x0, 0x0, 0x84, 0xff, 0xff, 0xff,
    0x68, 0x7c, 0xff, 0xff, 0xff, 0x68, 0x0, 0x0,
    0x0, 0x0, 0x0, 0x0, 0x0, 0x84, 0xff, 0xff,
    0xff, 0x68, 0x7c, 0xff, 0xff, 0xff, 0x68, 0x0,
    0x0, 0x0, 0x0, 0x0, 0x0, 0x0, 0x84, 0xff,
    0xff, 0xff, 0x68, 0x7c, 0xff, 0xff, 0xff, 0x68,
    0x0, 0x0, 0x0, 0x0, 0x0, 0x0, 0x0, 0x84,
    0xff, 0xff, 0xff, 0x68, 0x5e, 0xfe, 0xff, 0xfc,
    0x4c, 0x0, 0x0, 0x0, 0x0, 0x0, 0x0, 0x0,
    0x67, 0xfe, 0xff, 0xfb, 0x4b,

    /* U+006F "o" */
    0x0, 0x0, 0xe, 0x79, 0xc9, 0xef, 0xfe, 0xff,
    0xff, 0xff, 0xf2, 0xd1, 0x88, 0x18, 0x0, 0x0,
    0x0, 0x0, 0x28, 0xdf, 0xff, 0xff, 0xff, 0xff,
    0xff, 0xff, 0xff, 0xff, 0xff, 0xff, 0xee, 0x40,
    0x0, 0x0, 0x7, 0xd9, 0xff, 0xff, 0xff, 0xff,
    0xff, 0xff, 0xff, 0xff, 0xff, 0xff, 0xff, 0xff,
    0xee, 0x1c, 0x0, 0x60, 0xff, 0xff, 0xff, 0xff,
    0xc4, 0x8e, 0x80, 0x80, 0x89, 0xb9, 0xff, 0xff,
    0xff, 0xff, 0x90, 0x0, 0xab, 0xff, 0xff, 0xff,
    0x8e, 0x0, 0x0, 0x0, 0x0, 0x0, 0x0, 0x6a,
    0xff, 0xff, 0xff, 0xdc, 0x0, 0xd1, 0xff, 0xff,
    0xff, 0x21, 0x0, 0x0, 0x0, 0x0, 0x0, 0x0,
    0x2, 0xf0, 0xff, 0xff, 0xfe, 0x4, 0xde, 0xff,
    0xff, 0xff, 0x4, 0x0, 0x0, 0x0, 0x0, 0x0,
    0x0, 0x0, 0xd0, 0xff, 0xff, 0xff, 0x12, 0xe0,
    0xff, 0xff, 0xff, 0x0, 0x0, 0x0, 0x0, 0x0,
    0x0, 0x0, 0x0, 0xcc, 0xff, 0xff, 0xff, 0x14,
    0xe0, 0xff, 0xff, 0xff, 0x0, 0x0, 0x0, 0x0,
    0x0, 0x0, 0x0, 0x0, 0xcc, 0xff, 0xff, 0xff,
    0x14, 0xe0, 0xff, 0xff, 0xff, 0x0, 0x0, 0x0,
    0x0, 0x0, 0x0, 0x0, 0x0, 0xcc, 0xff, 0xff,
    0xff, 0x14, 0xe0, 0xff, 0xff, 0xff, 0x0, 0x0,
    0x0, 0x0, 0x0, 0x0, 0x0, 0x0, 0xcc, 0xff,
    0xff, 0xff, 0x14, 0xe0, 0xff, 0xff, 0xff, 0x0,
    0x0, 0x0, 0x0, 0x0, 0x0, 0x0, 0x0, 0xcc,
    0xff, 0xff, 0xff, 0x14, 0xe0, 0xff, 0xff, 0xff,
    0x0, 0x0, 0x0, 0x0, 0x0, 0x0, 0x0, 0x0,
    0xcc, 0xff, 0xff, 0xff, 0x14, 0xe0, 0xff, 0xff,
    0xff, 0x0, 0x0, 0x0, 0x0, 0x0, 0x0, 0x0,
    0x0, 0xcc, 0xff, 0xff, 0xff, 0x14, 0xde, 0xff,
    0xff, 0xff, 0x3, 0x0, 0x0, 0x0, 0x0, 0x0,
    0x0, 0x0, 0xd0, 0xff, 0xff, 0xff, 0x12, 0xd1,
    0xff, 0xff, 0xff, 0x20, 0x0, 0x0, 0x0, 0x0,
    0x0, 0x0, 0x1, 0xf0, 0xff, 0xff, 0xfe, 0x4,
    0xaa, 0xff, 0xff, 0xff, 0x8b, 0x0, 0x0, 0x0,
    0x0, 0x0, 0x0, 0x68, 0xff, 0xff, 0xff, 0xdb,
    0x0, 0x5e, 0xff, 0xff, 0xff, 0xff, 0xc3, 0x8d,
    0x80, 0x80, 0x88, 0xb7, 0xff, 0xff, 0xff, 0xff,
    0x8e, 0x0, 0x6, 0xd7, 0xff, 0xff, 0xff, 0xff,
    0xff, 0xff, 0xff, 0xff, 0xff, 0xff, 0xff, 0xff,
    0xed, 0x1a, 0x0, 0x0, 0x26, 0xde, 0xff, 0xff,
    0xff, 0xff, 0xff, 0xff, 0xff, 0xff, 0xff, 0xff,
    0xed, 0x3e, 0x0, 0x0, 0x0, 0x0, 0xe, 0x79,
    0xc9, 0xf0, 0xff, 0xff, 0xff, 0xff, 0xf3, 0xd1,
    0x87, 0x17, 0x0, 0x0, 0x0,

    /* U+0070 "p" */
    0x5e, 0xfe, 0xff, 0xfc, 0x4c, 0x1c, 0x9d, 0xe3,
    0xfb, 0xff, 0xfe, 0xee, 0xc2, 0x6a, 0x6, 0x0,
    0x0, 0x7c, 0xff, 0xff, 0xff, 0x7c, 0xe7, 0xff,
    0xff, 0xff, 0xff, 0xff, 0xff, 0xff, 0xff, 0xc6,
    0xf, 0x0, 0x7c, 0xff, 0xff, 0xff, 0xf5, 0xff,
    0xff, 0xff, 0xff, 0xff, 0xff, 0xff, 0xff, 0xff,
    0xff, 0xa4, 0x0, 0x7c, 0xff, 0xff, 0xff, 0xff,
    0xfd, 0xb2, 0x89, 0x80, 0x80, 0x9b, 0xe8, 0xff,
    0xff, 0xff, 0xfd, 0x21, 0x7c, 0xff, 0xff, 0xff,
    0xfc, 0x3d, 0x0, 0x0, 0x0, 0x0, 0x0, 0x10,
    0xdf, 0xff, 0xff, 0xff, 0x65, 0x7c, 0xff, 0xff,
    0xff, 0xa6, 0x0, 0x0, 0x0, 0x0, 0x0, 0x0,
    0x0, 0x77, 0xff, 0xff, 0xff, 0x88, 0x7c, 0xff,
    0xff, 0xff, 0x78, 0x0, 0x0, 0x0, 0x0, 0x0,
    0x0, 0x0, 0x55, 0xff, 0xff, 0xff, 0x96, 0x7c,
    0xff, 0xff, 0xff, 0x68, 0x0, 0x0, 0x0, 0x0,
    0x0, 0x0, 0x0, 0x50, 0xff, 0xff, 0xff, 0x98,
    0x7c, 0xff, 0xff, 0xff, 0x68, 0x0, 0x0, 0x0,
    0x0, 0x0, 0x0, 0x0, 0x50, 0xff, 0xff, 0xff,
    0x98, 0x7c, 0xff, 0xff, 0xff, 0x68, 0x0, 0x0,
    0x0, 0x0, 0x0, 0x0, 0x0, 0x50, 0xff, 0xff,
    0xff, 0x98, 0x7c, 0xff, 0xff, 0xff, 0x68, 0x0,
    0x0, 0x0, 0x0, 0x0, 0x0, 0x0, 0x50, 0xff,
    0xff, 0xff, 0x98, 0x7c, 0xff, 0xff, 0xff, 0x68,
    0x0, 0x0, 0x0, 0x0, 0x0, 0x0, 0x0, 0x50,
    0xff, 0xff, 0xff, 0x98, 0x7c, 0xff, 0xff, 0xff,
    0x68, 0x0, 0x0, 0x0, 0x0, 0x0, 0x0, 0x0,
    0x50, 0xff, 0xff, 0xff, 0x98, 0x7c, 0xff, 0xff,
    0xff, 0x68, 0x0, 0x0, 0x0, 0x0, 0x0, 0x0,
    0x0, 0x50, 0xff, 0xff, 0xff, 0x98, 0x7c, 0xff,
    0xff, 0xff, 0x78, 0x0, 0x0, 0x0, 0x0, 0x0,
    0x0, 0x0, 0x55, 0xff, 0xff, 0xff, 0x96, 0x7c,
    0xff, 0xff, 0xff, 0xa6, 0x0, 0x0, 0x0, 0x0,
    0x0, 0x0, 0x0, 0x77, 0xff, 0xff, 0xff, 0x88,
    0x7c, 0xff, 0xff, 0xff, 0xfc, 0x3d, 0x0, 0x0,
    0x0, 0x0, 0x0, 0x10, 0xde, 0xff, 0xff, 0xff,
    0x65, 0x7c, 0xff, 0xff, 0xff, 0xff, 0xfd, 0xb1,
    0x88, 0x80, 0x80, 0x9a, 0xe7, 0xff, 0xff, 0xff,
    0xfd, 0x20, 0x7c, 0xff, 0xff, 0xff, 0xf5, 0xff,
    0xff, 0xff, 0xff, 0xff, 0xff, 0xff, 0xff, 0xff,
    0xff, 0xa3, 0x0, 0x7c, 0xff, 0xff, 0xff, 0x7c,
    0xe7, 0xff, 0xff, 0xff, 0xff, 0xff, 0xff, 0xff,
    0xff, 0xc7, 0xf, 0x0, 0x7c, 0xff, 0xff, 0xff,
    0x68, 0x1c, 0x9d, 0xe3, 0xfb, 0xff, 0xfe, 0xef,
    0xc4, 0x6b, 0x6, 0x0, 0x0, 0x7c, 0xff, 0xff,
    0xff, 0x68, 0x0, 0x0, 0x0, 0x0, 0x0, 0x0,
    0x0, 0x0, 0x0, 0x0, 0x0, 0x0, 0x7c, 0xff,
    0xff, 0xff, 0x68, 0x0, 0x0, 0x0, 0x0, 0x0,
    0x0, 0x0, 0x0, 0x0, 0x0, 0x0, 0x0, 0x7c,
    0xff, 0xff, 0xff, 0x68, 0x0, 0x0, 0x0, 0x0,
    0x0, 0x0, 0x0, 0x0, 0x0, 0x0, 0x0, 0x0,
    0x7c, 0xff, 0xff, 0xff, 0x68, 0x0, 0x0, 0x0,
    0x0, 0x0, 0x0, 0x0, 0x0, 0x0, 0x0, 0x0,
    0x0, 0x7c, 0xff, 0xff, 0xff, 0x68, 0x0, 0x0,
    0x0, 0x0, 0x0, 0x0, 0x0, 0x0, 0x0, 0x0,
    0x0, 0x0, 0x5f, 0xfe, 0xff, 0xfc, 0x4c, 0x0,
    0x0, 0x0, 0x0, 0x0, 0x0, 0x0, 0x0, 0x0,
    0x0, 0x0, 0x0,

    /* U+0071 "q" */
    0x0, 0x0, 0xe, 0x79, 0xc9, 0xef, 0xfe, 0xff,
    0xff, 0xff, 0xff, 0xff, 0xff, 0xff, 0xff, 0xdf,
    0x0, 0x28, 0xdf, 0xff, 0xff, 0xff, 0xff, 0xff,
    0xff, 0xff, 0xff, 0xff, 0xff, 0xff, 0xff, 0xff,
    0x7, 0xd9, 0xff, 0xff, 0xff, 0xff, 0xff, 0xff,
    0xff, 0xff, 0xff, 0xff, 0xff, 0xff, 0xff, 0xff,
    0x60, 0xff, 0xff, 0xff, 0xff, 0xcb, 0x8f, 0x80,
    0x80, 0x80, 0x80, 0x85, 0xfc, 0xff, 0xff, 0xff,
    0xab, 0xff, 0xff, 0xff, 0x9d, 0x1, 0x0, 0x0,
    0x0, 0x0, 0x0, 0x0, 0xec, 0xff, 0xff, 0xff,
    0xd1, 0xff, 0xff, 0xff, 0x26, 0x0, 0x0, 0x0,
    0x0, 0x0, 0x0, 0x0, 0xec, 0xff, 0xff, 0xff,
    0xde, 0xff, 0xff, 0xff, 0x4, 0x0, 0x0, 0x0,
    0x0, 0x0, 0x0, 0x0, 0xec, 0xff, 0xff, 0xff,
    0xe0, 0xff, 0xff, 0xff, 0x0, 0x0, 0x0, 0x0,
    0x0, 0x0, 0x0, 0x0, 0xec, 0xff, 0xff, 0xff,
    0xe0, 0xff, 0xff, 0xff, 0x0, 0x0, 0x0, 0x0,
    0x0, 0x0, 0x0, 0x0, 0xec, 0xff, 0xff, 0xff,
    0xe0, 0xff, 0xff, 0xff, 0x0, 0x0, 0x0, 0x0,
    0x0, 0x0, 0x0, 0x0, 0xec, 0xff, 0xff, 0xff,
    0xe0, 0xff, 0xff, 0xff, 0x0, 0x0, 0x0, 0x0,
    0x0, 0x0, 0x0, 0x0, 0xec, 0xff, 0xff, 0xff,
    0xe0, 0xff, 0xff, 0xff, 0x0, 0x0, 0x0, 0x0,
    0x0, 0x0, 0x0, 0x0, 0xec, 0xff, 0xff, 0xff,
    0xe0, 0xff, 0xff, 0xff, 0x0, 0x0, 0x0, 0x0,
    0x0, 0x0, 0x0, 0x0, 0xec, 0xff, 0xff, 0xff,
    0xe0, 0xff, 0xff, 0xff, 0x0, 0x0, 0x0, 0x0,
    0x0, 0x0, 0x0, 0x0, 0xec, 0xff, 0xff, 0xff,
    0xde, 0xff, 0xff, 0xff, 0x4, 0x0, 0x0, 0x0,
    0x0, 0x0, 0x0, 0x4, 0xfb, 0xff, 0xff, 0xff,
    0xd1, 0xff, 0xff, 0xff, 0x26, 0x0, 0x0, 0x0,
    0x0, 0x0, 0x0, 0x31, 0xff, 0xff, 0xff, 0xff,
    0xaa, 0xff, 0xff, 0xff, 0x9c, 0x1, 0x0, 0x0,
    0x0, 0x0, 0xb, 0xbb, 0xff, 0xff, 0xff, 0xff,
    0x5e, 0xff, 0xff, 0xff, 0xff, 0xca, 0x8e, 0x80,
    0x81, 0x9d, 0xe2, 0xff, 0xff, 0xff, 0xff, 0xff,
    0x6, 0xd7, 0xff, 0xff, 0xff, 0xff, 0xff, 0xff,
    0xff, 0xff, 0xff, 0xf4, 0xfa, 0xff, 0xff, 0xff,
    0x0, 0x26, 0xde, 0xff, 0xff, 0xff, 0xff, 0xff,
    0xff, 0xff, 0xff, 0x63, 0xec, 0xff, 0xff, 0xff,
    0x0, 0x0, 0xe, 0x79, 0xc9, 0xf0, 0xff, 0xff,
    0xee, 0xbe, 0x4b, 0x0, 0xec, 0xff, 0xff, 0xff,
    0x0, 0x0, 0x0, 0x0, 0x0, 0x0, 0x0, 0x0,
    0x0, 0x0, 0x0, 0x0, 0xec, 0xff, 0xff, 0xff,
    0x0, 0x0, 0x0, 0x0, 0x0, 0x0, 0x0, 0x0,
    0x0, 0x0, 0x0, 0x0, 0xec, 0xff, 0xff, 0xff,
    0x0, 0x0, 0x0, 0x0, 0x0, 0x0, 0x0, 0x0,
    0x0, 0x0, 0x0, 0x0, 0xec, 0xff, 0xff, 0xff,
    0x0, 0x0, 0x0, 0x0, 0x0, 0x0, 0x0, 0x0,
    0x0, 0x0, 0x0, 0x0, 0xec, 0xff, 0xff, 0xff,
    0x0, 0x0, 0x0, 0x0, 0x0, 0x0, 0x0, 0x0,
    0x0, 0x0, 0x0, 0x0, 0xec, 0xff, 0xff, 0xff,
    0x0, 0x0, 0x0, 0x0, 0x0, 0x0, 0x0, 0x0,
    0x0, 0x0, 0x0, 0x0, 0xcd, 0xff, 0xff, 0xe0,

    /* U+0072 "r" */
    0x5e, 0xfe, 0xff, 0xfc, 0x4c, 0xf, 0x87, 0xda,
    0xf9, 0xff, 0xad, 0x7c, 0xff, 0xff, 0xff, 0x77,
    0xdc, 0xff, 0xff, 0xff, 0xff, 0xcc, 0x7c, 0xff,
    0xff, 0xff, 0xef, 0xff, 0xff, 0xff, 0xff, 0xff,
    0xca, 0x7c, 0xff, 0xff, 0xff, 0xff, 0xfe, 0xb7,
    0x8a, 0x80, 0x80, 0x4f, 0x7c, 0xff, 0xff, 0xff,
    0xff, 0x4b, 0x0, 0x0, 0x0, 0x0, 0x0, 0x7c,
    0xff, 0xff, 0xff, 0xb3, 0x0, 0x0, 0x0, 0x0,
    0x0, 0x0, 0x7c, 0xff, 0xff, 0xff, 0x80, 0x0,
    0x0, 0x0, 0x0, 0x0, 0x0, 0x7c, 0xff, 0xff,
    0xff, 0x69, 0x0, 0x0, 0x0, 0x0, 0x0, 0x0,
    0x7c, 0xff, 0xff, 0xff, 0x68, 0x0, 0x0, 0x0,
    0x0, 0x0, 0x0, 0x7c, 0xff, 0xff, 0xff, 0x68,
    0x0, 0x0, 0x0, 0x0, 0x0, 0x0, 0x7c, 0xff,
    0xff, 0xff, 0x68, 0x0, 0x0, 0x0, 0x0, 0x0,
    0x0, 0x7c, 0xff, 0xff, 0xff, 0x68, 0x0, 0x0,
    0x0, 0x0, 0x0, 0x0, 0x7c, 0xff, 0xff, 0xff,
    0x68, 0x0, 0x0, 0x0, 0x0, 0x0, 0x0, 0x7c,
    0xff, 0xff, 0xff, 0x68, 0x0, 0x0, 0x0, 0x0,
    0x0, 0x0, 0x7c, 0xff, 0xff, 0xff, 0x68, 0x0,
    0x0, 0x0, 0x0, 0x0, 0x0, 0x7c, 0xff, 0xff,
    0xff, 0x68, 0x0, 0x0, 0x0, 0x0, 0x0, 0x0,
    0x7c, 0xff, 0xff, 0xff, 0x68, 0x0, 0x0, 0x0,
    0x0, 0x0, 0x0, 0x7c, 0xff, 0xff, 0xff, 0x68,
    0x0, 0x0, 0x0, 0x0, 0x0, 0x0, 0x7c, 0xff,
    0xff, 0xff, 0x68, 0x0, 0x0, 0x0, 0x0, 0x0,
    0x0, 0x7c, 0xff, 0xff, 0xff, 0x68, 0x0, 0x0,
    0x0, 0x0, 0x0, 0x0, 0x5e, 0xfe, 0xff, 0xfc,
    0x4c, 0x0, 0x0, 0x0, 0x0, 0x0, 0x0,

    /* U+0073 "s" */
    0x0, 0x0, 0x14, 0x83, 0xcd, 0xf1, 0xfe, 0xff,
    0xff, 0xff, 0xff, 0xff, 0xff, 0x87, 0x0, 0x0,
    0x25, 0xe6, 0xff, 0xff, 0xff, 0xff, 0xff, 0xff,
    0xff, 0xff, 0xff, 0xff, 0xa4, 0x0, 0x0, 0xc3,
    0xff, 0xff, 0xff, 0xff, 0xff, 0xff, 0xff, 0xff,
    0xff, 0xff, 0xff, 0xa0, 0x0, 0x22, 0xff, 0xff,
    0xff, 0xff, 0xcb, 0x7e, 0x6c, 0x6c, 0x6c, 0x6c,
    0x6c, 0x6c, 0x2b, 0x0, 0x4d, 0xff, 0xff, 0xff,
    0xd5, 0x4, 0x0, 0x0, 0x0, 0x0, 0x0, 0x0,
    0x0, 0x0, 0x0, 0x53, 0xff, 0xff, 0xff, 0xb7,
    0x0, 0x0, 0x0, 0x0, 0x0, 0x0, 0x0, 0x0,
    0x0, 0x0, 0x34, 0xff, 0xff, 0xff, 0xf5, 0x27,
    0x0, 0x0, 0x0, 0x0, 0x0, 0x0, 0x0, 0x0,
    0x0, 0x6, 0xe3, 0xff, 0xff, 0xff, 0xeb, 0x61,
    0x2, 0x0, 0x0, 0x0, 0x0, 0x0, 0x0, 0x0,
    0x0, 0x5b, 0xff, 0xff, 0xff, 0xff, 0xff, 0xd4,
    0x52, 0x0, 0x0, 0x0, 0x0, 0x0, 0x0, 0x0,
    0x0, 0x5e, 0xf3, 0xff, 0xff, 0xff, 0xff, 0xff,
    0xcb, 0x47, 0x0, 0x0, 0x0, 0x0, 0x0, 0x0,
    0x0, 0x1d, 0x9c, 0xfb, 0xff, 0xff, 0xff, 0xff,
    0xff, 0xc1, 0x30, 0x0, 0x0, 0x0, 0x0, 0x0,
    0x0, 0x0, 0x20, 0x9a, 0xf9, 0xff, 0xff, 0xff,
    0xff, 0xfa, 0x54, 0x0, 0x0, 0x0, 0x0, 0x0,
    0x0, 0x0, 0x0, 0x1d, 0x95, 0xfa, 0xff, 0xff,
    0xff, 0xf6, 0x15, 0x0, 0x0, 0x0, 0x0, 0x0,
    0x0, 0x0, 0x0, 0x0, 0x2b, 0xe6, 0xff, 0xff,
    0xff, 0x73, 0x0, 0x0, 0x0, 0x0, 0x0, 0x0,
    0x0, 0x0, 0x0, 0x0, 0x67, 0xff, 0xff, 0xff,
    0xa4, 0x0, 0x0, 0x0, 0x0, 0x0, 0x0, 0x0,
    0x0, 0x0, 0x0, 0x3f, 0xff, 0xff, 0xff, 0xbc,
    0x0, 0x0, 0x0, 0x0, 0x0, 0x0, 0x0, 0x0,
    0x0, 0x0, 0x70, 0xff, 0xff, 0xff, 0xb3, 0x5,
    0x57, 0x60, 0x60, 0x60, 0x60, 0x60, 0x60, 0x68,
    0x96, 0xf7, 0xff, 0xff, 0xff, 0x84, 0x38, 0xff,
    0xff, 0xff, 0xff, 0xff, 0xff, 0xff, 0xff, 0xff,
    0xff, 0xff, 0xff, 0xfc, 0x26, 0x3c, 0xff, 0xff,
    0xff, 0xff, 0xff, 0xff, 0xff, 0xff, 0xff, 0xff,
    0xff, 0xfc, 0x65, 0x0, 0x26, 0xf7, 0xff, 0xff,
    0xff, 0xff, 0xff, 0xff, 0xff, 0xf5, 0xda, 0x9d,
    0x31, 0x0, 0x0,

    /* U+0074 "t" */
    0x0, 0x0, 0x0, 0x5c, 0xfd, 0xff, 0xfd, 0x52,
    0x0, 0x0, 0x0, 0x0, 0x0, 0x0, 0x0, 0x0,
    0x7c, 0xff, 0xff, 0xff, 0x70, 0x0, 0x0, 0x0,
    0x0, 0x0, 0x0, 0x0, 0x0, 0x7c, 0xff, 0xff,
    0xff, 0x70, 0x0, 0x0, 0x0, 0x0, 0x0, 0x0,
    0x0, 0x0, 0x7c, 0xff, 0xff, 0xff, 0x70, 0x0,
    0x0, 0x0, 0x0, 0x0, 0x0, 0x0, 0x0, 0x86,
    0xff, 0xff, 0xff, 0x7b, 0x0, 0x0, 0x0, 0x0,
    0x0, 0x5e, 0xfe, 0xff, 0xff, 0xff, 0xff, 0xff,
    0xff, 0xff, 0xff, 0xff, 0xf9, 0x36, 0x7c, 0xff,
    0xff, 0xff, 0xff, 0xff, 0xff, 0xff, 0xff, 0xff,
    0xff, 0xff, 0x50, 0x7b, 0xff, 0xff, 0xff, 0xff,
    0xff, 0xff, 0xff, 0xff, 0xff, 0xff, 0xff, 0x4e,
    0x2b, 0x7f, 0x80, 0xc8, 0xff, 0xff, 0xff, 0xc3,
    0x80, 0x80, 0x80, 0x79, 0x11, 0x0, 0x0, 0x0,
    0x7c, 0xff, 0xff, 0xff, 0x70, 0x0, 0x0, 0x0,
    0x0, 0x0, 0x0, 0x0, 0x0, 0x7c, 0xff, 0xff,
    0xff, 0x70, 0x0, 0x0, 0x0, 0x0, 0x0, 0x0,
    0x0, 0x0, 0x7c, 0xff, 0xff, 0xff, 0x70, 0x0,
    0x0, 0x0, 0x0, 0x0, 0x0, 0x0, 0x0, 0x7c,
    0xff, 0xff, 0xff, 0x70, 0x0, 0x0, 0x0, 0x0,
    0x0, 0x0, 0x0, 0x0, 0x7c, 0xff, 0xff, 0xff,
    0x70, 0x0, 0x0, 0x0, 0x0, 0x0, 0x0, 0x0,
    0x0, 0x7c, 0xff, 0xff, 0xff, 0x70, 0x0, 0x0,
    0x0, 0x0, 0x0, 0x0, 0x0, 0x0, 0x7c, 0xff,
    0xff, 0xff, 0x70, 0x0, 0x0, 0x0, 0x0, 0x0,
    0x0, 0x0, 0x0, 0x7c, 0xff, 0xff, 0xff, 0x70,
    0x0, 0x0, 0x0, 0x0, 0x0, 0x0, 0x0, 0x0,
    0x7c, 0xff, 0xff, 0xff, 0x70, 0x0, 0x0, 0x0,
    0x0, 0x0, 0x0, 0x0, 0x0, 0x7c, 0xff, 0xff,
    0xff, 0x70, 0x0, 0x0, 0x0, 0x0, 0x0, 0x0,
    0x0, 0x0, 0x7b, 0xff, 0xff, 0xff, 0x74, 0x0,
    0x0, 0x0, 0x0, 0x0, 0x0, 0x0, 0x0, 0x6e,
    0xff, 0xff, 0xff, 0x96, 0x0, 0x0, 0x0, 0x0,
    0x0, 0x0, 0x0, 0x0, 0x49, 0xff, 0xff, 0xff,
    0xf0, 0x20, 0x0, 0x0, 0x0, 0x0, 0x0, 0x0,
    0x0, 0xb, 0xf1, 0xff, 0xff, 0xff, 0xf3, 0xa2,
    0x83, 0x80, 0x3d, 0x0, 0x0, 0x0, 0x0, 0x79,
    0xff, 0xff, 0xff, 0xff, 0xff, 0xff, 0xff, 0xb6,
    0x0, 0x0, 0x0, 0x0, 0x1, 0x98, 0xff, 0xff,
    0xff, 0xff, 0xff, 0xff, 0xb8, 0x0, 0x0, 0x0,
    0x0, 0x0, 0x0, 0x42, 0xa9, 0xe3, 0xf9, 0xff,
    0xff, 0x99,

    /* U+0075 "u" */
    0x90, 0xff, 0xff, 0xf5, 0x1f, 0x0, 0x0, 0x0,
    0x0, 0x0, 0x0, 0x0, 0x99, 0xff, 0xff, 0xf4,
    0x1e, 0xb0, 0xff, 0xff, 0xff, 0x34, 0x0, 0x0,
    0x0, 0x0, 0x0, 0x0, 0x0, 0xb8, 0xff, 0xff,
    0xff, 0x34, 0xb0, 0xff, 0xff, 0xff, 0x34, 0x0,
    0x0, 0x0, 0x0, 0x0, 0x0, 0x0, 0xb8, 0xff,
    0xff, 0xff, 0x34, 0xb0, 0xff, 0xff, 0xff, 0x34,
    0x0, 0x0, 0x0, 0x0, 0x0, 0x0, 0x0, 0xb8,
    0xff, 0xff, 0xff, 0x34, 0xb0, 0xff, 0xff, 0xff,
    0x34, 0x0, 0x0, 0x0, 0x0, 0x0, 0x0, 0x0,
    0xb8, 0xff, 0xff, 0xff, 0x34, 0xb0, 0xff, 0xff,
    0xff, 0x34, 0x0, 0x0, 0x0, 0x0, 0x0, 0x0,
    0x0, 0xb8, 0xff, 0xff, 0xff, 0x34, 0xb0, 0xff,
    0xff, 0xff, 0x34, 0x0, 0x0, 0x0, 0x0, 0x0,
    0x0, 0x0, 0xb8, 0xff, 0xff, 0xff, 0x34, 0xb0,
    0xff, 0xff, 0xff, 0x34, 0x0, 0x0, 0x0, 0x0,
    0x0, 0x0, 0x0, 0xb8, 0xff, 0xff, 0xff, 0x34,
    0xb0, 0xff, 0xff, 0xff, 0x34, 0x0, 0x0, 0x0,
    0x0, 0x0, 0x0, 0x0, 0xb8, 0xff, 0xff, 0xff,
    0x34, 0xb0, 0xff, 0xff, 0xff, 0x34, 0x0, 0x0,
    0x0, 0x0, 0x0, 0x0, 0x0, 0xb8, 0xff, 0xff,
    0xff, 0x34, 0xb0, 0xff, 0xff, 0xff, 0x34, 0x0,
    0x0, 0x0, 0x0, 0x0, 0x0, 0x0, 0xb8, 0xff,
    0xff, 0xff, 0x34, 0xb0, 0xff, 0xff, 0xff, 0x34,
    0x0, 0x0, 0x0, 0x0, 0x0, 0x0, 0x0, 0xb8,
    0xff, 0xff, 0xff, 0x34, 0xb0, 0xff, 0xff, 0xff,
    0x34, 0x0, 0x0, 0x0, 0x0, 0x0, 0x0, 0x0,
    0xb8, 0xff, 0xff, 0xff, 0x34, 0xb0, 0xff, 0xff,
    0xff, 0x34, 0x0, 0x0, 0x0, 0x0, 0x0, 0x0,
    0x0, 0xb8, 0xff, 0xff, 0xff, 0x34, 0xae, 0xff,
    0xff, 0xff, 0x38, 0x0, 0x0, 0x0, 0x0, 0x0,
    0x0, 0x0, 0xca, 0xff, 0xff, 0xff, 0x34, 0xa2,
    0xff, 0xff, 0xff, 0x5a, 0x0, 0x0, 0x0, 0x0,
    0x0, 0x0, 0x8, 0xef, 0xff, 0xff, 0xff, 0x34,
    0x7e, 0xff, 0xff, 0xff, 0xc8, 0x8, 0x0, 0x0,
    0x0, 0x0, 0x1, 0x88, 0xff, 0xff, 0xff, 0xff,
    0x34, 0x37, 0xff, 0xff, 0xff, 0xff, 0xdd, 0x95,
    0x80, 0x80, 0x93, 0xcd, 0xff, 0xff, 0xff, 0xff,
    0xff, 0x34, 0x0, 0xbc, 0xff, 0xff, 0xff, 0xff,
    0xff, 0xff, 0xff, 0xff, 0xff, 0xff, 0xf5, 0xff,
    0xff, 0xff, 0x34, 0x0, 0x19, 0xd4, 0xff, 0xff,
    0xff, 0xff, 0xff, 0xff, 0xff, 0xff, 0xaa, 0xb8,
    0xff, 0xff, 0xff, 0x34, 0x0, 0x0, 0xb, 0x75,
    0xc9, 0xf1, 0xff, 0xff, 0xf5, 0xd4, 0x78, 0x4,
    0x99, 0xff, 0xff, 0xf4, 0x1e,

    /* U+0076 "v" */
    0x2e, 0xfd, 0xff, 0xff, 0x8a, 0x0, 0x0, 0x0,
    0x0, 0x0, 0x0, 0x0, 0x0, 0xa1, 0xff, 0xff,
    0xfb, 0x1f, 0xb, 0xf9, 0xff, 0xff, 0xe3, 0x0,
    0x0, 0x0, 0x0, 0x0, 0x0, 0x0, 0x7, 0xf7,
    0xff, 0xff, 0xed, 0x2, 0x0, 0xbd, 0xff, 0xff,
    0xff, 0x23, 0x0, 0x0, 0x0, 0x0, 0x0, 0x0,
    0x3d, 0xff, 0xff, 0xff, 0xa8, 0x0, 0x0, 0x77,
    0xff, 0xff, 0xff, 0x63, 0x0, 0x0, 0x0, 0x0,
    0x0, 0x0, 0x7d, 0xff, 0xff, 0xff, 0x62, 0x0,
    0x0, 0x30, 0xff, 0xff, 0xff, 0xa3, 0x0, 0x0,
    0x0, 0x0, 0x0, 0x0, 0xbc, 0xff, 0xff, 0xff,
    0x1c, 0x0, 0x0, 0x1, 0xe8, 0xff, 0xff, 0xe4,
    0x0, 0x0, 0x0, 0x0, 0x0, 0x5, 0xf5, 0xff,
    0xff, 0xd5, 0x0, 0x0, 0x0, 0x0, 0xa3, 0xff,
    0xff, 0xff, 0x24, 0x0, 0x0, 0x0, 0x0, 0x3a,
    0xff, 0xff, 0xff, 0x8e, 0x0, 0x0, 0x0, 0x0,
    0x5d, 0xff, 0xff, 0xff, 0x64, 0x0, 0x0, 0x0,
    0x0, 0x79, 0xff, 0xff, 0xff, 0x48, 0x0, 0x0,
    0x0, 0x0, 0x17, 0xfe, 0xff, 0xff, 0xa5, 0x0,
    0x0, 0x0, 0x0, 0xb8, 0xff, 0xff, 0xf8, 0x9,
    0x0, 0x0, 0x0, 0x0, 0x0, 0xd0, 0xff, 0xff,
    0xe5, 0x0, 0x0, 0x0, 0x4, 0xf3, 0xff, 0xff,
    0xbb, 0x0, 0x0, 0x0, 0x0, 0x0, 0x0, 0x89,
    0xff, 0xff, 0xff, 0x25, 0x0, 0x0, 0x36, 0xff,
    0xff, 0xff, 0x74, 0x0, 0x0, 0x0, 0x0, 0x0,
    0x0, 0x43, 0xff, 0xff, 0xff, 0x66, 0x0, 0x0,
    0x75, 0xff, 0xff, 0xff, 0x2e, 0x0, 0x0, 0x0,
    0x0, 0x0, 0x0, 0x7, 0xf5, 0xff, 0xff, 0xa6,
    0x0, 0x0, 0xb4, 0xff, 0xff, 0xe6, 0x0, 0x0,
    0x0, 0x0, 0x0, 0x0, 0x0, 0x0, 0xb5, 0xff,
    0xff, 0xe6, 0x0, 0x2, 0xf0, 0xff, 0xff, 0xa0,
    0x0, 0x0, 0x0, 0x0, 0x0, 0x0, 0x0, 0x0,
    0x6f, 0xff, 0xff, 0xff, 0x27, 0x33, 0xff, 0xff,
    0xff, 0x5a, 0x0, 0x0, 0x0, 0x0, 0x0, 0x0,
    0x0, 0x0, 0x28, 0xff, 0xff, 0xff, 0x67, 0x72,
    0xff, 0xff, 0xfe, 0x15, 0x0, 0x0, 0x0, 0x0,
    0x0, 0x0, 0x0, 0x0, 0x0, 0xe1, 0xff, 0xff,
    0xa7, 0xb1, 0xff, 0xff, 0xcd, 0x0, 0x0, 0x0,
    0x0, 0x0, 0x0, 0x0, 0x0, 0x0, 0x0, 0x9b,
    0xff, 0xff, 0xf3, 0xf6, 0xff, 0xff, 0x86, 0x0,
    0x0, 0x0, 0x0, 0x0, 0x0, 0x0, 0x0, 0x0,
    0x0, 0x55, 0xff, 0xff, 0xff, 0xff, 0xff, 0xff,
    0x40, 0x0, 0x0, 0x0, 0x0, 0x0, 0x0, 0x0,
    0x0, 0x0, 0x0, 0x11, 0xfc, 0xff, 0xff, 0xff,
    0xff, 0xf3, 0x6, 0x0, 0x0, 0x0, 0x0, 0x0,
    0x0, 0x0, 0x0, 0x0, 0x0, 0x0, 0xa9, 0xff,
    0xff, 0xff, 0xff, 0x95, 0x0, 0x0, 0x0, 0x0,
    0x0, 0x0,

    /* U+0077 "w" */
    0x1c, 0xfa, 0xff, 0xff, 0xd8, 0x2, 0x0, 0x0,
    0x0, 0x0, 0x0, 0x2c, 0xf5, 0xff, 0xff, 0xc9,
    0x0, 0x0, 0x0, 0x0, 0x0, 0x0, 0x46, 0xf9,
    0xff, 0xff, 0xb3, 0x4, 0xf4, 0xff, 0xff, 0xff,
    0x26, 0x0, 0x0, 0x0, 0x0, 0x0, 0x77, 0xff,
    0xff, 0xff, 0xff, 0x20, 0x0, 0x0, 0x0, 0x0,
    0x0, 0x8f, 0xff, 0xff, 0xff, 0x93, 0x0, 0xbd,
    0xff, 0xff, 0xff, 0x56, 0x0, 0x0, 0x0, 0x0,
    0x0, 0xb0, 0xff, 0xff, 0xff, 0xff, 0x59, 0x0,
    0x0, 0x0, 0x0, 0x0, 0xbe, 0xff, 0xff, 0xff,
    0x57, 0x0, 0x81, 0xff, 0xff, 0xff, 0x86, 0x0,
    0x0, 0x0, 0x0, 0x0, 0xe9, 0xff, 0xff, 0xff,
    0xff, 0x92, 0x0, 0x0, 0x0, 0x0, 0x0, 0xed,
    0xff, 0xff, 0xff, 0x1b, 0x0, 0x45, 0xff, 0xff,
    0xff, 0xb6, 0x0, 0x0, 0x0, 0x0, 0x24, 0xff,
    0xff, 0xff, 0xff, 0xff, 0xcb, 0x0, 0x0, 0x0,
    0x0, 0x1e, 0xff, 0xff, 0xff, 0xdf, 0x0, 0x0,
    0xc, 0xfc, 0xff, 0xff, 0xe6, 0x0, 0x0, 0x0,
    0x0, 0x5e, 0xff, 0xff, 0x91, 0xf6, 0xff, 0xfa,
    0x9, 0x0, 0x0, 0x0, 0x4e, 0xff, 0xff, 0xff,
    0xa3, 0x0, 0x0, 0x0, 0xcd, 0xff, 0xff, 0xff,
    0x16, 0x0, 0x0, 0x0, 0x98, 0xff, 0xff, 0x55,
    0xc5, 0xff, 0xff, 0x3c, 0x0, 0x0, 0x0, 0x7e,
    0xff, 0xff, 0xff, 0x66, 0x0, 0x0, 0x0, 0x91,
    0xff, 0xff, 0xff, 0x46, 0x0, 0x0, 0x0, 0xd1,
    0xff, 0xff, 0x20, 0x90, 0xff, 0xff, 0x75, 0x0,
    0x0, 0x0, 0xad, 0xff, 0xff, 0xff, 0x2a, 0x0,
    0x0, 0x0, 0x55, 0xff, 0xff, 0xff, 0x76, 0x0,
    0x0, 0xd, 0xfd, 0xff, 0xeb, 0x0, 0x5a, 0xff,
    0xff, 0xae, 0x0, 0x0, 0x0, 0xdd, 0xff, 0xff,
    0xed, 0x1, 0x0, 0x0, 0x0, 0x18, 0xff, 0xff,
    0xff, 0xa6, 0x0, 0x0, 0x45, 0xff, 0xff, 0xb7,
    0x0, 0x24, 0xff, 0xff, 0xe7, 0x0, 0x0, 0xe,
    0xfe, 0xff, 0xff, 0xb2, 0x0, 0x0, 0x0, 0x0,
    0x0, 0xdc, 0xff, 0xff, 0xd6, 0x0, 0x0, 0x7f,
    0xff, 0xff, 0x82, 0x0, 0x0, 0xed, 0xff, 0xff,
    0x20, 0x0, 0x3d, 0xff, 0xff, 0xff, 0x75, 0x0,
    0x0, 0x0, 0x0, 0x0, 0xa0, 0xff, 0xff, 0xfc,
    0x9, 0x0, 0xb9, 0xff, 0xff, 0x4d, 0x0, 0x0,
    0xb9, 0xff, 0xff, 0x58, 0x0, 0x6d, 0xff, 0xff,
    0xff, 0x39, 0x0, 0x0, 0x0, 0x0, 0x0, 0x64,
    0xff, 0xff, 0xff, 0x36, 0x2, 0xf0, 0xff, 0xff,
    0x18, 0x0, 0x0, 0x83, 0xff, 0xff, 0x91, 0x0,
    0x9c, 0xff, 0xff, 0xf7, 0x6, 0x0, 0x0, 0x0,
    0x0, 0x0, 0x28, 0xff, 0xff, 0xff, 0x67, 0x2c,
    0xff, 0xff, 0xe3, 0x0, 0x0, 0x0, 0x4d, 0xff,
    0xff, 0xca, 0x0, 0xcc, 0xff, 0xff, 0xc1, 0x0,
    0x0, 0x0, 0x0, 0x0, 0x0, 0x0, 0xeb, 0xff,
    0xff, 0x97, 0x66, 0xff, 0xff, 0xae, 0x0, 0x0,
    0x0, 0x17, 0xff, 0xff, 0xfa, 0xd, 0xf7, 0xff,
    0xff, 0x84, 0x0, 0x0, 0x0, 0x0, 0x0, 0x0,
    0x0, 0xb0, 0xff, 0xff, 0xc7, 0xa0, 0xff, 0xff,
    0x79, 0x0, 0x0, 0x0, 0x0, 0xe2, 0xff, 0xff,
    0x68, 0xff, 0xff, 0xff, 0x48, 0x0, 0x0, 0x0,
    0x0, 0x0, 0x0, 0x0, 0x74, 0xff, 0xff, 0xf8,
    0xf0, 0xff, 0xff, 0x44, 0x0, 0x0, 0x0, 0x0,
    0xac, 0xff, 0xff, 0xe9, 0xff, 0xff, 0xfd, 0xe,
    0x0, 0x0, 0x0, 0x0, 0x0, 0x0, 0x0, 0x38,
    0xff, 0xff, 0xff, 0xff, 0xff, 0xfe, 0x10, 0x0,
    0x0, 0x0, 0x0, 0x77, 0xff, 0xff, 0xff, 0xff,
    0xff, 0xd0, 0x0, 0x0, 0x0, 0x0, 0x0, 0x0,
    0x0, 0x0, 0x5, 0xf6, 0xff, 0xff, 0xff, 0xff,
    0xda, 0x0, 0x0, 0x0, 0x0, 0x0, 0x41, 0xff,
    0xff, 0xff, 0xff, 0xff, 0x94, 0x0, 0x0, 0x0,
    0x0, 0x0, 0x0, 0x0, 0x0, 0x0, 0xc0, 0xff,
    0xff, 0xff, 0xff, 0xa5, 0x0, 0x0, 0x0, 0x0,
    0x0, 0xd, 0xfd, 0xff, 0xff, 0xff, 0xff, 0x57,
    0x0, 0x0, 0x0, 0x0, 0x0, 0x0, 0x0, 0x0,
    0x0, 0x68, 0xfd, 0xff, 0xff, 0xfb, 0x58, 0x0,
    0x0, 0x0, 0x0, 0x0, 0x0, 0xb7, 0xff, 0xff,
    0xff, 0xec, 0x14, 0x0, 0x0, 0x0, 0x0,

    /* U+0078 "x" */
    0x4, 0xed, 0xff, 0xff, 0xf7, 0x61, 0x0, 0x0,
    0x0, 0x0, 0x0, 0x4, 0xc6, 0xff, 0xff, 0xff,
    0x74, 0x0, 0x0, 0x7d, 0xff, 0xff, 0xff, 0xe6,
    0x6, 0x0, 0x0, 0x0, 0x0, 0x58, 0xff, 0xff,
    0xff, 0xf1, 0x12, 0x0, 0x0, 0xb, 0xe7, 0xff,
    0xff, 0xff, 0x61, 0x0, 0x0, 0x0, 0x0, 0xc6,
    0xff, 0xff, 0xff, 0x7d, 0x0, 0x0, 0x0, 0x0,
    0x68, 0xff, 0xff, 0xff, 0xd5, 0x1, 0x0, 0x0,
    0x34, 0xff, 0xff, 0xff, 0xea, 0xc, 0x0, 0x0,
    0x0, 0x0, 0x4, 0xd9, 0xff, 0xff, 0xff, 0x4b,
    0x0, 0x0, 0xa3, 0xff, 0xff, 0xff, 0x6f, 0x0,
    0x0, 0x0, 0x0, 0x0, 0x0, 0x52, 0xff, 0xff,
    0xff, 0xc0, 0x0, 0x17, 0xf9, 0xff, 0xff, 0xe1,
    0x7, 0x0, 0x0, 0x0, 0x0, 0x0, 0x0, 0x0,
    0xc6, 0xff, 0xff, 0xff, 0x35, 0x7f, 0xff, 0xff,
    0xff, 0x61, 0x0, 0x0, 0x0, 0x0, 0x0, 0x0,
    0x0, 0x0, 0x3c, 0xff, 0xff, 0xff, 0xb4, 0xe6,
    0xff, 0xff, 0xd7, 0x3, 0x0, 0x0, 0x0, 0x0,
    0x0, 0x0, 0x0, 0x0, 0x0, 0xb2, 0xff, 0xff,
    0xff, 0xff, 0xff, 0xff, 0x53, 0x0, 0x0, 0x0,
    0x0, 0x0, 0x0, 0x0, 0x0, 0x0, 0x0, 0x2a,
    0xfc, 0xff, 0xff, 0xff, 0xff, 0xcb, 0x1, 0x0,
    0x0, 0x0, 0x0, 0x0, 0x0, 0x0, 0x0, 0x0,
    0x0, 0x2, 0xdd, 0xff, 0xff, 0xff, 0xff, 0x92,
    0x0, 0x0, 0x0, 0x0, 0x0, 0x0, 0x0, 0x0,
    0x0, 0x0, 0x0, 0x5c, 0xff, 0xff, 0xff, 0xff,
    0xff, 0xf7, 0x1d, 0x0, 0x0, 0x0, 0x0, 0x0,
    0x0, 0x0, 0x0, 0x0, 0x6, 0xde, 0xff, 0xff,
    0xff, 0xff, 0xff, 0xff, 0x9f, 0x0, 0x0, 0x0,
    0x0, 0x0, 0x0, 0x0, 0x0, 0x0, 0x6d, 0xff,
    0xff, 0xff, 0x93, 0xd1, 0xff, 0xff, 0xfd, 0x2c,
    0x0, 0x0, 0x0, 0x0, 0x0, 0x0, 0x0, 0xc,
    0xe9, 0xff, 0xff, 0xfc, 0x20, 0x5b, 0xff, 0xff,
    0xff, 0xb4, 0x0, 0x0, 0x0, 0x0, 0x0, 0x0,
    0x0, 0x7e, 0xff, 0xff, 0xff, 0xa6, 0x0, 0x3,
    0xde, 0xff, 0xff, 0xff, 0x3f, 0x0, 0x0, 0x0,
    0x0, 0x0, 0x14, 0xf1, 0xff, 0xff, 0xff, 0x30,
    0x0, 0x0, 0x6b, 0xff, 0xff, 0xff, 0xc8, 0x0,
    0x0, 0x0, 0x0, 0x0, 0x8f, 0xff, 0xff, 0xff,
    0xba, 0x0, 0x0, 0x0, 0x9, 0xea, 0xff, 0xff,
    0xff, 0x54, 0x0, 0x0, 0x0, 0x1e, 0xf8, 0xff,
    0xff, 0xff, 0x44, 0x0, 0x0, 0x0, 0x0, 0x7c,
    0xff, 0xff, 0xff, 0xd9, 0x4, 0x0, 0x0, 0xa0,
    0xff, 0xff, 0xff, 0xcd, 0x0, 0x0, 0x0, 0x0,
    0x0, 0x11, 0xf2, 0xff, 0xff, 0xff, 0x69, 0x0,
    0x15, 0xfa, 0xff, 0xff, 0xf4, 0x47, 0x0, 0x0,
    0x0, 0x0, 0x0, 0x0, 0x75, 0xfc, 0xff, 0xff,
    0xdb, 0x0,

    /* U+0079 "y" */
    0x9, 0xf6, 0xff, 0xff, 0xc4, 0x0, 0x0, 0x0,
    0x0, 0x0, 0x0, 0x0, 0x0, 0x1d, 0xf0, 0xff,
    0xff, 0xb0, 0x0, 0xda, 0xff, 0xff, 0xff, 0x23,
    0x0, 0x0, 0x0, 0x0, 0x0, 0x0, 0x0, 0x6c,
    0xff, 0xff, 0xff, 0x96, 0x0, 0x90, 0xff, 0xff,
    0xff, 0x68, 0x0, 0x0, 0x0, 0x0, 0x0, 0x0,
    0x0, 0xb1, 0xff, 0xff, 0xff, 0x4e, 0x0, 0x45,
    0xff, 0xff, 0xff, 0xae, 0x0, 0x0, 0x0, 0x0,
    0x0, 0x0, 0x4, 0xf1, 0xff, 0xff, 0xfa, 0xd,
    0x0, 0x6, 0xf4, 0xff, 0xff, 0xf0, 0x3, 0x0,
    0x0, 0x0, 0x0, 0x0, 0x3c, 0xff, 0xff, 0xff,
    0xc0, 0x0, 0x0, 0x0, 0xb1, 0xff, 0xff, 0xff,
    0x39, 0x0, 0x0, 0x0, 0x0, 0x0, 0x82, 0xff,
    0xff, 0xff, 0x79, 0x0, 0x0, 0x0, 0x67, 0xff,
    0xff, 0xff, 0x7e, 0x0, 0x0, 0x0, 0x0, 0x0,
    0xc7, 0xff, 0xff, 0xff, 0x31, 0x0, 0x0, 0x0,
    0x1d, 0xff, 0xff, 0xff, 0xc4, 0x0, 0x0, 0x0,
    0x0, 0x10, 0xfc, 0xff, 0xff, 0xe9, 0x1, 0x0,
    0x0, 0x0, 0x0, 0xd3, 0xff, 0xff, 0xfb, 0xe,
    0x0, 0x0, 0x0, 0x53, 0xff, 0xff, 0xff, 0xa3,
    0x0, 0x0, 0x0, 0x0, 0x0, 0x89, 0xff, 0xff,
    0xff, 0x4f, 0x0, 0x0, 0x0, 0x98, 0xff, 0xff,
    0xff, 0x5c, 0x0, 0x0, 0x0, 0x0, 0x0, 0x3f,
    0xff, 0xff, 0xff, 0x95, 0x0, 0x0, 0x0, 0xdd,
    0xff, 0xff, 0xfe, 0x16, 0x0, 0x0, 0x0, 0x0,
    0x0, 0x4, 0xf0, 0xff, 0xff, 0xda, 0x0, 0x0,
    0x23, 0xff, 0xff, 0xff, 0xcd, 0x0, 0x0, 0x0,
    0x0, 0x0, 0x0, 0x0, 0xab, 0xff, 0xff, 0xff,
    0x20, 0x0, 0x69, 0xff, 0xff, 0xff, 0x86, 0x0,
    0x0, 0x0, 0x0, 0x0, 0x0, 0x0, 0x61, 0xff,
    0xff, 0xff, 0x65, 0x0, 0xae, 0xff, 0xff, 0xff,
    0x3f, 0x0, 0x0, 0x0, 0x0, 0x0, 0x0, 0x0,
    0x18, 0xfe, 0xff, 0xff, 0xab, 0x3, 0xf0, 0xff,
    0xff, 0xf2, 0x5, 0x0, 0x0, 0x0, 0x0, 0x0,
    0x0, 0x0, 0x0, 0xcd, 0xff, 0xff, 0xee, 0x3c,
    0xff, 0xff, 0xff, 0xb0, 0x0, 0x0, 0x0, 0x0,
    0x0, 0x0, 0x0, 0x0, 0x0, 0x83, 0xff, 0xff,
    0xff, 0xba, 0xff, 0xff, 0xff, 0x69, 0x0, 0x0,
    0x0, 0x0, 0x0, 0x0, 0x0, 0x0, 0x0, 0x39,
    0xff, 0xff, 0xff, 0xff, 0xff, 0xff, 0xff, 0x22,
    0x0, 0x0, 0x0, 0x0, 0x0, 0x0, 0x0, 0x0,
    0x0, 0x2, 0xec, 0xff, 0xff, 0xff, 0xff, 0xff,
    0xda, 0x0, 0x0, 0x0, 0x0, 0x0, 0x0, 0x0,
    0x0, 0x0, 0x0, 0x0, 0x68, 0xc7, 0xdb, 0xff,
    0xff, 0xff, 0x93, 0x0, 0x0, 0x0, 0x0, 0x0,
    0x0, 0x0, 0x0, 0x0, 0x0, 0x0, 0x0, 0x0,
    0x8c, 0xff, 0xff, 0xff, 0x4b, 0x0, 0x0, 0x0,
    0x0, 0x0, 0x0, 0x0, 0x0, 0x0, 0x0, 0x0,
    0x0, 0x8, 0xe9, 0xff, 0xff, 0xf4, 0x8, 0x0,
    0x0, 0x0, 0x0, 0x0, 0x0, 0x0, 0x0, 0x0,
    0x0, 0x0, 0x0, 0x84, 0xff, 0xff, 0xff, 0xa0,
    0x0, 0x0, 0x0, 0x0, 0x0, 0x0, 0x0, 0x0,
    0x0, 0x0, 0xa, 0x31, 0x93, 0xfe, 0xff, 0xff,
    0xfe, 0x31, 0x0, 0x0, 0x0, 0x0, 0x0, 0x0,
    0x0, 0x0, 0xbf, 0xff, 0xff, 0xff, 0xff, 0xff,
    0xff, 0xff, 0x9e, 0x0, 0x0, 0x0, 0x0, 0x0,
    0x0, 0x0, 0x0, 0x0, 0xe0, 0xff, 0xff, 0xff,
    0xff, 0xff, 0xff, 0xd3, 0xd, 0x0, 0x0, 0x0,
    0x0, 0x0, 0x0, 0x0, 0x0, 0x0, 0xdf, 0xff,
    0xff, 0xff, 0xff, 0xfe, 0xa9, 0x10, 0x0, 0x0,
    0x0, 0x0, 0x0, 0x0, 0x0, 0x0, 0x0, 0x0,
    0x5d, 0x8c, 0x8b, 0x81, 0x64, 0x21, 0x0, 0x0,
    0x0, 0x0, 0x0, 0x0, 0x0, 0x0, 0x0, 0x0,

    /* U+007A "z" */
    0x4b, 0xfb, 0xff, 0xff, 0xff, 0xff, 0xff, 0xff,
    0xff, 0xff, 0xff, 0xff, 0xff, 0xff, 0x84, 0x0,
    0x68, 0xff, 0xff, 0xff, 0xff, 0xff, 0xff, 0xff,
    0xff, 0xff, 0xff, 0xff, 0xff, 0xff, 0xa4, 0x0,
    0x67, 0xff, 0xff, 0xff, 0xff, 0xff, 0xff, 0xff,
    0xff, 0xff, 0xff, 0xff, 0xff, 0xff, 0xa1, 0x0,
    0x20, 0x93, 0x98, 0x98, 0x98, 0x98, 0x98, 0x98,
    0x98, 0x9f, 0xfe, 0xff, 0xff, 0xff, 0x77, 0x0,
    0x0, 0x0, 0x0, 0x0, 0x0, 0x0, 0x0, 0x0,
    0x0, 0x87, 0xff, 0xff, 0xff, 0xe2, 0xd, 0x0,
    0x0, 0x0, 0x0, 0x0, 0x0, 0x0, 0x0, 0x0,
    0x35, 0xfc, 0xff, 0xff, 0xff, 0x47, 0x0, 0x0,
    0x0, 0x0, 0x0, 0x0, 0x0, 0x0, 0x0, 0x7,
    0xd4, 0xff, 0xff, 0xff, 0x9d, 0x0, 0x0, 0x0,
    0x0, 0x0, 0x0, 0x0, 0x0, 0x0, 0x0, 0x87,
    0xff, 0xff, 0xff, 0xe5, 0xf, 0x0, 0x0, 0x0,
    0x0, 0x0, 0x0, 0x0, 0x0, 0x0, 0x35, 0xfc,
    0xff, 0xff, 0xff, 0x4c, 0x0, 0x0, 0x0, 0x0,
    0x0, 0x0, 0x0, 0x0, 0x0, 0x7, 0xd5, 0xff,
    0xff, 0xff, 0xa2, 0x0, 0x0, 0x0, 0x0, 0x0,
    0x0, 0x0, 0x0, 0x0, 0x0, 0x87, 0xff, 0xff,
    0xff, 0xe7, 0x12, 0x0, 0x0, 0x0, 0x0, 0x0,
    0x0, 0x0, 0x0, 0x0, 0x35, 0xfc, 0xff, 0xff,
    0xff, 0x50, 0x0, 0x0, 0x0, 0x0, 0x0, 0x0,
    0x0, 0x0, 0x0, 0x7, 0xd5, 0xff, 0xff, 0xff,
    0xa7, 0x0, 0x0, 0x0, 0x0, 0x0, 0x0, 0x0,
    0x0, 0x0, 0x0, 0x88, 0xff, 0xff, 0xff, 0xea,
    0x14, 0x0, 0x0, 0x0, 0x0, 0x0, 0x0, 0x0,
    0x0, 0x0, 0x35, 0xfc, 0xff, 0xff, 0xff, 0x55,
    0x0, 0x0, 0x0, 0x0, 0x0, 0x0, 0x0, 0x0,
    0x0, 0x7, 0xd5, 0xff, 0xff, 0xff, 0xac, 0x0,
    0x0, 0x0, 0x0, 0x0, 0x0, 0x0, 0x0, 0x0,
    0x0, 0x88, 0xff, 0xff, 0xff, 0xec, 0x17, 0x0,
    0x0, 0x0, 0x0, 0x0, 0x0, 0x0, 0x0, 0x0,
    0x30, 0xfc, 0xff, 0xff, 0xff, 0xce, 0x94, 0x94,
    0x94, 0x94, 0x94, 0x94, 0x94, 0x94, 0x78, 0x0,
    0x9a, 0xff, 0xff, 0xff, 0xff, 0xff, 0xff, 0xff,
    0xff, 0xff, 0xff, 0xff, 0xff, 0xff, 0xff, 0xa,
    0xb7, 0xff, 0xff, 0xff, 0xff, 0xff, 0xff, 0xff,
    0xff, 0xff, 0xff, 0xff, 0xff, 0xff, 0xff, 0xc,
    0x97, 0xff, 0xff, 0xff, 0xff, 0xff, 0xff, 0xff,
    0xff, 0xff, 0xff, 0xff, 0xff, 0xff, 0xe6, 0x4,

    /* U+007B "{" */
    0x0, 0x0, 0x0, 0x0, 0x4, 0x6a, 0xc6, 0xf0,
    0xf3, 0x15, 0x0, 0x0, 0x0, 0x3, 0xb5, 0xff,
    0xff, 0xff, 0xff, 0x28, 0x0, 0x0, 0x0, 0x6c,
    0xff, 0xff, 0xff, 0xff, 0xe2, 0x12, 0x0, 0x0,
    0x0, 0xd3, 0xff, 0xff, 0xb3, 0x13, 0x0, 0x0,
    0x0, 0x0, 0xe, 0xfe, 0xff, 0xff, 0x26, 0x0,
    0x0, 0x0, 0x0, 0x0, 0x29, 0xff, 0xff, 0xfc,
    0x2, 0x0, 0x0, 0x0, 0x0, 0x0, 0x33, 0xff,
    0xff, 0xf4, 0x0, 0x0, 0x0, 0x0, 0x0, 0x0,
    0x34, 0xff, 0xff, 0xf4, 0x0, 0x0, 0x0, 0x0,
    0x0, 0x0, 0x34, 0xff, 0xff, 0xf4, 0x0, 0x0,
    0x0, 0x0, 0x0, 0x0, 0x34, 0xff, 0xff, 0xf4,
    0x0, 0x0, 0x0, 0x0, 0x0, 0x0, 0x34, 0xff,
    0xff, 0xf4, 0x0, 0x0, 0x0, 0x0, 0x0, 0x0,
    0x45, 0xff, 0xff, 0xec, 0x0, 0x0, 0x0, 0x0,
    0x0, 0x0, 0x8e, 0xff, 0xff, 0xcf, 0x0, 0x0,
    0x0, 0x0, 0x5b, 0xb1, 0xff, 0xff, 0xff, 0x7c,
    0x0, 0x0, 0x0, 0x0, 0xde, 0xff, 0xff, 0xff,
    0xb4, 0x7, 0x0, 0x0, 0x0, 0x0, 0xe0, 0xff,
    0xff, 0xea, 0x49, 0x0, 0x0, 0x0, 0x0, 0x0,
    0xbe, 0xff, 0xff, 0xff, 0xfc, 0x40, 0x0, 0x0,
    0x0, 0x0, 0x0, 0x27, 0xd3, 0xff, 0xff, 0xb0,
    0x0, 0x0, 0x0, 0x0, 0x0, 0x0, 0x5b, 0xff,
    0xff, 0xdf, 0x0, 0x0, 0x0, 0x0, 0x0, 0x0,
    0x38, 0xff, 0xff, 0xf2, 0x0, 0x0, 0x0, 0x0,
    0x0, 0x0, 0x34, 0xff, 0xff, 0xf4, 0x0, 0x0,
    0x0, 0x0, 0x0, 0x0, 0x34, 0xff, 0xff, 0xf4,
    0x0, 0x0, 0x0, 0x0, 0x0, 0x0, 0x34, 0xff,
    0xff, 0xf4, 0x0, 0x0, 0x0, 0x0, 0x0, 0x0,
    0x34, 0xff, 0xff, 0xf4, 0x0, 0x0, 0x0, 0x0,
    0x0, 0x0, 0x31, 0xff, 0xff, 0xf4, 0x0, 0x0,
    0x0, 0x0, 0x0, 0x0, 0x24, 0xff, 0xff, 0xfe,
    0x5, 0x0, 0x0, 0x0, 0x0, 0x0, 0x6, 0xfa,
    0xff, 0xff, 0x32, 0x0, 0x0, 0x0, 0x0, 0x0,
    0x0, 0xc2, 0xff, 0xff, 0xc4, 0x28, 0x2, 0x0,
    0x0, 0x0, 0x0, 0x55, 0xff, 0xff, 0xff, 0xff,
    0xf4, 0x16, 0x0, 0x0, 0x0, 0x0, 0x98, 0xff,
    0xff, 0xff, 0xff, 0x28, 0x0, 0x0, 0x0, 0x0,
    0x0, 0x50, 0xb1, 0xdd, 0xdf, 0x12,

    /* U+007C "|" */
    0xcd, 0xff, 0xb8, 0xec, 0xff, 0xd8, 0xec, 0xff,
    0xd8, 0xec, 0xff, 0xd8, 0xec, 0xff, 0xd8, 0xec,
    0xff, 0xd8, 0xec, 0xff, 0xd8, 0xec, 0xff, 0xd8,
    0xec, 0xff, 0xd8, 0xec, 0xff, 0xd8, 0xec, 0xff,
    0xd8, 0xec, 0xff, 0xd8, 0xec, 0xff, 0xd8, 0xec,
    0xff, 0xd8, 0xec, 0xff, 0xd8, 0xec, 0xff, 0xd8,
    0xec, 0xff, 0xd8, 0xec, 0xff, 0xd8, 0xec, 0xff,
    0xd8, 0xec, 0xff, 0xd8, 0xec, 0xff, 0xd8, 0xec,
    0xff, 0xd8, 0xec, 0xff, 0xd8, 0xec, 0xff, 0xd8,
    0xec, 0xff, 0xd8, 0xcd, 0xff, 0xb8,

    /* U+007D "}" */
    0xbf, 0xf7, 0xd8, 0x8d, 0x16, 0x0, 0x0, 0x0,
    0x0, 0x0, 0xe0, 0xff, 0xff, 0xff, 0xe4, 0x22,
    0x0, 0x0, 0x0, 0x0, 0xae, 0xfc, 0xff, 0xff,
    0xff, 0xbb, 0x0, 0x0, 0x0, 0x0, 0x0, 0x6,
    0x73, 0xff, 0xff, 0xff, 0x23, 0x0, 0x0, 0x0,
    0x0, 0x0, 0x0, 0xdf, 0xff, 0xff, 0x5c, 0x0,
    0x0, 0x0, 0x0, 0x0, 0x0, 0xba, 0xff, 0xff,
    0x77, 0x0, 0x0, 0x0, 0x0, 0x0, 0x0, 0xb0,
    0xff, 0xff, 0x83, 0x0, 0x0, 0x0, 0x0, 0x0,
    0x0, 0xb0, 0xff, 0xff, 0x84, 0x0, 0x0, 0x0,
    0x0, 0x0, 0x0, 0xb0, 0xff, 0xff, 0x84, 0x0,
    0x0, 0x0, 0x0, 0x0, 0x0, 0xb0, 0xff, 0xff,
    0x84, 0x0, 0x0, 0x0, 0x0, 0x0, 0x0, 0xb0,
    0xff, 0xff, 0x84, 0x0, 0x0, 0x0, 0x0, 0x0,
    0x0, 0xa8, 0xff, 0xff, 0x94, 0x0, 0x0, 0x0,
    0x0, 0x0, 0x0, 0x8a, 0xff, 0xff, 0xd9, 0x5,
    0x0, 0x0, 0x0, 0x0, 0x0, 0x36, 0xff, 0xff,
    0xff, 0xd1, 0x85, 0x4, 0x0, 0x0, 0x0, 0x0,
    0x76, 0xfa, 0xff, 0xff, 0xff, 0x26, 0x0, 0x0,
    0x0, 0x0, 0x26, 0xc6, 0xff, 0xff, 0xff, 0x28,
    0x0, 0x0, 0x0, 0x12, 0xe5, 0xff, 0xff, 0xff,
    0xed, 0x12, 0x0, 0x0, 0x0, 0x6c, 0xff, 0xff,
    0xf5, 0x42, 0x2, 0x0, 0x0, 0x0, 0x0, 0x9c,
    0xff, 0xff, 0xa7, 0x0, 0x0, 0x0, 0x0, 0x0,
    0x0, 0xae, 0xff, 0xff, 0x88, 0x0, 0x0, 0x0,
    0x0, 0x0, 0x0, 0xb0, 0xff, 0xff, 0x84, 0x0,
    0x0, 0x0, 0x0, 0x0, 0x0, 0xb0, 0xff, 0xff,
    0x84, 0x0, 0x0, 0x0, 0x0, 0x0, 0x0, 0xb0,
    0xff, 0xff, 0x84, 0x0, 0x0, 0x0, 0x0, 0x0,
    0x0, 0xb0, 0xff, 0xff, 0x84, 0x0, 0x0, 0x0,
    0x0, 0x0, 0x0, 0xb0, 0xff, 0xff, 0x80, 0x0,
    0x0, 0x0, 0x0, 0x0, 0x0, 0xbf, 0xff, 0xff,
    0x73, 0x0, 0x0, 0x0, 0x0, 0x0, 0x3, 0xe7,
    0xff, 0xff, 0x50, 0x0, 0x0, 0x0, 0x0, 0x16,
    0x8a, 0xff, 0xff, 0xfb, 0x16, 0x0, 0x0, 0x0,
    0xc0, 0xff, 0xff, 0xff, 0xff, 0xa4, 0x0, 0x0,
    0x0, 0x0, 0xe0, 0xff, 0xff, 0xff, 0xd3, 0x14,
    0x0, 0x0, 0x0, 0x0, 0xae, 0xe3, 0xc4, 0x75,
    0xa, 0x0, 0x0, 0x0, 0x0, 0x0,

    /* U+007E "~" */
    0x0, 0x0, 0x0, 0x0, 0xf, 0xe, 0x0, 0x0,
    0x0, 0x0, 0x0, 0x0, 0x0, 0x0, 0x0, 0x0,
    0x6, 0x0, 0x0, 0x48, 0xb3, 0xf3, 0xff, 0xff,
    0xf3, 0xc9, 0x96, 0x61, 0x30, 0x9, 0x0, 0x3,
    0x37, 0x97, 0xf6, 0x21, 0x1c, 0xfe, 0xff, 0xff,
    0xff, 0xff, 0xff, 0xff, 0xff, 0xff, 0xff, 0xff,
    0xf0, 0xfc, 0xff, 0xff, 0xff, 0x28, 0x34, 0xff,
    0xff, 0xff, 0xff, 0xff, 0xff, 0xff, 0xff, 0xff,
    0xff, 0xff, 0xff, 0xff, 0xff, 0xff, 0xf8, 0xf,
    0x27, 0xe8, 0x91, 0x3d, 0xd, 0x7, 0x20, 0x45,
    0x70, 0x9d, 0xc5, 0xe4, 0xf9, 0xf7, 0xde, 0x9f,
    0x32, 0x0
};


/*---------------------
 *  GLYPH DESCRIPTION
 *--------------------*/

static const lv_font_fmt_txt_glyph_dsc_t glyph_dsc[] = {
    {.bitmap_index = 0, .adv_w = 0, .box_w = 0, .box_h = 0, .ofs_x = 0, .ofs_y = 0} /* id = 0 reserved */,
    {.bitmap_index = 0, .adv_w = 152, .box_w = 0, .box_h = 0, .ofs_x = 0, .ofs_y = 0},
    {.bitmap_index = 0, .adv_w = 152, .box_w = 5, .box_h = 26, .ofs_x = 2, .ofs_y = 0},
    {.bitmap_index = 130, .adv_w = 220, .box_w = 11, .box_h = 10, .ofs_x = 1, .ofs_y = 16},
    {.bitmap_index = 240, .adv_w = 430, .box_w = 25, .box_h = 26, .ofs_x = 1, .ofs_y = 0},
    {.bitmap_index = 890, .adv_w = 332, .box_w = 17, .box_h = 35, .ofs_x = 2, .ofs_y = -4},
    {.bitmap_index = 1485, .adv_w = 468, .box_w = 26, .box_h = 26, .ofs_x = 2, .ofs_y = 0},
    {.bitmap_index = 2161, .adv_w = 390, .box_w = 21, .box_h = 26, .ofs_x = 2, .ofs_y = 0},
    {.bitmap_index = 2707, .adv_w = 120, .box_w = 5, .box_h = 8, .ofs_x = 1, .ofs_y = 18},
    {.bitmap_index = 2747, .adv_w = 190, .box_w = 9, .box_h = 31, .ofs_x = 1, .ofs_y = -5},
    {.bitmap_index = 3026, .adv_w = 190, .box_w = 9, .box_h = 31, .ofs_x = 1, .ofs_y = -5},
    {.bitmap_index = 3305, .adv_w = 257, .box_w = 14, .box_h = 13, .ofs_x = 1, .ofs_y = 13},
    {.bitmap_index = 3487, .adv_w = 351, .box_w = 18, .box_h = 17, .ofs_x = 2, .ofs_y = 5},
    {.bitmap_index = 3793, .adv_w = 127, .box_w = 5, .box_h = 11, .ofs_x = 1, .ofs_y = -4},
    {.bitmap_index = 3848, .adv_w = 200, .box_w = 10, .box_h = 4, .ofs_x = 1, .ofs_y = 11},
    {.bitmap_index = 3888, .adv_w = 127, .box_w = 5, .box_h = 7, .ofs_x = 1, .ofs_y = 0},
    {.bitmap_index = 3923, .adv_w = 259, .box_w = 14, .box_h = 26, .ofs_x = 1, .ofs_y = 0},
    {.bitmap_index = 4287, .adv_w = 338, .box_w = 17, .box_h = 26, .ofs_x = 2, .ofs_y = 0},
    {.bitmap_index = 4729, .adv_w = 209, .box_w = 10, .box_h = 26, .ofs_x = 1, .ofs_y = 0},
    {.bitmap_index = 4989, .adv_w = 312, .box_w = 17, .box_h = 26, .ofs_x = 1, .ofs_y = 0},
    {.bitmap_index = 5431, .adv_w = 323, .box_w = 17, .box_h = 26, .ofs_x = 1, .ofs_y = 0},
    {.bitmap_index = 5873, .adv_w = 341, .box_w = 20, .box_h = 26, .ofs_x = 1, .ofs_y = 0},
    {.bitmap_index = 6393, .adv_w = 318, .box_w = 16, .box_h = 26, .ofs_x = 2, .ofs_y = 0},
    {.bitmap_index = 6809, .adv_w = 330, .box_w = 17, .box_h = 26, .ofs_x = 2, .ofs_y = 0},
    {.bitmap_index = 7251, .adv_w = 264, .box_w = 16, .box_h = 26, .ofs_x = 0, .ofs_y = 0},
    {.bitmap_index = 7667, .adv_w = 341, .box_w = 17, .box_h = 26, .ofs_x = 2, .ofs_y = 0},
    {.bitmap_index = 8109, .adv_w = 330, .box_w = 18, .box_h = 26, .ofs_x = 1, .ofs_y = 0},
    {.bitmap_index = 8577, .adv_w = 127, .box_w = 5, .box_h = 21, .ofs_x = 1, .ofs_y = 0},
    {.bitmap_index = 8682, .adv_w = 127, .box_w = 5, .box_h = 25, .ofs_x = 1, .ofs_y = -4},
    {.bitmap_index = 8807, .adv_w = 348, .box_w = 18, .box_h = 17, .ofs_x = 2, .ofs_y = 5},
    {.bitmap_index = 9113, .adv_w = 355, .box_w = 18, .box_h = 11, .ofs_x = 2, .ofs_y = 8},
    {.bitmap_index = 9311, .adv_w = 355, .box_w = 18, .box_h = 17, .ofs_x = 2, .ofs_y = 5},
    {.bitmap_index = 9617, .adv_w = 300, .box_w = 15, .box_h = 26, .ofs_x = 2, .ofs_y = 0},
    {.bitmap_index = 10007, .adv_w = 479, .box_w = 26, .box_h = 27, .ofs_x = 2, .ofs_y = -2},
    {.bitmap_index = 10709, .adv_w = 351, .box_w = 22, .box_h = 26, .ofs_x = 0, .ofs_y = 0},
    {.bitmap_index = 11281, .adv_w = 353, .box_w = 18, .box_h = 26, .ofs_x = 2, .ofs_y = 0},
    {.bitmap_index = 11749, .adv_w = 346, .box_w = 18, .box_h = 26, .ofs_x = 2, .ofs_y = 0},
    {.bitmap_index = 12217, .adv_w = 355, .box_w = 18, .box_h = 26, .ofs_x = 2, .ofs_y = 0},
    {.bitmap_index = 12685, .adv_w = 307, .box_w = 16, .box_h = 26, .ofs_x = 2, .ofs_y = 0},
    {.bitmap_index = 13101, .adv_w = 291, .box_w = 15, .box_h = 26, .ofs_x = 2, .ofs_y = 0},
    {.bitmap_index = 13491, .adv_w = 348, .box_w = 18, .box_h = 26, .ofs_x = 2, .ofs_y = 0},
    {.bitmap_index = 13959, .adv_w = 367, .box_w = 19, .box_h = 26, .ofs_x = 2, .ofs_y = 0},
    {.bitmap_index = 14453, .adv_w = 162, .box_w = 4, .box_h = 26, .ofs_x = 3, .ofs_y = 0},
    {.bitmap_index = 14557, .adv_w = 328, .box_w = 17, .box_h = 26, .ofs_x = 1, .ofs_y = 0},
    {.bitmap_index = 14999, .adv_w = 351, .box_w = 20, .box_h = 26, .ofs_x = 2, .ofs_y = 0},
    {.bitmap_index = 15519, .adv_w = 288, .box_w = 16, .box_h = 26, .ofs_x = 2, .ofs_y = 0},
    {.bitmap_index = 15935, .adv_w = 458, .box_w = 24, .box_h = 26, .ofs_x = 2, .ofs_y = 0},
    {.bitmap_index = 16559, .adv_w = 373, .box_w = 19, .box_h = 26, .ofs_x = 2, .ofs_y = 0},
    {.bitmap_index = 17053, .adv_w = 353, .box_w = 18, .box_h = 26, .ofs_x = 2, .ofs_y = 0},
    {.bitmap_index = 17521, .adv_w = 338, .box_w = 18, .box_h = 26, .ofs_x = 2, .ofs_y = 0},
    {.bitmap_index = 17989, .adv_w = 361, .box_w = 18, .box_h = 32, .ofs_x = 2, .ofs_y = -6},
    {.bitmap_index = 18565, .adv_w = 347, .box_w = 19, .box_h = 26, .ofs_x = 2, .ofs_y = 0},
    {.bitmap_index = 19059, .adv_w = 351, .box_w = 18, .box_h = 26, .ofs_x = 2, .ofs_y = 0},
    {.bitmap_index = 19527, .adv_w = 278, .box_w = 17, .box_h = 26, .ofs_x = 0, .ofs_y = 0},
    {.bitmap_index = 19969, .adv_w = 356, .box_w = 18, .box_h = 26, .ofs_x = 2, .ofs_y = 0},
    {.bitmap_index = 20437, .adv_w = 328, .box_w = 20, .box_h = 26, .ofs_x = 0, .ofs_y = 0},
    {.bitmap_index = 20957, .adv_w = 513, .box_w = 32, .box_h = 26, .ofs_x = 0, .ofs_y = 0},
    {.bitmap_index = 21789, .adv_w = 337, .box_w = 20, .box_h = 26, .ofs_x = 1, .ofs_y = 0},
    {.bitmap_index = 22309, .adv_w = 325, .box_w = 20, .box_h = 26, .ofs_x = 0, .ofs_y = 0},
    {.bitmap_index = 22829, .adv_w = 324, .box_w = 18, .box_h = 26, .ofs_x = 1, .ofs_y = 0},
    {.bitmap_index = 23297, .adv_w = 198, .box_w = 8, .box_h = 31, .ofs_x = 2, .ofs_y = -5},
    {.bitmap_index = 23545, .adv_w = 259, .box_w = 14, .box_h = 26, .ofs_x = 1, .ofs_y = 0},
    {.bitmap_index = 23909, .adv_w = 198, .box_w = 8, .box_h = 31, .ofs_x = 2, .ofs_y = -5},
    {.bitmap_index = 24157, .adv_w = 316, .box_w = 18, .box_h = 12, .ofs_x = 1, .ofs_y = 15},
    {.bitmap_index = 24373, .adv_w = 238, .box_w = 15, .box_h = 3, .ofs_x = 0, .ofs_y = -4},
    {.bitmap_index = 24418, .adv_w = 184, .box_w = 8, .box_h = 6, .ofs_x = 2, .ofs_y = 24},
    {.bitmap_index = 24466, .adv_w = 328, .box_w = 16, .box_h = 21, .ofs_x = 2, .ofs_y = 0},
    {.bitmap_index = 24802, .adv_w = 332, .box_w = 17, .box_h = 29, .ofs_x = 2, .ofs_y = 0},
    {.bitmap_index = 25295, .adv_w = 259, .box_w = 13, .box_h = 21, .ofs_x = 2, .ofs_y = 0},
    {.bitmap_index = 25568, .adv_w = 332, .box_w = 17, .box_h = 29, .ofs_x = 2, .ofs_y = 0},
    {.bitmap_index = 26061, .adv_w = 316, .box_w = 16, .box_h = 21, .ofs_x = 2, .ofs_y = 0},
    {.bitmap_index = 26397, .adv_w = 214, .box_w = 12, .box_h = 29, .ofs_x = 1, .ofs_y = 0},
    {.bitmap_index = 26745, .adv_w = 329, .box_w = 17, .box_h = 27, .ofs_x = 2, .ofs_y = -6},
    {.bitmap_index = 27204, .adv_w = 331, .box_w = 17, .box_h = 29, .ofs_x = 2, .ofs_y = 0},
    {.bitmap_index = 27697, .adv_w = 149, .box_w = 5, .box_h = 29, .ofs_x = 2, .ofs_y = 0},
    {.bitmap_index = 27842, .adv_w = 149, .box_w = 10, .box_h = 35, .ofs_x = -3, .ofs_y = -6},
    {.bitmap_index = 28192, .adv_w = 292, .box_w = 17, .box_h = 29, .ofs_x = 2, .ofs_y = 0},
    {.bitmap_index = 28685, .adv_w = 149, .box_w = 5, .box_h = 29, .ofs_x = 2, .ofs_y = 0},
    {.bitmap_index = 28830, .adv_w = 504, .box_w = 28, .box_h = 21, .ofs_x = 2, .ofs_y = 0},
    {.bitmap_index = 29418, .adv_w = 331, .box_w = 17, .box_h = 21, .ofs_x = 2, .ofs_y = 0},
    {.bitmap_index = 29775, .adv_w = 323, .box_w = 17, .box_h = 21, .ofs_x = 2, .ofs_y = 0},
    {.bitmap_index = 30132, .adv_w = 332, .box_w = 17, .box_h = 27, .ofs_x = 2, .ofs_y = -6},
    {.bitmap_index = 30591, .adv_w = 328, .box_w = 16, .box_h = 27, .ofs_x = 2, .ofs_y = -6},
    {.bitmap_index = 31023, .adv_w = 214, .box_w = 11, .box_h = 21, .ofs_x = 2, .ofs_y = 0},
    {.bitmap_index = 31254, .adv_w = 278, .box_w = 15, .box_h = 21, .ofs_x = 1, .ofs_y = 0},
    {.bitmap_index = 31569, .adv_w = 225, .box_w = 13, .box_h = 26, .ofs_x = 0, .ofs_y = 0},
    {.bitmap_index = 31907, .adv_w = 331, .box_w = 17, .box_h = 21, .ofs_x = 2, .ofs_y = 0},
    {.bitmap_index = 32264, .adv_w = 287, .box_w = 18, .box_h = 21, .ofs_x = 0, .ofs_y = 0},
    {.bitmap_index = 32642, .adv_w = 442, .box_w = 27, .box_h = 21, .ofs_x = 0, .ofs_y = 0},
    {.bitmap_index = 33209, .adv_w = 284, .box_w = 18, .box_h = 21, .ofs_x = 0, .ofs_y = 0},
    {.bitmap_index = 33587, .adv_w = 299, .box_w = 18, .box_h = 28, .ofs_x = 0, .ofs_y = -7},
    {.bitmap_index = 34091, .adv_w = 276, .box_w = 16, .box_h = 21, .ofs_x = 1, .ofs_y = 0},
    {.bitmap_index = 34427, .adv_w = 197, .box_w = 10, .box_h = 31, .ofs_x = 1, .ofs_y = -5},
    {.bitmap_index = 34737, .adv_w = 142, .box_w = 3, .box_h = 26, .ofs_x = 3, .ofs_y = 0},
    {.bitmap_index = 34815, .adv_w = 197, .box_w = 10, .box_h = 31, .ofs_x = 1, .ofs_y = -5},
    {.bitmap_index = 35125, .adv_w = 351, .box_w = 18, .box_h = 5, .ofs_x = 2, .ofs_y = 11}
};

/*---------------------
 *  CHARACTER MAPPING
 *--------------------*/



/*Collect the unicode lists and glyph_id offsets*/
static const lv_font_fmt_txt_cmap_t cmaps[] =
{
    {
        .range_start = 32, .range_length = 95, .glyph_id_start = 1,
        .unicode_list = NULL, .glyph_id_ofs_list = NULL, .list_length = 0, .type = LV_FONT_FMT_TXT_CMAP_FORMAT0_TINY
    }
};



/*--------------------
 *  ALL CUSTOM DATA
 *--------------------*/

#if LVGL_VERSION_MAJOR == 8
/*Store all the custom data of the font*/
static  lv_font_fmt_txt_glyph_cache_t cache;
#endif

#if LVGL_VERSION_MAJOR >= 8
static const lv_font_fmt_txt_dsc_t font_dsc = {
#else
static lv_font_fmt_txt_dsc_t font_dsc = {
#endif
    .glyph_bitmap = glyph_bitmap,
    .glyph_dsc = glyph_dsc,
    .cmaps = cmaps,
    .kern_dsc = NULL,
    .kern_scale = 0,
    .cmap_num = 1,
    .bpp = 8,
    .kern_classes = 0,
    .bitmap_format = 0,
#if LVGL_VERSION_MAJOR == 8
    .cache = &cache
#endif
};



/*-----------------
 *  PUBLIC FONT
 *----------------*/

/*Initialize a public general font descriptor*/
#if LVGL_VERSION_MAJOR >= 8
const lv_font_t ui_font_ajustesnames = {
#else
lv_font_t ui_font_ajustesnames = {
#endif
    .get_glyph_dsc = lv_font_get_glyph_dsc_fmt_txt,    /*Function pointer to get glyph's data*/
    .get_glyph_bitmap = lv_font_get_bitmap_fmt_txt,    /*Function pointer to get glyph's bitmap*/
    .line_height = 38,          /*The maximum line height required by the font*/
    .base_line = 7,             /*Baseline measured from the bottom of the line*/
#if !(LVGL_VERSION_MAJOR == 6 && LVGL_VERSION_MINOR == 0)
    .subpx = LV_FONT_SUBPX_NONE,
#endif
#if LV_VERSION_CHECK(7, 4, 0) || LVGL_VERSION_MAJOR >= 8
    .underline_position = -3,
    .underline_thickness = 2,
#endif
    .dsc = &font_dsc,          /*The custom font data. Will be accessed by `get_glyph_bitmap/dsc` */
#if LV_VERSION_CHECK(8, 2, 0) || LVGL_VERSION_MAJOR >= 9
    .fallback = NULL,
#endif
    .user_data = NULL,
};



#endif /*#if UI_FONT_AJUSTESNAMES*/

