/*******************************************************************************
 * Size: 28 px
 * Bpp: 8
 * Opts: --bpp 8 --size 28 --font C:/Users/Álvaro/Desktop/Pantalla_nsx/assets/Rajdhani-SemiBold.ttf -o C:/Users/Álvaro/Desktop/Pantalla_nsx/assets\ui_font_warmup.c --format lvgl -r 0x20-0x7f --no-compress --no-prefilter
 ******************************************************************************/

#include "../../include/ui/ui.h"

#ifndef UI_FONT_WARMUP
#define UI_FONT_WARMUP 1
#endif

#if UI_FONT_WARMUP

/*-----------------
 *    BITMAPS
 *----------------*/

/*Store the image of the glyphs*/
static LV_ATTRIBUTE_LARGE_CONST const uint8_t glyph_bitmap[] = {
    /* U+0020 " " */

    /* U+0021 "!" */
    0x25, 0xfc, 0xff, 0xc1, 0x30, 0xff, 0xff, 0xd0,
    0x30, 0xff, 0xff, 0xd0, 0x30, 0xff, 0xff, 0xd0,
    0x2d, 0xff, 0xff, 0xcd, 0x26, 0xff, 0xff, 0xc5,
    0x1e, 0xff, 0xff, 0xbd, 0x13, 0xff, 0xff, 0xb3,
    0x2, 0xfc, 0xff, 0x9e, 0x0, 0xe8, 0xff, 0x87,
    0x0, 0xd2, 0xff, 0x71, 0x0, 0x61, 0x97, 0x29,
    0x0, 0x0, 0x0, 0x0, 0x0, 0x37, 0x40, 0x23,
    0xa, 0xff, 0xff, 0xba, 0xc, 0xff, 0xff, 0xbc,
    0xc, 0xff, 0xff, 0xbc, 0x6, 0xf6, 0xff, 0xae,

    /* U+0022 "\"" */
    0xa0, 0xff, 0xc0, 0x0, 0x19, 0xfd, 0xff, 0x43,
    0x91, 0xff, 0xb2, 0x0, 0x7, 0xfe, 0xff, 0x32,
    0x73, 0xff, 0x96, 0x0, 0x0, 0xe9, 0xff, 0x16,
    0x55, 0xff, 0x7a, 0x0, 0x0, 0xcc, 0xf9, 0x1,
    0x38, 0xff, 0x5e, 0x0, 0x0, 0xaf, 0xde, 0x0,
    0x15, 0xfd, 0x37, 0x0, 0x0, 0x8c, 0xb9, 0x0,
    0x0, 0xa, 0x0, 0x0, 0x0, 0x3, 0x6, 0x0,

    /* U+0023 "#" */
    0x0, 0x0, 0x0, 0x0, 0x0, 0x0, 0x82, 0xff,
    0x99, 0x0, 0x0, 0x0, 0x4d, 0xfc, 0xd5, 0x0,
    0x0, 0x0, 0x0, 0x0, 0x0, 0x0, 0x0, 0xd3,
    0xff, 0x66, 0x0, 0x0, 0x0, 0x9e, 0xff, 0xa4,
    0x0, 0x0, 0x0, 0x0, 0x0, 0x0, 0x0, 0x18,
    0xff, 0xff, 0x22, 0x0, 0x0, 0x0, 0xe1, 0xff,
    0x5d, 0x0, 0x0, 0x0, 0x0, 0x0, 0x0, 0x0,
    0x5d, 0xff, 0xde, 0x0, 0x0, 0x0, 0x26, 0xff,
    0xfe, 0x18, 0x0, 0x0, 0x0, 0x33, 0xfd, 0xff,
    0xff, 0xff, 0xff, 0xff, 0xff, 0xff, 0xff, 0xff,
    0xff, 0xff, 0xff, 0xff, 0x95, 0x0, 0x3c, 0xff,
    0xff, 0xff, 0xff, 0xff, 0xff, 0xff, 0xff, 0xff,
    0xff, 0xff, 0xff, 0xff, 0xff, 0xa0, 0x0, 0x3,
    0x2d, 0x30, 0x57, 0xff, 0xfe, 0x3a, 0x30, 0x30,
    0x32, 0xf7, 0xff, 0x6d, 0x30, 0x30, 0x13, 0x0,
    0x0, 0x0, 0x0, 0x67, 0xff, 0xd5, 0x0, 0x0,
    0x0, 0x2f, 0xff, 0xff, 0x16, 0x0, 0x0, 0x0,
    0x0, 0x0, 0x0, 0x0, 0xa3, 0xff, 0x99, 0x0,
    0x0, 0x0, 0x6b, 0xff, 0xd9, 0x0, 0x0, 0x0,
    0x0, 0x0, 0x0, 0x0, 0x0, 0xde, 0xff, 0x5d,
    0x0, 0x0, 0x0, 0xa6, 0xff, 0x9d, 0x0, 0x0,
    0x0, 0x0, 0x0, 0x0, 0x0, 0x19, 0xff, 0xff,
    0x22, 0x0, 0x0, 0x0, 0xe2, 0xff, 0x62, 0x0,
    0x0, 0x0, 0x0, 0x1a, 0x30, 0x30, 0x71, 0xff,
    0xef, 0x30, 0x30, 0x30, 0x43, 0xff, 0xff, 0x53,
    0x30, 0x28, 0x0, 0x0, 0xc8, 0xff, 0xff, 0xff,
    0xff, 0xff, 0xff, 0xff, 0xff, 0xff, 0xff, 0xff,
    0xff, 0xff, 0xff, 0x10, 0x0, 0xbd, 0xff, 0xff,
    0xff, 0xff, 0xff, 0xff, 0xff, 0xff, 0xff, 0xff,
    0xff, 0xff, 0xff, 0xf8, 0xd, 0x0, 0x0, 0x0,
    0x1b, 0xff, 0xff, 0x20, 0x0, 0x0, 0x0, 0xe3,
    0xff, 0x58, 0x0, 0x0, 0x0, 0x0, 0x0, 0x0,
    0x0, 0x62, 0xff, 0xdb, 0x0, 0x0, 0x0, 0x2a,
    0xff, 0xfe, 0x15, 0x0, 0x0, 0x0, 0x0, 0x0,
    0x0, 0x0, 0xa8, 0xff, 0x96, 0x0, 0x0, 0x0,
    0x70, 0xff, 0xce, 0x0, 0x0, 0x0, 0x0, 0x0,
    0x0, 0x0, 0x0, 0xde, 0xfc, 0x44, 0x0, 0x0,
    0x0, 0xa2, 0xff, 0x7d, 0x0, 0x0, 0x0, 0x0,
    0x0, 0x0,

    /* U+0024 "$" */
    0x0, 0x0, 0x0, 0x0, 0x0, 0x4c, 0x80, 0x38,
    0x0, 0x0, 0x0, 0x0, 0x0, 0x0, 0x0, 0x0,
    0x0, 0xb4, 0xff, 0x8c, 0x0, 0x0, 0x0, 0x0,
    0x0, 0x0, 0x0, 0x0, 0x0, 0xb4, 0xff, 0x8c,
    0x0, 0x0, 0x0, 0x0, 0x0, 0x1, 0x6b, 0xd3,
    0xf8, 0xff, 0xff, 0xfe, 0xe9, 0x9d, 0x16, 0x0,
    0x0, 0x8e, 0xff, 0xff, 0xff, 0xff, 0xff, 0xff,
    0xff, 0xff, 0xd8, 0xc, 0x1f, 0xfd, 0xff, 0xf8,
    0x8e, 0x61, 0x5c, 0x75, 0xdd, 0xff, 0xff, 0x73,
    0x5d, 0xff, 0xff, 0x86, 0x0, 0x0, 0x0, 0x0,
    0x2d, 0xff, 0xff, 0xb5, 0x72, 0xff, 0xff, 0x53,
    0x0, 0x0, 0x0, 0x0, 0x1, 0xf9, 0xff, 0xca,
    0x73, 0xff, 0xff, 0x48, 0x0, 0x0, 0x0, 0x0,
    0x0, 0x7b, 0x94, 0x65, 0x68, 0xff, 0xff, 0x61,
    0x0, 0x0, 0x0, 0x0, 0x0, 0x0, 0x0, 0x0,
    0x3f, 0xff, 0xff, 0xde, 0x44, 0xf, 0x0, 0x0,
    0x0, 0x0, 0x0, 0x0, 0x4, 0xd8, 0xff, 0xff,
    0xff, 0xff, 0xff, 0xfd, 0xe0, 0xaa, 0x2c, 0x0,
    0x0, 0x25, 0xc2, 0xff, 0xff, 0xff, 0xff, 0xff,
    0xff, 0xff, 0xf9, 0x3a, 0x0, 0x0, 0x0, 0x32,
    0x5e, 0x6c, 0x74, 0x8f, 0xe1, 0xff, 0xff, 0xb6,
    0x0, 0x0, 0x0, 0x0, 0x0, 0x0, 0x0, 0x0,
    0x14, 0xf1, 0xff, 0xea, 0x1d, 0x63, 0x62, 0xf,
    0x0, 0x0, 0x0, 0x0, 0x0, 0xc5, 0xff, 0xfa,
    0x72, 0xff, 0xff, 0x4b, 0x0, 0x0, 0x0, 0x0,
    0x0, 0xc6, 0xff, 0xfa, 0x62, 0xff, 0xff, 0x78,
    0x0, 0x0, 0x0, 0x0, 0xa, 0xed, 0xff, 0xe8,
    0x25, 0xfe, 0xff, 0xf2, 0x82, 0x58, 0x54, 0x64,
    0xc0, 0xff, 0xff, 0xa8, 0x0, 0x96, 0xff, 0xff,
    0xff, 0xff, 0xff, 0xff, 0xff, 0xff, 0xf1, 0x28,
    0x0, 0x1, 0x6e, 0xd4, 0xf9, 0xff, 0xff, 0xff,
    0xed, 0xac, 0x29, 0x0, 0x0, 0x0, 0x0, 0x0,
    0x0, 0xb4, 0xff, 0x8c, 0x0, 0x0, 0x0, 0x0,
    0x0, 0x0, 0x0, 0x0, 0x0, 0xb4, 0xff, 0x8c,
    0x0, 0x0, 0x0, 0x0, 0x0, 0x0, 0x0, 0x0,
    0x0, 0x4c, 0x80, 0x38, 0x0, 0x0, 0x0, 0x0,

    /* U+0025 "%" */
    0x0, 0x68, 0xdb, 0xfc, 0xfe, 0xe3, 0x8a, 0x5,
    0x0, 0x0, 0x0, 0x45, 0xfb, 0xb0, 0x0, 0x0,
    0x0, 0x0, 0x0, 0x3e, 0xff, 0xf0, 0xa2, 0x9e,
    0xe3, 0xff, 0x70, 0x0, 0x0, 0x0, 0xb7, 0xff,
    0x5b, 0x0, 0x0, 0x0, 0x0, 0x0, 0x82, 0xff,
    0x6e, 0x0, 0x0, 0x41, 0xff, 0xb5, 0x0, 0x0,
    0x22, 0xfe, 0xea, 0x7, 0x0, 0x0, 0x0, 0x0,
    0x0, 0x97, 0xff, 0x54, 0x0, 0x0, 0x24, 0xff,
    0xcb, 0x0, 0x0, 0x8a, 0xff, 0x88, 0x0, 0x0,
    0x0, 0x0, 0x0, 0x0, 0x98, 0xff, 0x54, 0x0,
    0x0, 0x24, 0xff, 0xcc, 0x0, 0x8, 0xec, 0xfd,
    0x21, 0x0, 0x0, 0x0, 0x0, 0x0, 0x0, 0x92,
    0xff, 0x58, 0x0, 0x0, 0x29, 0xff, 0xc6, 0x0,
    0x5e, 0xff, 0xb5, 0x0, 0x0, 0x0, 0x0, 0x0,
    0x0, 0x0, 0x71, 0xff, 0xa1, 0xa, 0x5, 0x77,
    0xff, 0xa4, 0x0, 0xc9, 0xff, 0x4c, 0x0, 0x0,
    0x0, 0x0, 0x0, 0x0, 0x0, 0x13, 0xe8, 0xff,
    0xff, 0xff, 0xff, 0xf8, 0x35, 0x33, 0xff, 0xe0,
    0x2, 0x0, 0x0, 0x0, 0x0, 0x0, 0x0, 0x0,
    0x0, 0x14, 0x6f, 0x90, 0x92, 0x78, 0x26, 0x0,
    0x9d, 0xff, 0x79, 0x0, 0x0, 0x0, 0x0, 0x0,
    0x0, 0x0, 0x0, 0x0, 0x0, 0x0, 0x0, 0x0,
    0x0, 0x0, 0x11, 0xf6, 0xf9, 0x16, 0x0, 0x0,
    0x0, 0x0, 0x0, 0x0, 0x0, 0x0, 0x0, 0x0,
    0x0, 0x0, 0x0, 0x0, 0x0, 0x71, 0xff, 0xa7,
    0x0, 0x43, 0xcb, 0xf6, 0xff, 0xee, 0xb3, 0x21,
    0x0, 0x0, 0x0, 0x0, 0x0, 0x0, 0x0, 0x1,
    0xda, 0xff, 0x3d, 0x12, 0xf1, 0xfe, 0xb2, 0x99,
    0xc5, 0xff, 0xc0, 0x0, 0x0, 0x0, 0x0, 0x0,
    0x0, 0x0, 0x44, 0xff, 0xd4, 0x0, 0x43, 0xff,
    0xb8, 0x0, 0x0, 0x2, 0xe8, 0xfa, 0x4, 0x0,
    0x0, 0x0, 0x0, 0x0, 0x0, 0xad, 0xff, 0x6b,
    0x0, 0x54, 0xff, 0xa4, 0x0, 0x0, 0x0, 0xd4,
    0xff, 0x10, 0x0, 0x0, 0x0, 0x0, 0x0, 0x1a,
    0xfb, 0xf3, 0xe, 0x0, 0x54, 0xff, 0xa4, 0x0,
    0x0, 0x0, 0xd4, 0xff, 0x10, 0x0, 0x0, 0x0,
    0x0, 0x0, 0x7e, 0xff, 0x98, 0x0, 0x0, 0x44,
    0xff, 0xb8, 0x0, 0x0, 0x2, 0xe8, 0xfb, 0x4,
    0x0, 0x0, 0x0, 0x0, 0x2, 0xe2, 0xff, 0x2f,
    0x0, 0x0, 0x13, 0xf2, 0xfd, 0xb0, 0x99, 0xc3,
    0xff, 0xc1, 0x0, 0x0, 0x0, 0x0, 0x0, 0x37,
    0xff, 0xb9, 0x0, 0x0, 0x0, 0x0, 0x44, 0xcd,
    0xf6, 0xff, 0xef, 0xb5, 0x21, 0x0,

    /* U+0026 "&" */
    0x0, 0x0, 0x0, 0x10, 0x8e, 0xdf, 0xfb, 0xfd,
    0xe4, 0x9a, 0x17, 0x0, 0x0, 0x0, 0x0, 0x0,
    0x0, 0xe, 0xd5, 0xff, 0xff, 0xff, 0xff, 0xff,
    0xff, 0xdd, 0x10, 0x0, 0x0, 0x0, 0x0, 0x0,
    0x7e, 0xff, 0xff, 0xc7, 0x58, 0x54, 0xbc, 0xff,
    0xff, 0x7d, 0x0, 0x0, 0x0, 0x0, 0x0, 0xc5,
    0xff, 0xff, 0x1b, 0x0, 0x0, 0x11, 0xfc, 0xff,
    0xbe, 0x0, 0x0, 0x0, 0x0, 0x0, 0xda, 0xff,
    0xf2, 0x0, 0x0, 0x0, 0x0, 0xe6, 0xff, 0xd2,
    0x0, 0x0, 0x0, 0x0, 0x0, 0xd3, 0xff, 0xfa,
    0x4, 0x0, 0x0, 0x0, 0xd8, 0xff, 0xc9, 0x0,
    0x0, 0x0, 0x0, 0x0, 0xa7, 0xff, 0xff, 0x4f,
    0x0, 0x0, 0x0, 0x5, 0xc, 0x4, 0x0, 0x0,
    0x0, 0x0, 0x0, 0x47, 0xff, 0xff, 0xdc, 0xf,
    0x0, 0x0, 0x0, 0x0, 0x0, 0x0, 0x0, 0x0,
    0x0, 0x3, 0x54, 0xed, 0xff, 0xff, 0xb6, 0x2,
    0x0, 0x0, 0x0, 0x0, 0x0, 0x0, 0x0, 0x0,
    0xaf, 0xff, 0xff, 0xff, 0xff, 0xff, 0x9c, 0x5c,
    0x5c, 0x5c, 0x5c, 0x5c, 0x5c, 0x23, 0x48, 0xff,
    0xff, 0xb4, 0x48, 0xe5, 0xff, 0xff, 0xff, 0xff,
    0xff, 0xff, 0xff, 0xff, 0x8b, 0x83, 0xff, 0xff,
    0x28, 0x0, 0x2c, 0xee, 0xff, 0xff, 0xff, 0xff,
    0xff, 0xff, 0xff, 0x7d, 0x94, 0xff, 0xff, 0x10,
    0x0, 0x0, 0x3a, 0xf5, 0xff, 0xf0, 0x2d, 0x0,
    0x0, 0x0, 0x0, 0x93, 0xff, 0xff, 0x11, 0x0,
    0x0, 0x0, 0x49, 0xfa, 0xff, 0xe4, 0x1d, 0x0,
    0x0, 0x0, 0x86, 0xff, 0xff, 0x3b, 0x0, 0x0,
    0x0, 0x0, 0xa7, 0xff, 0xff, 0xd5, 0x11, 0x0,
    0x0, 0x4d, 0xff, 0xff, 0xe0, 0x75, 0x5c, 0x5d,
    0x85, 0xfa, 0xff, 0xff, 0xff, 0xc2, 0x8, 0x0,
    0x2, 0xc2, 0xff, 0xff, 0xff, 0xff, 0xff, 0xff,
    0xff, 0xdc, 0x8b, 0xff, 0xff, 0xac, 0x2, 0x0,
    0xa, 0x86, 0xdc, 0xfb, 0xff, 0xfe, 0xec, 0xae,
    0x21, 0x1, 0xa0, 0xfe, 0xff, 0x84,

    /* U+0027 "'" */
    0x63, 0xb8, 0x90, 0x7b, 0xff, 0xb9, 0x58, 0xff,
    0x96, 0x35, 0xff, 0x72, 0xf, 0xf5, 0x43,

    /* U+0028 "(" */
    0x0, 0x0, 0x54, 0xc2, 0xf2, 0xa7, 0x0, 0x7e,
    0xff, 0xff, 0xff, 0x9c, 0x25, 0xfd, 0xff, 0x8d,
    0x10, 0x0, 0x77, 0xff, 0xdc, 0x2, 0x0, 0x0,
    0x9c, 0xff, 0xab, 0x0, 0x0, 0x0, 0xa7, 0xff,
    0x9c, 0x0, 0x0, 0x0, 0xa8, 0xff, 0x9c, 0x0,
    0x0, 0x0, 0xa8, 0xff, 0x9c, 0x0, 0x0, 0x0,
    0xa8, 0xff, 0x9c, 0x0, 0x0, 0x0, 0xa8, 0xff,
    0x9c, 0x0, 0x0, 0x0, 0xa8, 0xff, 0x9c, 0x0,
    0x0, 0x0, 0xa8, 0xff, 0x9c, 0x0, 0x0, 0x0,
    0xa8, 0xff, 0x9c, 0x0, 0x0, 0x0, 0xa8, 0xff,
    0x9c, 0x0, 0x0, 0x0, 0xa7, 0xff, 0x9c, 0x0,
    0x0, 0x0, 0x9b, 0xff, 0xaa, 0x0, 0x0, 0x0,
    0x77, 0xff, 0xdc, 0x2, 0x0, 0x0, 0x27, 0xfe,
    0xff, 0x91, 0x11, 0x0, 0x0, 0x86, 0xff, 0xff,
    0xff, 0x9c, 0x0, 0x0, 0x5a, 0xc5, 0xf4, 0xa8,

    /* U+0029 ")" */
    0x9d, 0xf2, 0xc2, 0x55, 0x0, 0x0, 0x94, 0xff,
    0xff, 0xff, 0x82, 0x0, 0x0, 0x12, 0x92, 0xff,
    0xfe, 0x2a, 0x0, 0x0, 0x2, 0xd9, 0xff, 0x7d,
    0x0, 0x0, 0x0, 0xa4, 0xff, 0xa2, 0x0, 0x0,
    0x0, 0x94, 0xff, 0xaf, 0x0, 0x0, 0x0, 0x94,
    0xff, 0xb0, 0x0, 0x0, 0x0, 0x94, 0xff, 0xb0,
    0x0, 0x0, 0x0, 0x94, 0xff, 0xb0, 0x0, 0x0,
    0x0, 0x94, 0xff, 0xb0, 0x0, 0x0, 0x0, 0x94,
    0xff, 0xb0, 0x0, 0x0, 0x0, 0x94, 0xff, 0xb0,
    0x0, 0x0, 0x0, 0x94, 0xff, 0xb0, 0x0, 0x0,
    0x0, 0x94, 0xff, 0xb0, 0x0, 0x0, 0x0, 0x94,
    0xff, 0xaf, 0x0, 0x0, 0x0, 0xa5, 0xff, 0xa2,
    0x0, 0x0, 0x2, 0xd8, 0xff, 0x7d, 0x0, 0x11,
    0x8f, 0xff, 0xff, 0x2c, 0x94, 0xff, 0xff, 0xff,
    0x86, 0x0, 0x9d, 0xf3, 0xc4, 0x58, 0x0, 0x0,

    /* U+002A "*" */
    0x0, 0x0, 0x0, 0x61, 0xff, 0x85, 0x0, 0x0,
    0x0, 0x0, 0x0, 0x0, 0x58, 0xff, 0x77, 0x0,
    0x0, 0x0, 0x3d, 0xcb, 0x6b, 0x1c, 0xfc, 0x46,
    0x63, 0xd4, 0x85, 0x86, 0xff, 0xff, 0xc6, 0xac,
    0xb0, 0xff, 0xff, 0xb9, 0x5, 0x3c, 0x56, 0x7e,
    0xb7, 0x9a, 0x3d, 0x1c, 0x0, 0x0, 0x0, 0x62,
    0xfa, 0x61, 0xfb, 0xb3, 0x7, 0x0, 0x0, 0x44,
    0xfe, 0xec, 0xc, 0xaa, 0xff, 0x99, 0x0, 0x0,
    0x19, 0xbe, 0x6c, 0x0, 0x1f, 0xc5, 0x41, 0x0,
    0x0, 0x0, 0x0, 0x0, 0x0, 0x0, 0x0, 0x0,
    0x0,

    /* U+002B "+" */
    0x0, 0x0, 0x0, 0x0, 0x0, 0x64, 0xff, 0xcb,
    0x0, 0x0, 0x0, 0x0, 0x0, 0x0, 0x0, 0x0,
    0x0, 0x0, 0x78, 0xff, 0xe0, 0x0, 0x0, 0x0,
    0x0, 0x0, 0x0, 0x0, 0x0, 0x0, 0x0, 0x78,
    0xff, 0xe0, 0x0, 0x0, 0x0, 0x0, 0x0, 0x0,
    0x0, 0x0, 0x0, 0x0, 0x78, 0xff, 0xe0, 0x0,
    0x0, 0x0, 0x0, 0x0, 0x0, 0x2c, 0x38, 0x38,
    0x38, 0x95, 0xff, 0xe7, 0x38, 0x38, 0x38, 0x37,
    0x9, 0x8, 0xfe, 0xff, 0xff, 0xff, 0xff, 0xff,
    0xff, 0xff, 0xff, 0xff, 0xff, 0x63, 0x6, 0xf3,
    0xff, 0xff, 0xff, 0xff, 0xff, 0xff, 0xff, 0xff,
    0xff, 0xff, 0x57, 0x0, 0x0, 0x0, 0x0, 0x0,
    0x78, 0xff, 0xe0, 0x0, 0x0, 0x0, 0x0, 0x0,
    0x0, 0x0, 0x0, 0x0, 0x0, 0x78, 0xff, 0xe0,
    0x0, 0x0, 0x0, 0x0, 0x0, 0x0, 0x0, 0x0,
    0x0, 0x0, 0x78, 0xff, 0xe0, 0x0, 0x0, 0x0,
    0x0, 0x0, 0x0, 0x0, 0x0, 0x0, 0x0, 0x74,
    0xff, 0xdc, 0x0, 0x0, 0x0, 0x0, 0x0, 0x0,
    0x0, 0x0, 0x0, 0x0, 0xf, 0x3f, 0x28, 0x0,
    0x0, 0x0, 0x0, 0x0,

    /* U+002C "," */
    0xb, 0x20, 0x1d, 0x0, 0x9b, 0xff, 0xff, 0x2f,
    0xa0, 0xff, 0xff, 0x34, 0xa0, 0xff, 0xff, 0x2c,
    0xa0, 0xff, 0xe8, 0x5, 0xa0, 0xff, 0x72, 0x0,
    0xa0, 0xdd, 0x6, 0x0, 0x91, 0x50, 0x0, 0x0,

    /* U+002D "-" */
    0x22, 0x34, 0x34, 0x34, 0x34, 0x34, 0x14, 0xdc,
    0xff, 0xff, 0xff, 0xff, 0xff, 0x98, 0xd1, 0xff,
    0xff, 0xff, 0xff, 0xff, 0x8d,

    /* U+002E "." */
    0x1c, 0x40, 0x3d, 0x4, 0x9e, 0xff, 0xff, 0x32,
    0xa0, 0xff, 0xff, 0x34, 0xa0, 0xff, 0xff, 0x34,
    0x91, 0xff, 0xfd, 0x29,

    /* U+002F "/" */
    0x0, 0x0, 0x0, 0x0, 0x0, 0x0, 0x6f, 0xff,
    0xfc, 0x15, 0x0, 0x0, 0x0, 0x0, 0x0, 0x1,
    0xde, 0xff, 0xc8, 0x0, 0x0, 0x0, 0x0, 0x0,
    0x0, 0x40, 0xff, 0xff, 0x69, 0x0, 0x0, 0x0,
    0x0, 0x0, 0x0, 0x9f, 0xff, 0xf8, 0x11, 0x0,
    0x0, 0x0, 0x0, 0x0, 0xb, 0xf3, 0xff, 0xab,
    0x0, 0x0, 0x0, 0x0, 0x0, 0x0, 0x5d, 0xff,
    0xff, 0x4c, 0x0, 0x0, 0x0, 0x0, 0x0, 0x0,
    0xbc, 0xff, 0xe8, 0x4, 0x0, 0x0, 0x0, 0x0,
    0x0, 0x1c, 0xfd, 0xff, 0x8d, 0x0, 0x0, 0x0,
    0x0, 0x0, 0x0, 0x79, 0xff, 0xff, 0x2e, 0x0,
    0x0, 0x0, 0x0, 0x0, 0x0, 0xd6, 0xff, 0xcf,
    0x0, 0x0, 0x0, 0x0, 0x0, 0x0, 0x34, 0xff,
    0xff, 0x70, 0x0, 0x0, 0x0, 0x0, 0x0, 0x0,
    0x93, 0xff, 0xfb, 0x16, 0x0, 0x0, 0x0, 0x0,
    0x0, 0x5, 0xeb, 0xff, 0xb1, 0x0, 0x0, 0x0,
    0x0, 0x0, 0x0, 0x4f, 0xff, 0xff, 0x52, 0x0,
    0x0, 0x0, 0x0, 0x0, 0x0, 0xad, 0xff, 0xed,
    0x6, 0x0, 0x0, 0x0, 0x0, 0x0, 0x13, 0xf9,
    0xff, 0x94, 0x0, 0x0, 0x0, 0x0, 0x0, 0x0,
    0x6c, 0xff, 0xff, 0x35, 0x0, 0x0, 0x0, 0x0,
    0x0, 0x0, 0xb9, 0xff, 0xc7, 0x0, 0x0, 0x0,
    0x0, 0x0, 0x0, 0x0,

    /* U+0030 "0" */
    0x0, 0x0, 0x61, 0xcc, 0xf6, 0xff, 0xff, 0xff,
    0xf0, 0xb9, 0x3c, 0x0, 0x0, 0x0, 0x81, 0xff,
    0xff, 0xff, 0xff, 0xff, 0xff, 0xff, 0xff, 0xfc,
    0x44, 0x0, 0x15, 0xf9, 0xff, 0xfa, 0x8b, 0x5b,
    0x58, 0x5e, 0xa1, 0xff, 0xff, 0xcd, 0x0, 0x4d,
    0xff, 0xff, 0x93, 0x0, 0x0, 0x0, 0x0, 0x0,
    0xc4, 0xff, 0xff, 0xd, 0x5e, 0xff, 0xff, 0x66,
    0x0, 0x0, 0x0, 0x0, 0x0, 0x97, 0xff, 0xff,
    0x1e, 0x60, 0xff, 0xff, 0x64, 0x0, 0x0, 0x0,
    0x0, 0x0, 0x94, 0xff, 0xff, 0x20, 0x60, 0xff,
    0xff, 0x64, 0x0, 0x0, 0x0, 0x0, 0x0, 0x94,
    0xff, 0xff, 0x20, 0x60, 0xff, 0xff, 0x64, 0x0,
    0x0, 0x0, 0x0, 0x0, 0x94, 0xff, 0xff, 0x20,
    0x60, 0xff, 0xff, 0x64, 0x0, 0x0, 0x0, 0x0,
    0x0, 0x94, 0xff, 0xff, 0x20, 0x60, 0xff, 0xff,
    0x64, 0x0, 0x0, 0x0, 0x0, 0x0, 0x94, 0xff,
    0xff, 0x20, 0x60, 0xff, 0xff, 0x64, 0x0, 0x0,
    0x0, 0x0, 0x0, 0x94, 0xff, 0xff, 0x20, 0x60,
    0xff, 0xff, 0x64, 0x0, 0x0, 0x0, 0x0, 0x0,
    0x94, 0xff, 0xff, 0x20, 0x60, 0xff, 0xff, 0x64,
    0x0, 0x0, 0x0, 0x0, 0x0, 0x94, 0xff, 0xff,
    0x20, 0x5f, 0xff, 0xff, 0x66, 0x0, 0x0, 0x0,
    0x0, 0x0, 0x97, 0xff, 0xff, 0x1e, 0x4d, 0xff,
    0xff, 0x91, 0x0, 0x0, 0x0, 0x0, 0x0, 0xc2,
    0xff, 0xff, 0xd, 0x15, 0xf9, 0xff, 0xf9, 0x86,
    0x57, 0x54, 0x5a, 0x9c, 0xff, 0xff, 0xcd, 0x0,
    0x0, 0x81, 0xff, 0xff, 0xff, 0xff, 0xff, 0xff,
    0xff, 0xff, 0xfc, 0x44, 0x0, 0x0, 0x0, 0x62,
    0xcd, 0xf7, 0xff, 0xff, 0xff, 0xf1, 0xba, 0x3d,
    0x0, 0x0,

    /* U+0031 "1" */
    0x0, 0x0, 0x0, 0x54, 0xdb, 0xff, 0xfa, 0x1a,
    0x0, 0x27, 0xba, 0xff, 0xff, 0xff, 0xff, 0x24,
    0x21, 0xf8, 0xff, 0xff, 0xfd, 0xff, 0xff, 0x24,
    0x38, 0xff, 0xeb, 0x6a, 0x9f, 0xff, 0xff, 0x24,
    0x20, 0x86, 0x10, 0x0, 0x9c, 0xff, 0xff, 0x24,
    0x0, 0x0, 0x0, 0x0, 0x9c, 0xff, 0xff, 0x24,
    0x0, 0x0, 0x0, 0x0, 0x9c, 0xff, 0xff, 0x24,
    0x0, 0x0, 0x0, 0x0, 0x9c, 0xff, 0xff, 0x24,
    0x0, 0x0, 0x0, 0x0, 0x9c, 0xff, 0xff, 0x24,
    0x0, 0x0, 0x0, 0x0, 0x9c, 0xff, 0xff, 0x24,
    0x0, 0x0, 0x0, 0x0, 0x9c, 0xff, 0xff, 0x24,
    0x0, 0x0, 0x0, 0x0, 0x9c, 0xff, 0xff, 0x24,
    0x0, 0x0, 0x0, 0x0, 0x9c, 0xff, 0xff, 0x24,
    0x0, 0x0, 0x0, 0x0, 0x9c, 0xff, 0xff, 0x24,
    0x0, 0x0, 0x0, 0x0, 0x9c, 0xff, 0xff, 0x24,
    0x0, 0x0, 0x0, 0x0, 0x9c, 0xff, 0xff, 0x24,
    0x0, 0x0, 0x0, 0x0, 0x9c, 0xff, 0xff, 0x24,
    0x0, 0x0, 0x0, 0x0, 0x8c, 0xff, 0xfb, 0x1a,

    /* U+0032 "2" */
    0x0, 0xc, 0x8a, 0xdd, 0xfa, 0xff, 0xff, 0xf3,
    0xc2, 0x4c, 0x0, 0x0, 0x5, 0xc8, 0xff, 0xff,
    0xff, 0xff, 0xff, 0xff, 0xff, 0xff, 0x5e, 0x0,
    0x5a, 0xff, 0xff, 0xd3, 0x5e, 0x48, 0x4d, 0x81,
    0xf9, 0xff, 0xe9, 0x2, 0x97, 0xff, 0xff, 0x3a,
    0x0, 0x0, 0x0, 0x0, 0x96, 0xff, 0xff, 0x29,
    0xa7, 0xff, 0xff, 0x19, 0x0, 0x0, 0x0, 0x0,
    0x6d, 0xff, 0xff, 0x3b, 0x81, 0xdc, 0xd5, 0xc,
    0x0, 0x0, 0x0, 0x0, 0x75, 0xff, 0xff, 0x37,
    0x0, 0x0, 0x0, 0x0, 0x0, 0x0, 0x0, 0x0,
    0xc3, 0xff, 0xff, 0x19, 0x0, 0x0, 0x0, 0x0,
    0x0, 0x0, 0x1, 0x8d, 0xff, 0xff, 0xbe, 0x0,
    0x0, 0x0, 0x0, 0x0, 0x0, 0xc, 0xb0, 0xff,
    0xff, 0xe8, 0x25, 0x0, 0x0, 0x0, 0x0, 0x0,
    0x22, 0xd4, 0xff, 0xff, 0xd6, 0x24, 0x0, 0x0,
    0x0, 0x0, 0x0, 0x42, 0xed, 0xff, 0xff, 0xb4,
    0xe, 0x0, 0x0, 0x0, 0x0, 0x0, 0x6d, 0xfb,
    0xff, 0xff, 0x89, 0x2, 0x0, 0x0, 0x0, 0x0,
    0x0, 0x87, 0xff, 0xff, 0xf7, 0x5a, 0x0, 0x0,
    0x0, 0x0, 0x0, 0x0, 0x37, 0xff, 0xff, 0xf2,
    0x35, 0x0, 0x0, 0x0, 0x0, 0x0, 0x0, 0x0,
    0x7f, 0xff, 0xff, 0x93, 0x0, 0x0, 0x0, 0x0,
    0x0, 0x0, 0x0, 0x0, 0x8c, 0xff, 0xff, 0xb4,
    0x64, 0x64, 0x64, 0x64, 0x64, 0x64, 0x62, 0x10,
    0x8c, 0xff, 0xff, 0xff, 0xff, 0xff, 0xff, 0xff,
    0xff, 0xff, 0xff, 0x4b, 0x7c, 0xff, 0xff, 0xff,
    0xff, 0xff, 0xff, 0xff, 0xff, 0xff, 0xfe, 0x3e,

    /* U+0033 "3" */
    0x0, 0xd, 0x8c, 0xde, 0xfb, 0xff, 0xff, 0xf8,
    0xd3, 0x6f, 0x2, 0x0, 0x6, 0xcb, 0xff, 0xff,
    0xff, 0xff, 0xff, 0xff, 0xff, 0xff, 0x9a, 0x0,
    0x5e, 0xff, 0xff, 0xd3, 0x5e, 0x48, 0x49, 0x6d,
    0xe9, 0xff, 0xff, 0x29, 0x9d, 0xff, 0xff, 0x36,
    0x0, 0x0, 0x0, 0x0, 0x60, 0xff, 0xff, 0x67,
    0xae, 0xff, 0xff, 0x12, 0x0, 0x0, 0x0, 0x0,
    0x36, 0xff, 0xff, 0x7a, 0x6f, 0xb8, 0xae, 0x5,
    0x0, 0x0, 0x0, 0x0, 0x34, 0xff, 0xff, 0x7b,
    0x0, 0x0, 0x0, 0x0, 0x0, 0x0, 0x0, 0x0,
    0x4b, 0xff, 0xff, 0x69, 0x0, 0x0, 0x0, 0x0,
    0x0, 0x0, 0x1, 0x23, 0xc6, 0xff, 0xfd, 0x25,
    0x0, 0x0, 0x0, 0x0, 0x3a, 0xfe, 0xff, 0xff,
    0xff, 0xef, 0x5f, 0x0, 0x0, 0x0, 0x0, 0x0,
    0x45, 0xff, 0xff, 0xff, 0xff, 0xd1, 0x42, 0x0,
    0x0, 0x0, 0x0, 0x0, 0x5, 0x32, 0x35, 0x57,
    0xde, 0xff, 0xf9, 0x1d, 0x0, 0x0, 0x0, 0x0,
    0x0, 0x0, 0x0, 0x0, 0x56, 0xff, 0xff, 0x66,
    0x66, 0xac, 0xa2, 0x4, 0x0, 0x0, 0x0, 0x0,
    0x34, 0xff, 0xff, 0x7b, 0xaf, 0xff, 0xff, 0x11,
    0x0, 0x0, 0x0, 0x0, 0x35, 0xff, 0xff, 0x7b,
    0xa0, 0xff, 0xff, 0x32, 0x0, 0x0, 0x0, 0x0,
    0x5a, 0xff, 0xff, 0x6b, 0x66, 0xff, 0xff, 0xcf,
    0x5c, 0x48, 0x49, 0x69, 0xe6, 0xff, 0xff, 0x30,
    0x9, 0xd3, 0xff, 0xff, 0xff, 0xff, 0xff, 0xff,
    0xff, 0xff, 0xa5, 0x0, 0x0, 0x11, 0x91, 0xe0,
    0xfc, 0xff, 0xff, 0xf9, 0xd5, 0x76, 0x4, 0x0,

    /* U+0034 "4" */
    0x0, 0x0, 0x0, 0x0, 0x0, 0x0, 0x4d, 0xf6,
    0xff, 0xff, 0xae, 0x0, 0x0, 0x0, 0x0, 0x0,
    0x0, 0x0, 0x0, 0x7, 0xde, 0xff, 0xff, 0xff,
    0xd8, 0x0, 0x0, 0x0, 0x0, 0x0, 0x0, 0x0,
    0x0, 0x7a, 0xff, 0xf9, 0xdc, 0xff, 0xd8, 0x0,
    0x0, 0x0, 0x0, 0x0, 0x0, 0x0, 0x18, 0xf3,
    0xff, 0x8c, 0xbc, 0xff, 0xd8, 0x0, 0x0, 0x0,
    0x0, 0x0, 0x0, 0x0, 0x9e, 0xff, 0xec, 0x10,
    0xbc, 0xff, 0xd8, 0x0, 0x0, 0x0, 0x0, 0x0,
    0x0, 0x32, 0xfd, 0xff, 0x6b, 0x0, 0xbc, 0xff,
    0xd8, 0x0, 0x0, 0x0, 0x0, 0x0, 0x0, 0xc1,
    0xff, 0xd6, 0x4, 0x0, 0xbc, 0xff, 0xd8, 0x0,
    0x0, 0x0, 0x0, 0x0, 0x55, 0xff, 0xff, 0x4a,
    0x0, 0x0, 0xbc, 0xff, 0xd8, 0x0, 0x0, 0x0,
    0x0, 0x7, 0xde, 0xff, 0xb9, 0x0, 0x0, 0x0,
    0xbc, 0xff, 0xd8, 0x0, 0x0, 0x0, 0x0, 0x7a,
    0xff, 0xfc, 0x2c, 0x0, 0x0, 0x0, 0xbc, 0xff,
    0xd8, 0x0, 0x0, 0x0, 0x18, 0xf3, 0xff, 0x98,
    0x0, 0x0, 0x0, 0x0, 0xbc, 0xff, 0xd8, 0x0,
    0x0, 0x0, 0x97, 0xff, 0xf1, 0x16, 0x0, 0x0,
    0x0, 0x0, 0xbc, 0xff, 0xd8, 0x0, 0x0, 0x0,
    0xe1, 0xff, 0xff, 0xff, 0xff, 0xff, 0xff, 0xff,
    0xff, 0xff, 0xff, 0xff, 0xff, 0x4e, 0xe7, 0xff,
    0xff, 0xff, 0xff, 0xff, 0xff, 0xff, 0xff, 0xff,
    0xff, 0xff, 0xff, 0x5a, 0x35, 0x5c, 0x5c, 0x5c,
    0x5c, 0x5c, 0x5c, 0x5c, 0xd4, 0xff, 0xe6, 0x5c,
    0x5b, 0x12, 0x0, 0x0, 0x0, 0x0, 0x0, 0x0,
    0x0, 0x0, 0xbc, 0xff, 0xd8, 0x0, 0x0, 0x0,
    0x0, 0x0, 0x0, 0x0, 0x0, 0x0, 0x0, 0x0,
    0xbc, 0xff, 0xd8, 0x0, 0x0, 0x0, 0x0, 0x0,
    0x0, 0x0, 0x0, 0x0, 0x0, 0x0, 0xac, 0xff,
    0xc9, 0x0, 0x0, 0x0,

    /* U+0035 "5" */
    0x49, 0xff, 0xff, 0xff, 0xff, 0xff, 0xff, 0xff,
    0xff, 0xff, 0xfa, 0x16, 0x58, 0xff, 0xff, 0xff,
    0xff, 0xff, 0xff, 0xff, 0xff, 0xff, 0xff, 0x20,
    0x58, 0xff, 0xff, 0xb2, 0x80, 0x80, 0x80, 0x80,
    0x80, 0x80, 0x7a, 0x6, 0x58, 0xff, 0xff, 0x64,
    0x0, 0x0, 0x0, 0x0, 0x0, 0x0, 0x0, 0x0,
    0x58, 0xff, 0xff, 0x64, 0x0, 0x0, 0x0, 0x0,
    0x0, 0x0, 0x0, 0x0, 0x58, 0xff, 0xff, 0x64,
    0x0, 0x0, 0x0, 0x0, 0x0, 0x0, 0x0, 0x0,
    0x58, 0xff, 0xff, 0x64, 0x4, 0x24, 0x2c, 0x25,
    0x6, 0x0, 0x0, 0x0, 0x58, 0xff, 0xff, 0x96,
    0xe8, 0xff, 0xff, 0xff, 0xfd, 0xbb, 0x29, 0x0,
    0x58, 0xff, 0xff, 0xfd, 0xff, 0xff, 0xff, 0xff,
    0xff, 0xff, 0xea, 0xf, 0x53, 0xff, 0xff, 0xb8,
    0x1b, 0x0, 0x1, 0x1c, 0xb0, 0xff, 0xff, 0x63,
    0x5, 0x2b, 0x2b, 0x5, 0x0, 0x0, 0x0, 0x0,
    0x33, 0xff, 0xff, 0x86, 0x0, 0x0, 0x0, 0x0,
    0x0, 0x0, 0x0, 0x0, 0x1c, 0xff, 0xff, 0x8c,
    0x1d, 0x54, 0x50, 0x6, 0x0, 0x0, 0x0, 0x0,
    0x1c, 0xff, 0xff, 0x8c, 0x82, 0xff, 0xff, 0x33,
    0x0, 0x0, 0x0, 0x0, 0x1c, 0xff, 0xff, 0x8b,
    0x76, 0xff, 0xff, 0x55, 0x0, 0x0, 0x0, 0x0,
    0x3f, 0xff, 0xff, 0x7d, 0x3d, 0xff, 0xff, 0xe2,
    0x66, 0x48, 0x48, 0x62, 0xda, 0xff, 0xff, 0x43,
    0x0, 0xb4, 0xff, 0xff, 0xff, 0xff, 0xff, 0xff,
    0xff, 0xff, 0xb6, 0x0, 0x0, 0x7, 0x7f, 0xd9,
    0xfa, 0xff, 0xff, 0xfa, 0xda, 0x7f, 0x7, 0x0,

    /* U+0036 "6" */
    0x0, 0x2, 0x71, 0xd3, 0xf8, 0xff, 0xff, 0xff,
    0xff, 0xff, 0xdd, 0x0, 0x0, 0x9d, 0xff, 0xff,
    0xff, 0xff, 0xff, 0xff, 0xff, 0xff, 0xeb, 0x0,
    0x2b, 0xff, 0xff, 0xf2, 0x7f, 0x59, 0x58, 0x58,
    0x58, 0x58, 0x44, 0x0, 0x69, 0xff, 0xff, 0x72,
    0x0, 0x0, 0x0, 0x0, 0x0, 0x0, 0x0, 0x0,
    0x7a, 0xff, 0xff, 0x44, 0x0, 0x0, 0x0, 0x0,
    0x0, 0x0, 0x0, 0x0, 0x7c, 0xff, 0xff, 0x40,
    0x0, 0x0, 0x0, 0x0, 0x0, 0x0, 0x0, 0x0,
    0x7c, 0xff, 0xff, 0x40, 0x0, 0x0, 0x0, 0x0,
    0x0, 0x0, 0x0, 0x0, 0x7c, 0xff, 0xff, 0xff,
    0xff, 0xff, 0xff, 0xfe, 0xe9, 0xa7, 0x25, 0x0,
    0x7c, 0xff, 0xff, 0xff, 0xff, 0xff, 0xff, 0xff,
    0xff, 0xff, 0xee, 0x23, 0x7c, 0xff, 0xff, 0x7f,
    0x54, 0x54, 0x54, 0x61, 0xbe, 0xff, 0xff, 0xa0,
    0x7c, 0xff, 0xff, 0x40, 0x0, 0x0, 0x0, 0x0,
    0xb, 0xf2, 0xff, 0xde, 0x7c, 0xff, 0xff, 0x40,
    0x0, 0x0, 0x0, 0x0, 0x0, 0xd2, 0xff, 0xef,
    0x7c, 0xff, 0xff, 0x40, 0x0, 0x0, 0x0, 0x0,
    0x0, 0xd0, 0xff, 0xf0, 0x7b, 0xff, 0xff, 0x42,
    0x0, 0x0, 0x0, 0x0, 0x0, 0xd2, 0xff, 0xef,
    0x69, 0xff, 0xff, 0x6c, 0x0, 0x0, 0x0, 0x0,
    0xb, 0xf2, 0xff, 0xdd, 0x2b, 0xff, 0xff, 0xef,
    0x79, 0x55, 0x54, 0x60, 0xbe, 0xff, 0xff, 0x9f,
    0x0, 0x9d, 0xff, 0xff, 0xff, 0xff, 0xff, 0xff,
    0xff, 0xff, 0xee, 0x23, 0x0, 0x2, 0x72, 0xd4,
    0xf9, 0xff, 0xff, 0xfe, 0xea, 0xa8, 0x25, 0x0,

    /* U+0037 "7" */
    0x71, 0xff, 0xff, 0xff, 0xff, 0xff, 0xff, 0xff,
    0xff, 0xff, 0xe8, 0x7f, 0xff, 0xff, 0xff, 0xff,
    0xff, 0xff, 0xff, 0xff, 0xff, 0xf8, 0x2e, 0x7c,
    0x7c, 0x7c, 0x7c, 0x7c, 0x7c, 0x85, 0xff, 0xff,
    0xea, 0x0, 0x0, 0x0, 0x0, 0x0, 0x0, 0x0,
    0x60, 0xff, 0xff, 0x9f, 0x0, 0x0, 0x0, 0x0,
    0x0, 0x0, 0x0, 0xc6, 0xff, 0xff, 0x3a, 0x0,
    0x0, 0x0, 0x0, 0x0, 0x0, 0x2c, 0xff, 0xff,
    0xd4, 0x0, 0x0, 0x0, 0x0, 0x0, 0x0, 0x0,
    0x93, 0xff, 0xff, 0x6d, 0x0, 0x0, 0x0, 0x0,
    0x0, 0x0, 0x9, 0xef, 0xff, 0xf6, 0x10, 0x0,
    0x0, 0x0, 0x0, 0x0, 0x0, 0x5f, 0xff, 0xff,
    0xa1, 0x0, 0x0, 0x0, 0x0, 0x0, 0x0, 0x0,
    0xc6, 0xff, 0xff, 0x3a, 0x0, 0x0, 0x0, 0x0,
    0x0, 0x0, 0x2b, 0xff, 0xff, 0xd4, 0x0, 0x0,
    0x0, 0x0, 0x0, 0x0, 0x0, 0x92, 0xff, 0xff,
    0x6e, 0x0, 0x0, 0x0, 0x0, 0x0, 0x0, 0x9,
    0xee, 0xff, 0xf7, 0x11, 0x0, 0x0, 0x0, 0x0,
    0x0, 0x0, 0x5f, 0xff, 0xff, 0xa1, 0x0, 0x0,
    0x0, 0x0, 0x0, 0x0, 0x0, 0xc5, 0xff, 0xff,
    0x3b, 0x0, 0x0, 0x0, 0x0, 0x0, 0x0, 0x2a,
    0xff, 0xff, 0xd5, 0x0, 0x0, 0x0, 0x0, 0x0,
    0x0, 0x0, 0x91, 0xff, 0xff, 0x6e, 0x0, 0x0,
    0x0, 0x0, 0x0, 0x0, 0x0, 0xe9, 0xff, 0xe6,
    0x11, 0x0, 0x0, 0x0, 0x0, 0x0,

    /* U+0038 "8" */
    0x0, 0x1, 0x67, 0xce, 0xf7, 0xff, 0xff, 0xff,
    0xf5, 0xca, 0x5d, 0x0, 0x0, 0x0, 0x8d, 0xff,
    0xff, 0xff, 0xff, 0xff, 0xff, 0xff, 0xff, 0xff,
    0x79, 0x0, 0x1b, 0xfc, 0xff, 0xf4, 0x81, 0x5a,
    0x58, 0x5b, 0x88, 0xf9, 0xff, 0xf6, 0xc, 0x51,
    0xff, 0xff, 0x81, 0x0, 0x0, 0x0, 0x0, 0x0,
    0x96, 0xff, 0xff, 0x3c, 0x5f, 0xff, 0xff, 0x5a,
    0x0, 0x0, 0x0, 0x0, 0x0, 0x6e, 0xff, 0xff,
    0x4b, 0x5e, 0xff, 0xff, 0x58, 0x0, 0x0, 0x0,
    0x0, 0x0, 0x6c, 0xff, 0xff, 0x4a, 0x49, 0xff,
    0xff, 0x70, 0x0, 0x0, 0x0, 0x0, 0x0, 0x85,
    0xff, 0xff, 0x34, 0xe, 0xf4, 0xff, 0xdd, 0x2f,
    0x2, 0x0, 0x3, 0x37, 0xe8, 0xff, 0xe7, 0x4,
    0x0, 0x52, 0xf3, 0xff, 0xff, 0xff, 0xff, 0xff,
    0xff, 0xff, 0xf0, 0x46, 0x0, 0x0, 0x36, 0xdc,
    0xff, 0xff, 0xff, 0xff, 0xff, 0xff, 0xff, 0xd7,
    0x2e, 0x0, 0x8, 0xe9, 0xff, 0xe8, 0x52, 0x26,
    0x24, 0x27, 0x5a, 0xf0, 0xff, 0xde, 0x2, 0x46,
    0xff, 0xff, 0x76, 0x0, 0x0, 0x0, 0x0, 0x0,
    0x8b, 0xff, 0xff, 0x31, 0x5e, 0xff, 0xff, 0x58,
    0x0, 0x0, 0x0, 0x0, 0x0, 0x6c, 0xff, 0xff,
    0x49, 0x5f, 0xff, 0xff, 0x59, 0x0, 0x0, 0x0,
    0x0, 0x0, 0x6d, 0xff, 0xff, 0x4b, 0x53, 0xff,
    0xff, 0x7d, 0x0, 0x0, 0x0, 0x0, 0x0, 0x91,
    0xff, 0xff, 0x3e, 0x1f, 0xfe, 0xff, 0xf1, 0x7b,
    0x55, 0x54, 0x57, 0x82, 0xf7, 0xff, 0xf9, 0xf,
    0x0, 0x98, 0xff, 0xff, 0xff, 0xff, 0xff, 0xff,
    0xff, 0xff, 0xff, 0x83, 0x0, 0x0, 0x2, 0x6f,
    0xd1, 0xf8, 0xff, 0xff, 0xff, 0xf7, 0xcd, 0x65,
    0x0, 0x0,

    /* U+0039 "9" */
    0x0, 0xa, 0x87, 0xdc, 0xfa, 0xff, 0xff, 0xfc,
    0xe1, 0x94, 0x12, 0x0, 0x3, 0xc2, 0xff, 0xff,
    0xff, 0xff, 0xff, 0xff, 0xff, 0xff, 0xd6, 0xb,
    0x55, 0xff, 0xff, 0xe6, 0x73, 0x58, 0x58, 0x6b,
    0xd6, 0xff, 0xff, 0x70, 0x94, 0xff, 0xff, 0x4d,
    0x0, 0x0, 0x0, 0x0, 0x26, 0xff, 0xff, 0xb0,
    0xa6, 0xff, 0xff, 0x1f, 0x0, 0x0, 0x0, 0x0,
    0x0, 0xf7, 0xff, 0xc2, 0xa8, 0xff, 0xff, 0x1c,
    0x0, 0x0, 0x0, 0x0, 0x0, 0xf4, 0xff, 0xc4,
    0xa8, 0xff, 0xff, 0x1c, 0x0, 0x0, 0x0, 0x0,
    0x0, 0xf4, 0xff, 0xc4, 0x9f, 0xff, 0xff, 0x32,
    0x0, 0x0, 0x0, 0x0, 0x0, 0xf4, 0xff, 0xc4,
    0x75, 0xff, 0xff, 0xb3, 0x1a, 0x0, 0x0, 0x0,
    0x0, 0xf4, 0xff, 0xc4, 0x18, 0xf0, 0xff, 0xff,
    0xff, 0xff, 0xff, 0xff, 0xff, 0xff, 0xff, 0xc4,
    0x0, 0x3c, 0xe0, 0xff, 0xff, 0xff, 0xff, 0xff,
    0xff, 0xff, 0xff, 0xc4, 0x0, 0x0, 0x4, 0x39,
    0x57, 0x5c, 0x5c, 0x5c, 0x5c, 0xfa, 0xff, 0xc4,
    0x0, 0x0, 0x0, 0x0, 0x0, 0x0, 0x0, 0x0,
    0x0, 0xf8, 0xff, 0xc4, 0x0, 0x0, 0x0, 0x0,
    0x0, 0x0, 0x0, 0x0, 0x0, 0xfa, 0xff, 0xc2,
    0x0, 0x0, 0x0, 0x0, 0x0, 0x0, 0x0, 0x0,
    0x25, 0xff, 0xff, 0xb0, 0x0, 0x36, 0x54, 0x54,
    0x54, 0x54, 0x54, 0x66, 0xd2, 0xff, 0xff, 0x70,
    0x0, 0xcf, 0xff, 0xff, 0xff, 0xff, 0xff, 0xff,
    0xff, 0xff, 0xd6, 0xb, 0x0, 0xc0, 0xff, 0xff,
    0xff, 0xff, 0xff, 0xfd, 0xe3, 0x95, 0x13, 0x0,

    /* U+003A ":" */
    0x91, 0xff, 0xfd, 0x29, 0xa0, 0xff, 0xff, 0x34,
    0xa0, 0xff, 0xff, 0x34, 0x9d, 0xff, 0xff, 0x32,
    0x1b, 0x40, 0x3d, 0x4, 0x0, 0x0, 0x0, 0x0,
    0x0, 0x0, 0x0, 0x0, 0x0, 0x0, 0x0, 0x0,
    0x0, 0x0, 0x0, 0x0, 0x1c, 0x40, 0x3d, 0x4,
    0x9e, 0xff, 0xff, 0x32, 0xa0, 0xff, 0xff, 0x34,
    0xa0, 0xff, 0xff, 0x34, 0x91, 0xff, 0xfd, 0x29,

    /* U+003B ";" */
    0x91, 0xff, 0xfd, 0x29, 0xa0, 0xff, 0xff, 0x34,
    0xa0, 0xff, 0xff, 0x34, 0x9d, 0xff, 0xff, 0x32,
    0x1b, 0x40, 0x3d, 0x4, 0x0, 0x0, 0x0, 0x0,
    0x0, 0x0, 0x0, 0x0, 0x0, 0x0, 0x0, 0x0,
    0x0, 0x0, 0x0, 0x0, 0xb, 0x20, 0x1d, 0x0,
    0x9b, 0xff, 0xff, 0x2f, 0xa0, 0xff, 0xff, 0x34,
    0xa0, 0xff, 0xff, 0x2c, 0xa0, 0xff, 0xe8, 0x5,
    0xa0, 0xff, 0x72, 0x0, 0xa0, 0xdd, 0x6, 0x0,
    0x91, 0x50, 0x0, 0x0,

    /* U+003C "<" */
    0x0, 0x0, 0x0, 0x0, 0x0, 0x0, 0x0, 0x0,
    0x0, 0x0, 0x0, 0x0, 0x0, 0x0, 0x0, 0x0,
    0x0, 0x0, 0x0, 0x0, 0x0, 0x0, 0x18, 0x6b,
    0xc0, 0x4a, 0x0, 0x0, 0x0, 0x0, 0x0, 0x0,
    0x15, 0x68, 0xbe, 0xfd, 0xff, 0xff, 0x5b, 0x0,
    0x0, 0x0, 0x13, 0x64, 0xbb, 0xfc, 0xff, 0xff,
    0xff, 0xe3, 0x97, 0x17, 0x0, 0x55, 0xb7, 0xfb,
    0xff, 0xff, 0xfe, 0xc9, 0x7d, 0x30, 0x0, 0x0,
    0x0, 0x10, 0xff, 0xff, 0xf3, 0xaf, 0x62, 0x17,
    0x0, 0x0, 0x0, 0x0, 0x0, 0x0, 0x14, 0xff,
    0xff, 0xd7, 0x87, 0x3b, 0x3, 0x0, 0x0, 0x0,
    0x0, 0x0, 0x0, 0x0, 0x7d, 0xdf, 0xff, 0xff,
    0xff, 0xec, 0xa4, 0x59, 0x11, 0x0, 0x0, 0x0,
    0x0, 0x0, 0x0, 0x36, 0x8c, 0xe1, 0xff, 0xff,
    0xff, 0xfc, 0xc2, 0x76, 0xd, 0x0, 0x0, 0x0,
    0x0, 0x0, 0x0, 0x38, 0x8e, 0xe3, 0xff, 0xff,
    0xff, 0x58, 0x0, 0x0, 0x0, 0x0, 0x0, 0x0,
    0x0, 0x0, 0x1, 0x3b, 0x91, 0xe4, 0x56, 0x0,
    0x0, 0x0, 0x0, 0x0, 0x0, 0x0, 0x0, 0x0,
    0x0, 0x0, 0x0, 0x1,

    /* U+003D "=" */
    0x20, 0x2c, 0x2c, 0x2c, 0x2c, 0x2c, 0x2c, 0x2c,
    0x2c, 0x2c, 0x2b, 0x9, 0xf8, 0xff, 0xff, 0xff,
    0xff, 0xff, 0xff, 0xff, 0xff, 0xff, 0xff, 0x73,
    0xed, 0xff, 0xff, 0xff, 0xff, 0xff, 0xff, 0xff,
    0xff, 0xff, 0xff, 0x67, 0x0, 0x0, 0x0, 0x0,
    0x0, 0x0, 0x0, 0x0, 0x0, 0x0, 0x0, 0x0,
    0x0, 0x0, 0x0, 0x0, 0x0, 0x0, 0x0, 0x0,
    0x0, 0x0, 0x0, 0x0, 0x22, 0x30, 0x30, 0x30,
    0x30, 0x30, 0x30, 0x30, 0x30, 0x30, 0x2f, 0xa,
    0xf7, 0xff, 0xff, 0xff, 0xff, 0xff, 0xff, 0xff,
    0xff, 0xff, 0xff, 0x73, 0xe9, 0xff, 0xff, 0xff,
    0xff, 0xff, 0xff, 0xff, 0xff, 0xff, 0xff, 0x66,

    /* U+003E ">" */
    0x0, 0x0, 0x0, 0x0, 0x0, 0x0, 0x0, 0x0,
    0x0, 0x0, 0x0, 0x0, 0xcc, 0x8b, 0x35, 0x0,
    0x0, 0x0, 0x0, 0x0, 0x0, 0x0, 0x0, 0x0,
    0xfb, 0xff, 0xff, 0xde, 0x87, 0x31, 0x0, 0x0,
    0x0, 0x0, 0x0, 0x0, 0x6c, 0xc7, 0xfd, 0xff,
    0xff, 0xff, 0xda, 0x84, 0x2d, 0x0, 0x0, 0x0,
    0x0, 0x0, 0x16, 0x61, 0xae, 0xf3, 0xff, 0xff,
    0xff, 0xd6, 0x7f, 0xe, 0x0, 0x0, 0x0, 0x0,
    0x0, 0x7, 0x47, 0x94, 0xe0, 0xff, 0xff, 0x70,
    0x0, 0x0, 0x0, 0x0, 0x0, 0x0, 0x21, 0x6d,
    0xb8, 0xfd, 0xff, 0x74, 0x0, 0x0, 0x3, 0x3d,
    0x89, 0xd5, 0xff, 0xff, 0xff, 0xf4, 0xa7, 0x1d,
    0x4e, 0xa6, 0xee, 0xff, 0xff, 0xff, 0xf5, 0xab,
    0x55, 0xa, 0x0, 0x0, 0xf9, 0xff, 0xff, 0xf7,
    0xae, 0x58, 0xb, 0x0, 0x0, 0x0, 0x0, 0x0,
    0xee, 0xb1, 0x5b, 0xd, 0x0, 0x0, 0x0, 0x0,
    0x0, 0x0, 0x0, 0x0, 0x1, 0x0, 0x0, 0x0,
    0x0, 0x0, 0x0, 0x0, 0x0, 0x0, 0x0, 0x0,

    /* U+003F "?" */
    0x0, 0x7, 0x81, 0xd9, 0xfa, 0xff, 0xfb, 0xde,
    0x8a, 0xb, 0x0, 0x1, 0xb8, 0xff, 0xff, 0xff,
    0xff, 0xff, 0xff, 0xff, 0xc6, 0x4, 0x45, 0xff,
    0xff, 0xde, 0x63, 0x48, 0x5e, 0xd0, 0xff, 0xff,
    0x5a, 0x82, 0xff, 0xff, 0x4f, 0x0, 0x0, 0x0,
    0x25, 0xff, 0xff, 0x98, 0x93, 0xff, 0xff, 0x2d,
    0x0, 0x0, 0x0, 0x2, 0xfe, 0xff, 0xaa, 0x51,
    0xa8, 0xa3, 0x11, 0x0, 0x0, 0x0, 0x3b, 0xff,
    0xff, 0x95, 0x0, 0x0, 0x0, 0x0, 0x0, 0x0,
    0x24, 0xe1, 0xff, 0xfc, 0x34, 0x0, 0x0, 0x0,
    0x0, 0x0, 0x3d, 0xec, 0xff, 0xf8, 0x5b, 0x0,
    0x0, 0x0, 0x0, 0x0, 0x2e, 0xf5, 0xff, 0xe5,
    0x37, 0x0, 0x0, 0x0, 0x0, 0x0, 0x0, 0xa0,
    0xff, 0xfe, 0x28, 0x0, 0x0, 0x0, 0x0, 0x0,
    0x0, 0x0, 0xc0, 0xff, 0xe5, 0x0, 0x0, 0x0,
    0x0, 0x0, 0x0, 0x0, 0x0, 0x9c, 0xe0, 0xb4,
    0x0, 0x0, 0x0, 0x0, 0x0, 0x0, 0x0, 0x0,
    0x0, 0x0, 0x0, 0x0, 0x0, 0x0, 0x0, 0x0,
    0x0, 0x0, 0x0, 0x30, 0x40, 0x2e, 0x0, 0x0,
    0x0, 0x0, 0x0, 0x0, 0x0, 0x0, 0xee, 0xff,
    0xe2, 0x0, 0x0, 0x0, 0x0, 0x0, 0x0, 0x0,
    0x0, 0xf0, 0xff, 0xe4, 0x0, 0x0, 0x0, 0x0,
    0x0, 0x0, 0x0, 0x0, 0xf0, 0xff, 0xe4, 0x0,
    0x0, 0x0, 0x0, 0x0, 0x0, 0x0, 0x0, 0xe0,
    0xff, 0xd6, 0x0, 0x0, 0x0, 0x0,

    /* U+0040 "@" */
    0x0, 0x0, 0x0, 0x0, 0x45, 0xab, 0xe4, 0xfb,
    0xff, 0xff, 0xff, 0xff, 0xff, 0xfa, 0xdc, 0x90,
    0x16, 0x0, 0x0, 0x0, 0x0, 0xa, 0xa7, 0xff,
    0xf7, 0xbf, 0xa2, 0x9c, 0x9c, 0x9c, 0x9c, 0x9c,
    0xac, 0xdc, 0xff, 0xe7, 0x26, 0x0, 0x0, 0x1,
    0xb0, 0xff, 0x9a, 0x13, 0x0, 0x0, 0x0, 0x0,
    0x0, 0x0, 0x0, 0x0, 0x2, 0x6e, 0xff, 0xc7,
    0x0, 0x0, 0x5b, 0xff, 0x93, 0x0, 0x0, 0x0,
    0x0, 0x7, 0x10, 0x10, 0x10, 0x10, 0x8, 0x0,
    0x0, 0xb0, 0xff, 0x22, 0x0, 0xc6, 0xef, 0xd,
    0x0, 0x0, 0x5b, 0xd8, 0xff, 0xff, 0xff, 0xff,
    0xff, 0xdc, 0x0, 0x0, 0x77, 0xff, 0x40, 0x6,
    0xfc, 0xad, 0x0, 0x0, 0x5f, 0xff, 0xff, 0xff,
    0xff, 0xff, 0xff, 0xff, 0xe4, 0x0, 0x0, 0x6c,
    0xff, 0x44, 0x1a, 0xff, 0x8e, 0x0, 0x0, 0xdf,
    0xff, 0xca, 0x25, 0x1, 0x0, 0x5d, 0xff, 0xe4,
    0x0, 0x0, 0x6c, 0xff, 0x44, 0x20, 0xff, 0x88,
    0x0, 0x14, 0xff, 0xff, 0x59, 0x0, 0x0, 0x0,
    0x58, 0xff, 0xe4, 0x0, 0x0, 0x6c, 0xff, 0x44,
    0x20, 0xff, 0x88, 0x0, 0x1f, 0xff, 0xff, 0x48,
    0x0, 0x0, 0x0, 0x58, 0xff, 0xe4, 0x0, 0x0,
    0x6c, 0xff, 0x44, 0x20, 0xff, 0x88, 0x0, 0x20,
    0xff, 0xff, 0x48, 0x0, 0x0, 0x0, 0x59, 0xff,
    0xe4, 0x0, 0x0, 0x6c, 0xff, 0x44, 0x20, 0xff,
    0x88, 0x0, 0x17, 0xff, 0xff, 0x5b, 0x0, 0x0,
    0x0, 0x7a, 0xff, 0xe4, 0x0, 0x0, 0x77, 0xff,
    0x3f, 0x1c, 0xff, 0x8f, 0x0, 0x0, 0xe6, 0xff,
    0xd1, 0x34, 0x18, 0x4e, 0xeb, 0xff, 0xe4, 0x0,
    0x5, 0xc5, 0xfe, 0x1a, 0x7, 0xfe, 0xaf, 0x0,
    0x0, 0x6b, 0xff, 0xff, 0xff, 0xff, 0xff, 0xdb,
    0xff, 0xfb, 0xad, 0xde, 0xff, 0x9c, 0x0, 0x0,
    0xcc, 0xf2, 0x10, 0x0, 0x0, 0x61, 0xd4, 0xfa,
    0xe9, 0x92, 0x25, 0xd8, 0xff, 0xfb, 0xd6, 0x73,
    0x3, 0x0, 0x0, 0x63, 0xff, 0x9f, 0x0, 0x0,
    0x0, 0x0, 0x0, 0x0, 0x0, 0x0, 0x0, 0x0,
    0x0, 0x0, 0x0, 0x0, 0x0, 0x0, 0x2, 0xb5,
    0xff, 0xaa, 0x1e, 0x0, 0x0, 0x0, 0x0, 0x0,
    0x0, 0x0, 0x0, 0x0, 0x0, 0x0, 0x0, 0x0,
    0x0, 0x0, 0x9, 0xa0, 0xff, 0xfc, 0xc9, 0xa8,
    0xa0, 0xa0, 0xa0, 0xa0, 0xa0, 0x3c, 0x0, 0x0,
    0x0, 0x0, 0x0, 0x0, 0x0, 0x0, 0x0, 0x39,
    0x9f, 0xdd, 0xf7, 0xff, 0xff, 0xff, 0xff, 0xff,
    0x69, 0x0, 0x0, 0x0, 0x0, 0x0,

    /* U+0041 "A" */
    0x0, 0x0, 0x0, 0x0, 0x0, 0x5b, 0xfd, 0xff,
    0xff, 0xb0, 0x0, 0x0, 0x0, 0x0, 0x0, 0x0,
    0x0, 0x0, 0x0, 0x0, 0xb2, 0xff, 0xff, 0xff,
    0xfb, 0xe, 0x0, 0x0, 0x0, 0x0, 0x0, 0x0,
    0x0, 0x0, 0x6, 0xf4, 0xff, 0xff, 0xff, 0xff,
    0x52, 0x0, 0x0, 0x0, 0x0, 0x0, 0x0, 0x0,
    0x0, 0x44, 0xff, 0xff, 0x9a, 0xff, 0xff, 0x9b,
    0x0, 0x0, 0x0, 0x0, 0x0, 0x0, 0x0, 0x0,
    0x8d, 0xff, 0xff, 0x31, 0xd9, 0xff, 0xe4, 0x0,
    0x0, 0x0, 0x0, 0x0, 0x0, 0x0, 0x0, 0xd6,
    0xff, 0xe8, 0x1, 0x90, 0xff, 0xff, 0x2d, 0x0,
    0x0, 0x0, 0x0, 0x0, 0x0, 0x1f, 0xff, 0xff,
    0xa2, 0x0, 0x48, 0xff, 0xff, 0x76, 0x0, 0x0,
    0x0, 0x0, 0x0, 0x0, 0x68, 0xff, 0xff, 0x5b,
    0x0, 0x8, 0xf6, 0xff, 0xbf, 0x0, 0x0, 0x0,
    0x0, 0x0, 0x0, 0xb2, 0xff, 0xfe, 0x15, 0x0,
    0x0, 0xb7, 0xff, 0xfa, 0xe, 0x0, 0x0, 0x0,
    0x0, 0x6, 0xf4, 0xff, 0xcc, 0x0, 0x0, 0x0,
    0x6f, 0xff, 0xff, 0x52, 0x0, 0x0, 0x0, 0x0,
    0x44, 0xff, 0xff, 0x84, 0x0, 0x0, 0x0, 0x26,
    0xff, 0xff, 0x9b, 0x0, 0x0, 0x0, 0x0, 0x8d,
    0xff, 0xff, 0x6a, 0x34, 0x34, 0x34, 0x34, 0xea,
    0xff, 0xe3, 0x0, 0x0, 0x0, 0x0, 0xd6, 0xff,
    0xff, 0xff, 0xff, 0xff, 0xff, 0xff, 0xff, 0xff,
    0xff, 0x2d, 0x0, 0x0, 0x1f, 0xff, 0xff, 0xff,
    0xff, 0xff, 0xff, 0xff, 0xff, 0xff, 0xff, 0xff,
    0x76, 0x0, 0x0, 0x68, 0xff, 0xff, 0x70, 0x0,
    0x0, 0x0, 0x0, 0x0, 0x1b, 0xfe, 0xff, 0xbf,
    0x0, 0x0, 0xb1, 0xff, 0xff, 0x24, 0x0, 0x0,
    0x0, 0x0, 0x0, 0x0, 0xcc, 0xff, 0xfa, 0xd,
    0x6, 0xf3, 0xff, 0xd6, 0x0, 0x0, 0x0, 0x0,
    0x0, 0x0, 0x0, 0x7f, 0xff, 0xff, 0x51, 0x35,
    0xff, 0xff, 0x80, 0x0, 0x0, 0x0, 0x0, 0x0,
    0x0, 0x0, 0x2e, 0xfc, 0xff, 0x8c,

    /* U+0042 "B" */
    0xe5, 0xff, 0xff, 0xff, 0xff, 0xff, 0xff, 0xf8,
    0xd5, 0x76, 0x3, 0x0, 0xf4, 0xff, 0xff, 0xff,
    0xff, 0xff, 0xff, 0xff, 0xff, 0xff, 0xa6, 0x0,
    0xf4, 0xff, 0xda, 0x48, 0x48, 0x48, 0x49, 0x69,
    0xe5, 0xff, 0xff, 0x35, 0xf4, 0xff, 0xc4, 0x0,
    0x0, 0x0, 0x0, 0x0, 0x54, 0xff, 0xff, 0x74,
    0xf4, 0xff, 0xc4, 0x0, 0x0, 0x0, 0x0, 0x0,
    0x2a, 0xff, 0xff, 0x86, 0xf4, 0xff, 0xc4, 0x0,
    0x0, 0x0, 0x0, 0x0, 0x29, 0xff, 0xff, 0x86,
    0xf4, 0xff, 0xc4, 0x0, 0x0, 0x0, 0x0, 0x0,
    0x4e, 0xff, 0xff, 0x6d, 0xf4, 0xff, 0xd4, 0x30,
    0x30, 0x30, 0x31, 0x53, 0xdb, 0xff, 0xf5, 0x1b,
    0xf4, 0xff, 0xff, 0xff, 0xff, 0xff, 0xff, 0xff,
    0xff, 0xcf, 0x39, 0x0, 0xf4, 0xff, 0xff, 0xff,
    0xff, 0xff, 0xff, 0xff, 0xff, 0xf7, 0x8d, 0x2,
    0xf4, 0xff, 0xc9, 0x0, 0x0, 0x0, 0x0, 0x16,
    0x92, 0xff, 0xff, 0x63, 0xf4, 0xff, 0xc4, 0x0,
    0x0, 0x0, 0x0, 0x0, 0x4, 0xf9, 0xff, 0xac,
    0xf4, 0xff, 0xc4, 0x0, 0x0, 0x0, 0x0, 0x0,
    0x0, 0xe8, 0xff, 0xc0, 0xf4, 0xff, 0xc4, 0x0,
    0x0, 0x0, 0x0, 0x0, 0x0, 0xe9, 0xff, 0xbf,
    0xf4, 0xff, 0xc4, 0x0, 0x0, 0x0, 0x0, 0x0,
    0x12, 0xfd, 0xff, 0xaf, 0xf4, 0xff, 0xd9, 0x48,
    0x48, 0x48, 0x48, 0x59, 0xc4, 0xff, 0xff, 0x73,
    0xf4, 0xff, 0xff, 0xff, 0xff, 0xff, 0xff, 0xff,
    0xff, 0xff, 0xd9, 0xd, 0xe5, 0xff, 0xff, 0xff,
    0xff, 0xff, 0xff, 0xfd, 0xe4, 0x97, 0x14, 0x0,

    /* U+0043 "C" */
    0x0, 0x0, 0x4e, 0xc3, 0xf3, 0xff, 0xff, 0xff,
    0xfb, 0xde, 0x8c, 0xc, 0x0, 0x0, 0x61, 0xff,
    0xff, 0xff, 0xff, 0xff, 0xff, 0xff, 0xff, 0xff,
    0xc9, 0x5, 0x2, 0xe8, 0xff, 0xfe, 0x95, 0x5d,
    0x58, 0x58, 0x70, 0xdf, 0xff, 0xff, 0x5e, 0x29,
    0xff, 0xff, 0xab, 0x0, 0x0, 0x0, 0x0, 0x0,
    0x3c, 0xff, 0xff, 0x9c, 0x3a, 0xff, 0xff, 0x7e,
    0x0, 0x0, 0x0, 0x0, 0x0, 0xf, 0xff, 0xff,
    0xae, 0x3c, 0xff, 0xff, 0x7c, 0x0, 0x0, 0x0,
    0x0, 0x0, 0x8, 0xfe, 0xff, 0xab, 0x3c, 0xff,
    0xff, 0x7c, 0x0, 0x0, 0x0, 0x0, 0x0, 0x0,
    0x23, 0x2c, 0x12, 0x3c, 0xff, 0xff, 0x7c, 0x0,
    0x0, 0x0, 0x0, 0x0, 0x0, 0x0, 0x0, 0x0,
    0x3c, 0xff, 0xff, 0x7c, 0x0, 0x0, 0x0, 0x0,
    0x0, 0x0, 0x0, 0x0, 0x0, 0x3c, 0xff, 0xff,
    0x7c, 0x0, 0x0, 0x0, 0x0, 0x0, 0x0, 0x0,
    0x0, 0x0, 0x3c, 0xff, 0xff, 0x7c, 0x0, 0x0,
    0x0, 0x0, 0x0, 0x0, 0x0, 0x0, 0x0, 0x3c,
    0xff, 0xff, 0x7c, 0x0, 0x0, 0x0, 0x0, 0x0,
    0x0, 0x1f, 0x28, 0x10, 0x3c, 0xff, 0xff, 0x7c,
    0x0, 0x0, 0x0, 0x0, 0x0, 0x8, 0xfe, 0xff,
    0xab, 0x3b, 0xff, 0xff, 0x7e, 0x0, 0x0, 0x0,
    0x0, 0x0, 0xf, 0xff, 0xff, 0xae, 0x29, 0xff,
    0xff, 0xa9, 0x0, 0x0, 0x0, 0x0, 0x0, 0x3a,
    0xff, 0xff, 0x9c, 0x2, 0xe8, 0xff, 0xfd, 0x90,
    0x58, 0x54, 0x54, 0x6b, 0xdc, 0xff, 0xff, 0x5d,
    0x0, 0x60, 0xff, 0xff, 0xff, 0xff, 0xff, 0xff,
    0xff, 0xff, 0xff, 0xc9, 0x5, 0x0, 0x0, 0x4f,
    0xc4, 0xf4, 0xff, 0xff, 0xff, 0xfc, 0xdf, 0x8c,
    0xc, 0x0,

    /* U+0044 "D" */
    0xe5, 0xff, 0xff, 0xff, 0xff, 0xff, 0xff, 0xfc,
    0xe1, 0x93, 0x12, 0x0, 0xf4, 0xff, 0xff, 0xff,
    0xff, 0xff, 0xff, 0xff, 0xff, 0xff, 0xd6, 0xc,
    0xf4, 0xff, 0xdd, 0x58, 0x58, 0x58, 0x58, 0x6b,
    0xd6, 0xff, 0xff, 0x73, 0xf4, 0xff, 0xc4, 0x0,
    0x0, 0x0, 0x0, 0x0, 0x28, 0xff, 0xff, 0xb4,
    0xf4, 0xff, 0xc4, 0x0, 0x0, 0x0, 0x0, 0x0,
    0x0, 0xfa, 0xff, 0xc6, 0xf4, 0xff, 0xc4, 0x0,
    0x0, 0x0, 0x0, 0x0, 0x0, 0xf8, 0xff, 0xc8,
    0xf4, 0xff, 0xc4, 0x0, 0x0, 0x0, 0x0, 0x0,
    0x0, 0xf8, 0xff, 0xc8, 0xf4, 0xff, 0xc4, 0x0,
    0x0, 0x0, 0x0, 0x0, 0x0, 0xf8, 0xff, 0xc8,
    0xf4, 0xff, 0xc4, 0x0, 0x0, 0x0, 0x0, 0x0,
    0x0, 0xf8, 0xff, 0xc8, 0xf4, 0xff, 0xc4, 0x0,
    0x0, 0x0, 0x0, 0x0, 0x0, 0xf8, 0xff, 0xc8,
    0xf4, 0xff, 0xc4, 0x0, 0x0, 0x0, 0x0, 0x0,
    0x0, 0xf8, 0xff, 0xc8, 0xf4, 0xff, 0xc4, 0x0,
    0x0, 0x0, 0x0, 0x0, 0x0, 0xf8, 0xff, 0xc8,
    0xf4, 0xff, 0xc4, 0x0, 0x0, 0x0, 0x0, 0x0,
    0x0, 0xf8, 0xff, 0xc8, 0xf4, 0xff, 0xc4, 0x0,
    0x0, 0x0, 0x0, 0x0, 0x0, 0xfa, 0xff, 0xc6,
    0xf4, 0xff, 0xc4, 0x0, 0x0, 0x0, 0x0, 0x0,
    0x26, 0xff, 0xff, 0xb4, 0xf4, 0xff, 0xdd, 0x54,
    0x54, 0x54, 0x54, 0x66, 0xd3, 0xff, 0xff, 0x73,
    0xf4, 0xff, 0xff, 0xff, 0xff, 0xff, 0xff, 0xff,
    0xff, 0xff, 0xd6, 0xc, 0xe5, 0xff, 0xff, 0xff,
    0xff, 0xff, 0xff, 0xfc, 0xe2, 0x94, 0x12, 0x0,

    /* U+0045 "E" */
    0xe5, 0xff, 0xff, 0xff, 0xff, 0xff, 0xff, 0xff,
    0xff, 0xde, 0xf4, 0xff, 0xff, 0xff, 0xff, 0xff,
    0xff, 0xff, 0xff, 0xeb, 0xf4, 0xff, 0xde, 0x58,
    0x58, 0x58, 0x58, 0x58, 0x58, 0x44, 0xf4, 0xff,
    0xc4, 0x0, 0x0, 0x0, 0x0, 0x0, 0x0, 0x0,
    0xf4, 0xff, 0xc4, 0x0, 0x0, 0x0, 0x0, 0x0,
    0x0, 0x0, 0xf4, 0xff, 0xc4, 0x0, 0x0, 0x0,
    0x0, 0x0, 0x0, 0x0, 0xf4, 0xff, 0xc4, 0x0,
    0x0, 0x0, 0x0, 0x0, 0x0, 0x0, 0xf4, 0xff,
    0xca, 0x0, 0x0, 0x0, 0x0, 0x0, 0x0, 0x0,
    0xf4, 0xff, 0xff, 0xff, 0xff, 0xff, 0xff, 0xff,
    0xf0, 0x0, 0xf4, 0xff, 0xff, 0xff, 0xff, 0xff,
    0xff, 0xff, 0xff, 0x0, 0xf4, 0xff, 0xdd, 0x54,
    0x54, 0x54, 0x54, 0x54, 0x45, 0x0, 0xf4, 0xff,
    0xc4, 0x0, 0x0, 0x0, 0x0, 0x0, 0x0, 0x0,
    0xf4, 0xff, 0xc4, 0x0, 0x0, 0x0, 0x0, 0x0,
    0x0, 0x0, 0xf4, 0xff, 0xc4, 0x0, 0x0, 0x0,
    0x0, 0x0, 0x0, 0x0, 0xf4, 0xff, 0xc4, 0x0,
    0x0, 0x0, 0x0, 0x0, 0x0, 0x0, 0xf4, 0xff,
    0xdd, 0x54, 0x54, 0x54, 0x54, 0x54, 0x54, 0x41,
    0xf4, 0xff, 0xff, 0xff, 0xff, 0xff, 0xff, 0xff,
    0xff, 0xeb, 0xe5, 0xff, 0xff, 0xff, 0xff, 0xff,
    0xff, 0xff, 0xff, 0xde,

    /* U+0046 "F" */
    0xe5, 0xff, 0xff, 0xff, 0xff, 0xff, 0xff, 0xff,
    0xff, 0xb9, 0xf4, 0xff, 0xff, 0xff, 0xff, 0xff,
    0xff, 0xff, 0xff, 0xc7, 0xf4, 0xff, 0xde, 0x58,
    0x58, 0x58, 0x58, 0x58, 0x58, 0x37, 0xf4, 0xff,
    0xc4, 0x0, 0x0, 0x0, 0x0, 0x0, 0x0, 0x0,
    0xf4, 0xff, 0xc4, 0x0, 0x0, 0x0, 0x0, 0x0,
    0x0, 0x0, 0xf4, 0xff, 0xc4, 0x0, 0x0, 0x0,
    0x0, 0x0, 0x0, 0x0, 0xf4, 0xff, 0xc4, 0x0,
    0x0, 0x0, 0x0, 0x0, 0x0, 0x0, 0xf4, 0xff,
    0xc4, 0x0, 0x0, 0x0, 0x0, 0x0, 0x0, 0x0,
    0xf4, 0xff, 0xde, 0x54, 0x54, 0x54, 0x54, 0x54,
    0x45, 0x0, 0xf4, 0xff, 0xff, 0xff, 0xff, 0xff,
    0xff, 0xff, 0xff, 0x0, 0xf4, 0xff, 0xff, 0xff,
    0xff, 0xff, 0xff, 0xff, 0xf0, 0x0, 0xf4, 0xff,
    0xc9, 0x0, 0x0, 0x0, 0x0, 0x0, 0x0, 0x0,
    0xf4, 0xff, 0xc4, 0x0, 0x0, 0x0, 0x0, 0x0,
    0x0, 0x0, 0xf4, 0xff, 0xc4, 0x0, 0x0, 0x0,
    0x0, 0x0, 0x0, 0x0, 0xf4, 0xff, 0xc4, 0x0,
    0x0, 0x0, 0x0, 0x0, 0x0, 0x0, 0xf4, 0xff,
    0xc4, 0x0, 0x0, 0x0, 0x0, 0x0, 0x0, 0x0,
    0xf4, 0xff, 0xc4, 0x0, 0x0, 0x0, 0x0, 0x0,
    0x0, 0x0, 0xe5, 0xff, 0xb5, 0x0, 0x0, 0x0,
    0x0, 0x0, 0x0, 0x0,

    /* U+0047 "G" */
    0x0, 0x0, 0x4e, 0xc3, 0xf3, 0xff, 0xff, 0xff,
    0xf7, 0xd0, 0x68, 0x0, 0x0, 0x0, 0x61, 0xff,
    0xff, 0xff, 0xff, 0xff, 0xff, 0xff, 0xff, 0xff,
    0x89, 0x0, 0x2, 0xe8, 0xff, 0xfe, 0x95, 0x5d,
    0x58, 0x59, 0x82, 0xf5, 0xff, 0xfb, 0x1b, 0x29,
    0xff, 0xff, 0xab, 0x0, 0x0, 0x0, 0x0, 0x0,
    0x7d, 0xff, 0xff, 0x58, 0x3a, 0xff, 0xff, 0x7e,
    0x0, 0x0, 0x0, 0x0, 0x0, 0x4d, 0xff, 0xff,
    0x6d, 0x3c, 0xff, 0xff, 0x7c, 0x0, 0x0, 0x0,
    0x0, 0x0, 0x3a, 0xfe, 0xff, 0x62, 0x3c, 0xff,
    0xff, 0x7c, 0x0, 0x0, 0x0, 0x0, 0x0, 0x0,
    0x3, 0x3, 0x0, 0x3c, 0xff, 0xff, 0x7c, 0x0,
    0x0, 0x0, 0x0, 0x0, 0x0, 0x0, 0x0, 0x0,
    0x3c, 0xff, 0xff, 0x7c, 0x0, 0x0, 0xf, 0x53,
    0x54, 0x54, 0x54, 0x53, 0x12, 0x3c, 0xff, 0xff,
    0x7c, 0x0, 0x0, 0x53, 0xff, 0xff, 0xff, 0xff,
    0xff, 0x6d, 0x3c, 0xff, 0xff, 0x7c, 0x0, 0x0,
    0x46, 0xff, 0xff, 0xff, 0xff, 0xff, 0x70, 0x3c,
    0xff, 0xff, 0x7c, 0x0, 0x0, 0x0, 0x0, 0x0,
    0x4d, 0xff, 0xff, 0x70, 0x3c, 0xff, 0xff, 0x7c,
    0x0, 0x0, 0x0, 0x0, 0x0, 0x48, 0xff, 0xff,
    0x70, 0x3b, 0xff, 0xff, 0x7e, 0x0, 0x0, 0x0,
    0x0, 0x0, 0x49, 0xff, 0xff, 0x6f, 0x29, 0xff,
    0xff, 0xa9, 0x0, 0x0, 0x0, 0x0, 0x0, 0x72,
    0xff, 0xff, 0x5f, 0x2, 0xe8, 0xff, 0xfd, 0x90,
    0x58, 0x54, 0x55, 0x7a, 0xf0, 0xff, 0xfe, 0x25,
    0x0, 0x60, 0xff, 0xff, 0xff, 0xff, 0xff, 0xff,
    0xff, 0xff, 0xff, 0x96, 0x0, 0x0, 0x0, 0x4f,
    0xc4, 0xf4, 0xff, 0xff, 0xff, 0xf9, 0xd2, 0x6e,
    0x1, 0x0,

    /* U+0048 "H" */
    0xe5, 0xff, 0xb4, 0x0, 0x0, 0x0, 0x0, 0x0,
    0x0, 0xa8, 0xff, 0xf4, 0x4, 0xf4, 0xff, 0xc4,
    0x0, 0x0, 0x0, 0x0, 0x0, 0x0, 0xb8, 0xff,
    0xff, 0x8, 0xf4, 0xff, 0xc4, 0x0, 0x0, 0x0,
    0x0, 0x0, 0x0, 0xb8, 0xff, 0xff, 0x8, 0xf4,
    0xff, 0xc4, 0x0, 0x0, 0x0, 0x0, 0x0, 0x0,
    0xb8, 0xff, 0xff, 0x8, 0xf4, 0xff, 0xc4, 0x0,
    0x0, 0x0, 0x0, 0x0, 0x0, 0xb8, 0xff, 0xff,
    0x8, 0xf4, 0xff, 0xc4, 0x0, 0x0, 0x0, 0x0,
    0x0, 0x0, 0xb8, 0xff, 0xff, 0x8, 0xf4, 0xff,
    0xc4, 0x0, 0x0, 0x0, 0x0, 0x0, 0x0, 0xb8,
    0xff, 0xff, 0x8, 0xf4, 0xff, 0xc9, 0x0, 0x0,
    0x0, 0x0, 0x0, 0x0, 0xbd, 0xff, 0xff, 0x8,
    0xf4, 0xff, 0xff, 0xff, 0xff, 0xff, 0xff, 0xff,
    0xff, 0xff, 0xff, 0xff, 0x8, 0xf4, 0xff, 0xff,
    0xff, 0xff, 0xff, 0xff, 0xff, 0xff, 0xff, 0xff,
    0xff, 0x8, 0xf4, 0xff, 0xdf, 0x5c, 0x5c, 0x5c,
    0x5c, 0x5c, 0x5c, 0xd6, 0xff, 0xff, 0x8, 0xf4,
    0xff, 0xc4, 0x0, 0x0, 0x0, 0x0, 0x0, 0x0,
    0xb8, 0xff, 0xff, 0x8, 0xf4, 0xff, 0xc4, 0x0,
    0x0, 0x0, 0x0, 0x0, 0x0, 0xb8, 0xff, 0xff,
    0x8, 0xf4, 0xff, 0xc4, 0x0, 0x0, 0x0, 0x0,
    0x0, 0x0, 0xb8, 0xff, 0xff, 0x8, 0xf4, 0xff,
    0xc4, 0x0, 0x0, 0x0, 0x0, 0x0, 0x0, 0xb8,
    0xff, 0xff, 0x8, 0xf4, 0xff, 0xc4, 0x0, 0x0,
    0x0, 0x0, 0x0, 0x0, 0xb8, 0xff, 0xff, 0x8,
    0xf4, 0xff, 0xc4, 0x0, 0x0, 0x0, 0x0, 0x0,
    0x0, 0xb8, 0xff, 0xff, 0x8, 0xe5, 0xff, 0xb5,
    0x0, 0x0, 0x0, 0x0, 0x0, 0x0, 0xa9, 0xff,
    0xf4, 0x4,

    /* U+0049 "I" */
    0xc1, 0xff, 0xd8, 0xd0, 0xff, 0xe8, 0xd0, 0xff,
    0xe8, 0xd0, 0xff, 0xe8, 0xd0, 0xff, 0xe8, 0xd0,
    0xff, 0xe8, 0xd0, 0xff, 0xe8, 0xd0, 0xff, 0xe8,
    0xd0, 0xff, 0xe8, 0xd0, 0xff, 0xe8, 0xd0, 0xff,
    0xe8, 0xd0, 0xff, 0xe8, 0xd0, 0xff, 0xe8, 0xd0,
    0xff, 0xe8, 0xd0, 0xff, 0xe8, 0xd0, 0xff, 0xe8,
    0xd0, 0xff, 0xe8, 0xc1, 0xff, 0xd8,

    /* U+004A "J" */
    0x0, 0x0, 0x0, 0x0, 0x0, 0x0, 0x0, 0x0,
    0x0, 0x3a, 0xfd, 0xff, 0x65, 0x0, 0x0, 0x0,
    0x0, 0x0, 0x0, 0x0, 0x0, 0x0, 0x48, 0xff,
    0xff, 0x74, 0x0, 0x0, 0x0, 0x0, 0x0, 0x0,
    0x0, 0x0, 0x0, 0x48, 0xff, 0xff, 0x74, 0x0,
    0x0, 0x0, 0x0, 0x0, 0x0, 0x0, 0x0, 0x0,
    0x48, 0xff, 0xff, 0x74, 0x0, 0x0, 0x0, 0x0,
    0x0, 0x0, 0x0, 0x0, 0x0, 0x48, 0xff, 0xff,
    0x74, 0x0, 0x0, 0x0, 0x0, 0x0, 0x0, 0x0,
    0x0, 0x0, 0x48, 0xff, 0xff, 0x74, 0x0, 0x0,
    0x0, 0x0, 0x0, 0x0, 0x0, 0x0, 0x0, 0x48,
    0xff, 0xff, 0x74, 0x0, 0x0, 0x0, 0x0, 0x0,
    0x0, 0x0, 0x0, 0x0, 0x48, 0xff, 0xff, 0x74,
    0x0, 0x0, 0x0, 0x0, 0x0, 0x0, 0x0, 0x0,
    0x0, 0x48, 0xff, 0xff, 0x74, 0x0, 0x0, 0x0,
    0x0, 0x0, 0x0, 0x0, 0x0, 0x0, 0x48, 0xff,
    0xff, 0x74, 0x0, 0x41, 0x4c, 0x27, 0x0, 0x0,
    0x0, 0x0, 0x0, 0x48, 0xff, 0xff, 0x74, 0xa,
    0xff, 0xff, 0xb2, 0x0, 0x0, 0x0, 0x0, 0x0,
    0x48, 0xff, 0xff, 0x74, 0xc, 0xff, 0xff, 0xb4,
    0x0, 0x0, 0x0, 0x0, 0x0, 0x48, 0xff, 0xff,
    0x74, 0xb, 0xff, 0xff, 0xb6, 0x0, 0x0, 0x0,
    0x0, 0x0, 0x4b, 0xff, 0xff, 0x72, 0x1, 0xf9,
    0xff, 0xde, 0x2, 0x0, 0x0, 0x0, 0x0, 0x76,
    0xff, 0xff, 0x60, 0x0, 0xbb, 0xff, 0xff, 0xae,
    0x5d, 0x54, 0x55, 0x7c, 0xf2, 0xff, 0xfd, 0x22,
    0x0, 0x36, 0xf8, 0xff, 0xff, 0xff, 0xff, 0xff,
    0xff, 0xff, 0xff, 0x91, 0x0, 0x0, 0x0, 0x32,
    0xb2, 0xee, 0xff, 0xff, 0xff, 0xf9, 0xd2, 0x6c,
    0x1, 0x0,

    /* U+004B "K" */
    0xe5, 0xff, 0xb4, 0x0, 0x0, 0x0, 0x0, 0x0,
    0x23, 0xe3, 0xff, 0xf3, 0x13, 0x0, 0xf4, 0xff,
    0xc4, 0x0, 0x0, 0x0, 0x0, 0x4, 0xc9, 0xff,
    0xff, 0x60, 0x0, 0x0, 0xf4, 0xff, 0xc4, 0x0,
    0x0, 0x0, 0x0, 0x86, 0xff, 0xff, 0xa3, 0x0,
    0x0, 0x0, 0xf4, 0xff, 0xc4, 0x0, 0x0, 0x0,
    0x40, 0xfd, 0xff, 0xda, 0xc, 0x0, 0x0, 0x0,
    0xf4, 0xff, 0xc4, 0x0, 0x0, 0x11, 0xe3, 0xff,
    0xf8, 0x32, 0x0, 0x0, 0x0, 0x0, 0xf4, 0xff,
    0xc4, 0x0, 0x0, 0xac, 0xff, 0xff, 0x6e, 0x0,
    0x0, 0x0, 0x0, 0x0, 0xf4, 0xff, 0xc4, 0x0,
    0x64, 0xff, 0xff, 0xb0, 0x0, 0x0, 0x0, 0x0,
    0x0, 0x0, 0xf4, 0xff, 0xc4, 0x26, 0xf4, 0xff,
    0xe3, 0x12, 0x0, 0x0, 0x0, 0x0, 0x0, 0x0,
    0xf4, 0xff, 0xc4, 0xb8, 0xff, 0xff, 0xe8, 0x12,
    0x0, 0x0, 0x0, 0x0, 0x0, 0x0, 0xf4, 0xff,
    0xf1, 0xff, 0xff, 0xff, 0xff, 0xa0, 0x0, 0x0,
    0x0, 0x0, 0x0, 0x0, 0xf4, 0xff, 0xff, 0xff,
    0x7e, 0xac, 0xff, 0xff, 0x47, 0x0, 0x0, 0x0,
    0x0, 0x0, 0xf4, 0xff, 0xff, 0xa5, 0x0, 0x19,
    0xef, 0xff, 0xe0, 0xc, 0x0, 0x0, 0x0, 0x0,
    0xf4, 0xff, 0xdc, 0x7, 0x0, 0x0, 0x65, 0xff,
    0xff, 0x93, 0x0, 0x0, 0x0, 0x0, 0xf4, 0xff,
    0xc4, 0x0, 0x0, 0x0, 0x1, 0xc0, 0xff, 0xfd,
    0x3b, 0x0, 0x0, 0x0, 0xf4, 0xff, 0xc4, 0x0,
    0x0, 0x0, 0x0, 0x26, 0xf7, 0xff, 0xd7, 0x7,
    0x0, 0x0, 0xf4, 0xff, 0xc4, 0x0, 0x0, 0x0,
    0x0, 0x0, 0x7a, 0xff, 0xff, 0x85, 0x0, 0x0,
    0xf4, 0xff, 0xc4, 0x0, 0x0, 0x0, 0x0, 0x0,
    0x5, 0xd1, 0xff, 0xfb, 0x30, 0x0, 0xe5, 0xff,
    0xb4, 0x0, 0x0, 0x0, 0x0, 0x0, 0x0, 0x32,
    0xe8, 0xff, 0xbe, 0x0,

    /* U+004C "L" */
    0xe5, 0xff, 0xb4, 0x0, 0x0, 0x0, 0x0, 0x0,
    0x0, 0x0, 0x0, 0xf4, 0xff, 0xc4, 0x0, 0x0,
    0x0, 0x0, 0x0, 0x0, 0x0, 0x0, 0xf4, 0xff,
    0xc4, 0x0, 0x0, 0x0, 0x0, 0x0, 0x0, 0x0,
    0x0, 0xf4, 0xff, 0xc4, 0x0, 0x0, 0x0, 0x0,
    0x0, 0x0, 0x0, 0x0, 0xf4, 0xff, 0xc4, 0x0,
    0x0, 0x0, 0x0, 0x0, 0x0, 0x0, 0x0, 0xf4,
    0xff, 0xc4, 0x0, 0x0, 0x0, 0x0, 0x0, 0x0,
    0x0, 0x0, 0xf4, 0xff, 0xc4, 0x0, 0x0, 0x0,
    0x0, 0x0, 0x0, 0x0, 0x0, 0xf4, 0xff, 0xc4,
    0x0, 0x0, 0x0, 0x0, 0x0, 0x0, 0x0, 0x0,
    0xf4, 0xff, 0xc4, 0x0, 0x0, 0x0, 0x0, 0x0,
    0x0, 0x0, 0x0, 0xf4, 0xff, 0xc4, 0x0, 0x0,
    0x0, 0x0, 0x0, 0x0, 0x0, 0x0, 0xf4, 0xff,
    0xc4, 0x0, 0x0, 0x0, 0x0, 0x0, 0x0, 0x0,
    0x0, 0xf4, 0xff, 0xc4, 0x0, 0x0, 0x0, 0x0,
    0x0, 0x0, 0x0, 0x0, 0xf4, 0xff, 0xc4, 0x0,
    0x0, 0x0, 0x0, 0x0, 0x0, 0x0, 0x0, 0xf4,
    0xff, 0xc4, 0x0, 0x0, 0x0, 0x0, 0x0, 0x0,
    0x0, 0x0, 0xf4, 0xff, 0xc4, 0x0, 0x0, 0x0,
    0x0, 0x0, 0x0, 0x0, 0x0, 0xf4, 0xff, 0xe0,
    0x64, 0x64, 0x64, 0x64, 0x64, 0x64, 0x5b, 0x0,
    0xf4, 0xff, 0xff, 0xff, 0xff, 0xff, 0xff, 0xff,
    0xff, 0xff, 0xf, 0xe5, 0xff, 0xff, 0xff, 0xff,
    0xff, 0xff, 0xff, 0xff, 0xf7, 0xa,

    /* U+004D "M" */
    0xe5, 0xff, 0xff, 0xfa, 0x2a, 0x0, 0x0, 0x0,
    0x0, 0x0, 0x0, 0x21, 0xfa, 0xff, 0xff, 0xe9,
    0xf4, 0xff, 0xff, 0xff, 0x87, 0x0, 0x0, 0x0,
    0x0, 0x0, 0x0, 0x7d, 0xff, 0xff, 0xff, 0xf8,
    0xf4, 0xff, 0xff, 0xff, 0xe0, 0x1, 0x0, 0x0,
    0x0, 0x0, 0x0, 0xd8, 0xff, 0xff, 0xff, 0xf8,
    0xf4, 0xff, 0xdb, 0xff, 0xff, 0x3c, 0x0, 0x0,
    0x0, 0x0, 0x34, 0xff, 0xff, 0xde, 0xff, 0xf8,
    0xf4, 0xff, 0xb4, 0xc6, 0xff, 0x97, 0x0, 0x0,
    0x0, 0x0, 0x8f, 0xff, 0xc6, 0xb8, 0xff, 0xf8,
    0xf4, 0xff, 0xb4, 0x69, 0xff, 0xec, 0x5, 0x0,
    0x0, 0x3, 0xe7, 0xff, 0x6b, 0xb8, 0xff, 0xf8,
    0xf4, 0xff, 0xb4, 0x12, 0xf9, 0xff, 0x4d, 0x0,
    0x0, 0x46, 0xff, 0xfb, 0x15, 0xb8, 0xff, 0xf8,
    0xf4, 0xff, 0xb4, 0x0, 0xae, 0xff, 0xa8, 0x0,
    0x0, 0xa2, 0xff, 0xb5, 0x0, 0xb8, 0xff, 0xf8,
    0xf4, 0xff, 0xb4, 0x0, 0x51, 0xff, 0xf5, 0xc,
    0xa, 0xf3, 0xff, 0x5a, 0x0, 0xb8, 0xff, 0xf8,
    0xf4, 0xff, 0xb4, 0x0, 0x6, 0xed, 0xff, 0x5d,
    0x59, 0xff, 0xf4, 0xb, 0x0, 0xb8, 0xff, 0xf8,
    0xf4, 0xff, 0xb4, 0x0, 0x0, 0x97, 0xff, 0xb8,
    0xb4, 0xff, 0xa4, 0x0, 0x0, 0xb8, 0xff, 0xf8,
    0xf4, 0xff, 0xb4, 0x0, 0x0, 0x3a, 0xff, 0xfd,
    0xfd, 0xff, 0x49, 0x0, 0x0, 0xb8, 0xff, 0xf8,
    0xf4, 0xff, 0xb4, 0x0, 0x0, 0x0, 0xdc, 0xff,
    0xff, 0xe9, 0x4, 0x0, 0x0, 0xb8, 0xff, 0xf8,
    0xf4, 0xff, 0xb4, 0x0, 0x0, 0x0, 0x7a, 0xff,
    0xff, 0x8c, 0x0, 0x0, 0x0, 0xb8, 0xff, 0xf8,
    0xf4, 0xff, 0xb4, 0x0, 0x0, 0x0, 0x0, 0x13,
    0x13, 0x1, 0x0, 0x0, 0x0, 0xb8, 0xff, 0xf8,
    0xf4, 0xff, 0xb4, 0x0, 0x0, 0x0, 0x0, 0x0,
    0x0, 0x0, 0x0, 0x0, 0x0, 0xb8, 0xff, 0xf8,
    0xf4, 0xff, 0xb4, 0x0, 0x0, 0x0, 0x0, 0x0,
    0x0, 0x0, 0x0, 0x0, 0x0, 0xb8, 0xff, 0xf8,
    0xe5, 0xff, 0xa8, 0x0, 0x0, 0x0, 0x0, 0x0,
    0x0, 0x0, 0x0, 0x0, 0x0, 0xa8, 0xff, 0xe9,

    /* U+004E "N" */
    0xe5, 0xff, 0xc4, 0x1, 0x0, 0x0, 0x0, 0x0,
    0x0, 0x59, 0xff, 0xfe, 0x3a, 0xf4, 0xff, 0xff,
    0x5d, 0x0, 0x0, 0x0, 0x0, 0x0, 0x68, 0xff,
    0xff, 0x48, 0xf4, 0xff, 0xff, 0xe2, 0x9, 0x0,
    0x0, 0x0, 0x0, 0x68, 0xff, 0xff, 0x48, 0xf4,
    0xff, 0xff, 0xff, 0x7a, 0x0, 0x0, 0x0, 0x0,
    0x68, 0xff, 0xff, 0x48, 0xf4, 0xff, 0xff, 0xff,
    0xf2, 0x16, 0x0, 0x0, 0x0, 0x68, 0xff, 0xff,
    0x48, 0xf4, 0xff, 0xe4, 0xfd, 0xff, 0x97, 0x0,
    0x0, 0x0, 0x68, 0xff, 0xff, 0x48, 0xf4, 0xff,
    0xbc, 0x9b, 0xff, 0xfc, 0x29, 0x0, 0x0, 0x68,
    0xff, 0xff, 0x48, 0xf4, 0xff, 0xbc, 0x18, 0xf3,
    0xff, 0xb4, 0x0, 0x0, 0x68, 0xff, 0xff, 0x48,
    0xf4, 0xff, 0xbc, 0x0, 0x7d, 0xff, 0xff, 0x43,
    0x0, 0x68, 0xff, 0xff, 0x48, 0xf4, 0xff, 0xbc,
    0x0, 0xa, 0xe4, 0xff, 0xd0, 0x2, 0x68, 0xff,
    0xff, 0x48, 0xf4, 0xff, 0xbc, 0x0, 0x0, 0x5f,
    0xff, 0xff, 0x60, 0x68, 0xff, 0xff, 0x48, 0xf4,
    0xff, 0xbc, 0x0, 0x0, 0x2, 0xce, 0xff, 0xe4,
    0x72, 0xff, 0xff, 0x48, 0xf4, 0xff, 0xbc, 0x0,
    0x0, 0x0, 0x41, 0xff, 0xff, 0xe1, 0xff, 0xff,
    0x48, 0xf4, 0xff, 0xbc, 0x0, 0x0, 0x0, 0x0,
    0xb3, 0xff, 0xff, 0xff, 0xff, 0x48, 0xf4, 0xff,
    0xbc, 0x0, 0x0, 0x0, 0x0, 0x28, 0xfb, 0xff,
    0xff, 0xff, 0x48, 0xf4, 0xff, 0xbc, 0x0, 0x0,
    0x0, 0x0, 0x0, 0x95, 0xff, 0xff, 0xff, 0x48,
    0xf4, 0xff, 0xbc, 0x0, 0x0, 0x0, 0x0, 0x0,
    0x15, 0xf1, 0xff, 0xff, 0x48, 0xe5, 0xff, 0xac,
    0x0, 0x0, 0x0, 0x0, 0x0, 0x0, 0x6b, 0xfd,
    0xfe, 0x3a,

    /* U+004F "O" */
    0x0, 0x0, 0x4e, 0xc3, 0xf3, 0xff, 0xff, 0xff,
    0xfb, 0xdf, 0x8f, 0xe, 0x0, 0x0, 0x61, 0xff,
    0xff, 0xff, 0xff, 0xff, 0xff, 0xff, 0xff, 0xff,
    0xce, 0x7, 0x2, 0xe8, 0xff, 0xfe, 0x95, 0x5d,
    0x58, 0x58, 0x6f, 0xde, 0xff, 0xff, 0x64, 0x29,
    0xff, 0xff, 0xab, 0x0, 0x0, 0x0, 0x0, 0x0,
    0x38, 0xff, 0xff, 0xa4, 0x3a, 0xff, 0xff, 0x7e,
    0x0, 0x0, 0x0, 0x0, 0x0, 0xb, 0xff, 0xff,
    0xb6, 0x3c, 0xff, 0xff, 0x7c, 0x0, 0x0, 0x0,
    0x0, 0x0, 0x8, 0xff, 0xff, 0xb8, 0x3c, 0xff,
    0xff, 0x7c, 0x0, 0x0, 0x0, 0x0, 0x0, 0x8,
    0xff, 0xff, 0xb8, 0x3c, 0xff, 0xff, 0x7c, 0x0,
    0x0, 0x0, 0x0, 0x0, 0x8, 0xff, 0xff, 0xb8,
    0x3c, 0xff, 0xff, 0x7c, 0x0, 0x0, 0x0, 0x0,
    0x0, 0x8, 0xff, 0xff, 0xb8, 0x3c, 0xff, 0xff,
    0x7c, 0x0, 0x0, 0x0, 0x0, 0x0, 0x8, 0xff,
    0xff, 0xb8, 0x3c, 0xff, 0xff, 0x7c, 0x0, 0x0,
    0x0, 0x0, 0x0, 0x8, 0xff, 0xff, 0xb8, 0x3c,
    0xff, 0xff, 0x7c, 0x0, 0x0, 0x0, 0x0, 0x0,
    0x8, 0xff, 0xff, 0xb8, 0x3c, 0xff, 0xff, 0x7c,
    0x0, 0x0, 0x0, 0x0, 0x0, 0x8, 0xff, 0xff,
    0xb8, 0x3b, 0xff, 0xff, 0x7e, 0x0, 0x0, 0x0,
    0x0, 0x0, 0xb, 0xff, 0xff, 0xb6, 0x29, 0xff,
    0xff, 0xa9, 0x0, 0x0, 0x0, 0x0, 0x0, 0x37,
    0xff, 0xff, 0xa4, 0x2, 0xe8, 0xff, 0xfd, 0x90,
    0x58, 0x54, 0x54, 0x6a, 0xdb, 0xff, 0xff, 0x64,
    0x0, 0x60, 0xff, 0xff, 0xff, 0xff, 0xff, 0xff,
    0xff, 0xff, 0xff, 0xce, 0x7, 0x0, 0x0, 0x4f,
    0xc4, 0xf4, 0xff, 0xff, 0xff, 0xfc, 0xe1, 0x90,
    0xf, 0x0,

    /* U+0050 "P" */
    0xe5, 0xff, 0xff, 0xff, 0xff, 0xff, 0xff, 0xf9,
    0xd4, 0x71, 0x2, 0x0, 0xf4, 0xff, 0xff, 0xff,
    0xff, 0xff, 0xff, 0xff, 0xff, 0xff, 0x9b, 0x0,
    0xf4, 0xff, 0xde, 0x58, 0x58, 0x58, 0x58, 0x7c,
    0xf1, 0xff, 0xff, 0x2d, 0xf4, 0xff, 0xc4, 0x0,
    0x0, 0x0, 0x0, 0x0, 0x6d, 0xff, 0xff, 0x6f,
    0xf4, 0xff, 0xc4, 0x0, 0x0, 0x0, 0x0, 0x0,
    0x3d, 0xff, 0xff, 0x85, 0xf4, 0xff, 0xc4, 0x0,
    0x0, 0x0, 0x0, 0x0, 0x38, 0xff, 0xff, 0x88,
    0xf4, 0xff, 0xc4, 0x0, 0x0, 0x0, 0x0, 0x0,
    0x38, 0xff, 0xff, 0x88, 0xf4, 0xff, 0xc4, 0x0,
    0x0, 0x0, 0x0, 0x0, 0x3d, 0xff, 0xff, 0x85,
    0xf4, 0xff, 0xc4, 0x0, 0x0, 0x0, 0x0, 0x0,
    0x6f, 0xff, 0xff, 0x6f, 0xf4, 0xff, 0xdf, 0x5c,
    0x5c, 0x5c, 0x5c, 0x7f, 0xf2, 0xff, 0xff, 0x2c,
    0xf4, 0xff, 0xff, 0xff, 0xff, 0xff, 0xff, 0xff,
    0xff, 0xff, 0x9a, 0x0, 0xf4, 0xff, 0xff, 0xff,
    0xff, 0xff, 0xff, 0xf9, 0xd5, 0x72, 0x2, 0x0,
    0xf4, 0xff, 0xc9, 0x0, 0x0, 0x0, 0x0, 0x0,
    0x0, 0x0, 0x0, 0x0, 0xf4, 0xff, 0xc4, 0x0,
    0x0, 0x0, 0x0, 0x0, 0x0, 0x0, 0x0, 0x0,
    0xf4, 0xff, 0xc4, 0x0, 0x0, 0x0, 0x0, 0x0,
    0x0, 0x0, 0x0, 0x0, 0xf4, 0xff, 0xc4, 0x0,
    0x0, 0x0, 0x0, 0x0, 0x0, 0x0, 0x0, 0x0,
    0xf4, 0xff, 0xc4, 0x0, 0x0, 0x0, 0x0, 0x0,
    0x0, 0x0, 0x0, 0x0, 0xe5, 0xff, 0xb5, 0x0,
    0x0, 0x0, 0x0, 0x0, 0x0, 0x0, 0x0, 0x0,

    /* U+0051 "Q" */
    0x0, 0x0, 0x38, 0xb5, 0xee, 0xff, 0xff, 0xff,
    0xfd, 0xe7, 0xa0, 0x1d, 0x0, 0x0, 0x3e, 0xfa,
    0xff, 0xff, 0xff, 0xff, 0xff, 0xff, 0xff, 0xff,
    0xe5, 0x17, 0x0, 0xc6, 0xff, 0xff, 0xae, 0x61,
    0x58, 0x58, 0x66, 0xc8, 0xff, 0xff, 0x89, 0x7,
    0xfd, 0xff, 0xd9, 0x2, 0x0, 0x0, 0x0, 0x0,
    0x12, 0xfa, 0xff, 0xc8, 0x16, 0xff, 0xff, 0xae,
    0x0, 0x0, 0x0, 0x0, 0x0, 0x0, 0xdf, 0xff,
    0xda, 0x18, 0xff, 0xff, 0xac, 0x0, 0x0, 0x0,
    0x0, 0x0, 0x0, 0xdc, 0xff, 0xdc, 0x18, 0xff,
    0xff, 0xac, 0x0, 0x0, 0x0, 0x0, 0x0, 0x0,
    0xdc, 0xff, 0xdc, 0x18, 0xff, 0xff, 0xac, 0x0,
    0x0, 0x0, 0x0, 0x0, 0x0, 0xdc, 0xff, 0xdc,
    0x18, 0xff, 0xff, 0xac, 0x0, 0x0, 0x0, 0x0,
    0x0, 0x0, 0xdc, 0xff, 0xdc, 0x18, 0xff, 0xff,
    0xac, 0x0, 0x0, 0x0, 0x0, 0x0, 0x0, 0xdc,
    0xff, 0xdc, 0x18, 0xff, 0xff, 0xac, 0x0, 0x0,
    0x0, 0x0, 0x0, 0x0, 0xdc, 0xff, 0xdc, 0x18,
    0xff, 0xff, 0xac, 0x0, 0x0, 0x0, 0x0, 0x0,
    0x0, 0xdc, 0xff, 0xdc, 0x18, 0xff, 0xff, 0xac,
    0x0, 0x0, 0x0, 0x0, 0x0, 0x0, 0xdc, 0xff,
    0xdc, 0x17, 0xff, 0xff, 0xae, 0x0, 0x0, 0x0,
    0x0, 0x0, 0x0, 0xdf, 0xff, 0xda, 0x7, 0xfd,
    0xff, 0xd8, 0x1, 0x0, 0x0, 0x0, 0x0, 0x10,
    0xf9, 0xff, 0xbe, 0x0, 0xc6, 0xff, 0xff, 0xaa,
    0x5c, 0x54, 0x54, 0x62, 0xc5, 0xff, 0xff, 0x83,
    0x0, 0x3e, 0xfa, 0xff, 0xff, 0xff, 0xff, 0xff,
    0xff, 0xff, 0xff, 0xe0, 0x11, 0x0, 0x0, 0x38,
    0xb6, 0xf0, 0xff, 0xff, 0xff, 0xff, 0xe6, 0x95,
    0x15, 0x0, 0x0, 0x0, 0x0, 0x0, 0x0, 0x0,
    0x2d, 0xfd, 0xff, 0xb3, 0x0, 0x0, 0x0, 0x0,
    0x0, 0x0, 0x0, 0x0, 0x0, 0x0, 0x9e, 0xff,
    0xff, 0x3e, 0x0, 0x0, 0x0, 0x0, 0x0, 0x0,
    0x0, 0x0, 0x0, 0x1b, 0xf6, 0xff, 0xc9, 0x0,
    0x0, 0x0, 0x0, 0x0, 0x0, 0x0, 0x0, 0x0,
    0x0, 0x75, 0xfc, 0xff, 0x35, 0x0,

    /* U+0052 "R" */
    0xe5, 0xff, 0xff, 0xff, 0xff, 0xff, 0xff, 0xf7,
    0xce, 0x62, 0x0, 0x0, 0x0, 0xf4, 0xff, 0xff,
    0xff, 0xff, 0xff, 0xff, 0xff, 0xff, 0xff, 0x83,
    0x0, 0x0, 0xf4, 0xff, 0xdd, 0x58, 0x58, 0x58,
    0x5a, 0x86, 0xf6, 0xff, 0xfb, 0x1b, 0x0, 0xf4,
    0xff, 0xc4, 0x0, 0x0, 0x0, 0x0, 0x0, 0x80,
    0xff, 0xff, 0x59, 0x0, 0xf4, 0xff, 0xc4, 0x0,
    0x0, 0x0, 0x0, 0x0, 0x50, 0xff, 0xff, 0x6e,
    0x0, 0xf4, 0xff, 0xc4, 0x0, 0x0, 0x0, 0x0,
    0x0, 0x4c, 0xff, 0xff, 0x70, 0x0, 0xf4, 0xff,
    0xc4, 0x0, 0x0, 0x0, 0x0, 0x0, 0x4c, 0xff,
    0xff, 0x6f, 0x0, 0xf4, 0xff, 0xc4, 0x0, 0x0,
    0x0, 0x0, 0x0, 0x64, 0xff, 0xff, 0x5a, 0x0,
    0xf4, 0xff, 0xc9, 0x0, 0x0, 0x0, 0x2, 0x2c,
    0xd6, 0xff, 0xff, 0x28, 0x0, 0xf4, 0xff, 0xff,
    0xff, 0xff, 0xff, 0xff, 0xff, 0xff, 0xff, 0xa8,
    0x0, 0x0, 0xf4, 0xff, 0xff, 0xff, 0xff, 0xff,
    0xff, 0xff, 0xf6, 0x88, 0x7, 0x0, 0x0, 0xf4,
    0xff, 0xd4, 0x30, 0x30, 0x31, 0xe6, 0xff, 0xf2,
    0x12, 0x0, 0x0, 0x0, 0xf4, 0xff, 0xc4, 0x0,
    0x0, 0x0, 0x75, 0xff, 0xff, 0x80, 0x0, 0x0,
    0x0, 0xf4, 0xff, 0xc4, 0x0, 0x0, 0x0, 0xd,
    0xef, 0xff, 0xee, 0xd, 0x0, 0x0, 0xf4, 0xff,
    0xc4, 0x0, 0x0, 0x0, 0x0, 0x83, 0xff, 0xff,
    0x77, 0x0, 0x0, 0xf4, 0xff, 0xc4, 0x0, 0x0,
    0x0, 0x0, 0x14, 0xf5, 0xff, 0xe9, 0x9, 0x0,
    0xf4, 0xff, 0xc4, 0x0, 0x0, 0x0, 0x0, 0x0,
    0x91, 0xff, 0xff, 0x6e, 0x0, 0xe5, 0xff, 0xb5,
    0x0, 0x0, 0x0, 0x0, 0x0, 0x1c, 0xe9, 0xff,
    0xd5, 0x0,

    /* U+0053 "S" */
    0x0, 0x0, 0x4d, 0xc3, 0xf4, 0xff, 0xff, 0xff,
    0xf6, 0xcd, 0x63, 0x0, 0x0, 0x0, 0x64, 0xff,
    0xff, 0xff, 0xff, 0xff, 0xff, 0xff, 0xff, 0xff,
    0x87, 0x0, 0x7, 0xee, 0xff, 0xfe, 0x9a, 0x60,
    0x58, 0x5d, 0x8a, 0xf7, 0xff, 0xfc, 0x1d, 0x38,
    0xff, 0xff, 0xad, 0x0, 0x0, 0x0, 0x0, 0x0,
    0x82, 0xff, 0xff, 0x5b, 0x4a, 0xff, 0xff, 0x7c,
    0x0, 0x0, 0x0, 0x0, 0x0, 0x51, 0xff, 0xff,
    0x6e, 0x49, 0xff, 0xff, 0x77, 0x0, 0x0, 0x0,
    0x0, 0x0, 0x14, 0x6e, 0x6f, 0x23, 0x2f, 0xff,
    0xff, 0xc7, 0xc, 0x0, 0x0, 0x0, 0x0, 0x0,
    0x0, 0x0, 0x0, 0x4, 0xe2, 0xff, 0xff, 0xeb,
    0xa1, 0x6e, 0x3a, 0x8, 0x0, 0x0, 0x0, 0x0,
    0x0, 0x4e, 0xfc, 0xff, 0xff, 0xff, 0xff, 0xff,
    0xfa, 0xb1, 0x46, 0x0, 0x0, 0x0, 0x0, 0x34,
    0xa7, 0xee, 0xff, 0xff, 0xff, 0xff, 0xff, 0xff,
    0x87, 0x0, 0x0, 0x0, 0x0, 0x0, 0x3, 0x35,
    0x69, 0x9e, 0xe3, 0xff, 0xff, 0xff, 0x2f, 0x0,
    0x0, 0x0, 0x0, 0x0, 0x0, 0x0, 0x0, 0x6,
    0xa0, 0xff, 0xff, 0x7e, 0x1c, 0x8a, 0x8b, 0x30,
    0x0, 0x0, 0x0, 0x0, 0x0, 0x29, 0xff, 0xff,
    0x98, 0x4a, 0xff, 0xff, 0x78, 0x0, 0x0, 0x0,
    0x0, 0x0, 0x23, 0xff, 0xff, 0x9a, 0x38, 0xff,
    0xff, 0xa5, 0x0, 0x0, 0x0, 0x0, 0x0, 0x55,
    0xff, 0xff, 0x86, 0x7, 0xef, 0xff, 0xfc, 0x91,
    0x5b, 0x54, 0x56, 0x78, 0xe9, 0xff, 0xff, 0x44,
    0x0, 0x65, 0xff, 0xff, 0xff, 0xff, 0xff, 0xff,
    0xff, 0xff, 0xff, 0xb2, 0x0, 0x0, 0x0, 0x4d,
    0xc2, 0xf4, 0xff, 0xff, 0xff, 0xfa, 0xd9, 0x7d,
    0x5, 0x0,

    /* U+0054 "T" */
    0x8d, 0xff, 0xff, 0xff, 0xff, 0xff, 0xff, 0xff,
    0xff, 0xff, 0xff, 0xb8, 0x9b, 0xff, 0xff, 0xff,
    0xff, 0xff, 0xff, 0xff, 0xff, 0xff, 0xff, 0xc7,
    0x27, 0x58, 0x58, 0x58, 0x8e, 0xff, 0xff, 0xa9,
    0x58, 0x58, 0x58, 0x36, 0x0, 0x0, 0x0, 0x0,
    0x4c, 0xff, 0xff, 0x74, 0x0, 0x0, 0x0, 0x0,
    0x0, 0x0, 0x0, 0x0, 0x4c, 0xff, 0xff, 0x74,
    0x0, 0x0, 0x0, 0x0, 0x0, 0x0, 0x0, 0x0,
    0x4c, 0xff, 0xff, 0x74, 0x0, 0x0, 0x0, 0x0,
    0x0, 0x0, 0x0, 0x0, 0x4c, 0xff, 0xff, 0x74,
    0x0, 0x0, 0x0, 0x0, 0x0, 0x0, 0x0, 0x0,
    0x4c, 0xff, 0xff, 0x74, 0x0, 0x0, 0x0, 0x0,
    0x0, 0x0, 0x0, 0x0, 0x4c, 0xff, 0xff, 0x74,
    0x0, 0x0, 0x0, 0x0, 0x0, 0x0, 0x0, 0x0,
    0x4c, 0xff, 0xff, 0x74, 0x0, 0x0, 0x0, 0x0,
    0x0, 0x0, 0x0, 0x0, 0x4c, 0xff, 0xff, 0x74,
    0x0, 0x0, 0x0, 0x0, 0x0, 0x0, 0x0, 0x0,
    0x4c, 0xff, 0xff, 0x74, 0x0, 0x0, 0x0, 0x0,
    0x0, 0x0, 0x0, 0x0, 0x4c, 0xff, 0xff, 0x74,
    0x0, 0x0, 0x0, 0x0, 0x0, 0x0, 0x0, 0x0,
    0x4c, 0xff, 0xff, 0x74, 0x0, 0x0, 0x0, 0x0,
    0x0, 0x0, 0x0, 0x0, 0x4c, 0xff, 0xff, 0x74,
    0x0, 0x0, 0x0, 0x0, 0x0, 0x0, 0x0, 0x0,
    0x4c, 0xff, 0xff, 0x74, 0x0, 0x0, 0x0, 0x0,
    0x0, 0x0, 0x0, 0x0, 0x4c, 0xff, 0xff, 0x74,
    0x0, 0x0, 0x0, 0x0, 0x0, 0x0, 0x0, 0x0,
    0x3e, 0xfe, 0xff, 0x65, 0x0, 0x0, 0x0, 0x0,

    /* U+0055 "U" */
    0xf, 0xf9, 0xff, 0x90, 0x0, 0x0, 0x0, 0x0,
    0x0, 0x4, 0xf4, 0xff, 0xa8, 0x18, 0xff, 0xff,
    0xa0, 0x0, 0x0, 0x0, 0x0, 0x0, 0x8, 0xff,
    0xff, 0xb8, 0x18, 0xff, 0xff, 0xa0, 0x0, 0x0,
    0x0, 0x0, 0x0, 0x8, 0xff, 0xff, 0xb8, 0x18,
    0xff, 0xff, 0xa0, 0x0, 0x0, 0x0, 0x0, 0x0,
    0x8, 0xff, 0xff, 0xb8, 0x18, 0xff, 0xff, 0xa0,
    0x0, 0x0, 0x0, 0x0, 0x0, 0x8, 0xff, 0xff,
    0xb8, 0x18, 0xff, 0xff, 0xa0, 0x0, 0x0, 0x0,
    0x0, 0x0, 0x8, 0xff, 0xff, 0xb8, 0x18, 0xff,
    0xff, 0xa0, 0x0, 0x0, 0x0, 0x0, 0x0, 0x8,
    0xff, 0xff, 0xb8, 0x18, 0xff, 0xff, 0xa0, 0x0,
    0x0, 0x0, 0x0, 0x0, 0x8, 0xff, 0xff, 0xb8,
    0x18, 0xff, 0xff, 0xa0, 0x0, 0x0, 0x0, 0x0,
    0x0, 0x8, 0xff, 0xff, 0xb8, 0x18, 0xff, 0xff,
    0xa0, 0x0, 0x0, 0x0, 0x0, 0x0, 0x8, 0xff,
    0xff, 0xb8, 0x18, 0xff, 0xff, 0xa0, 0x0, 0x0,
    0x0, 0x0, 0x0, 0x8, 0xff, 0xff, 0xb8, 0x18,
    0xff, 0xff, 0xa0, 0x0, 0x0, 0x0, 0x0, 0x0,
    0x8, 0xff, 0xff, 0xb8, 0x18, 0xff, 0xff, 0xa0,
    0x0, 0x0, 0x0, 0x0, 0x0, 0x8, 0xff, 0xff,
    0xb8, 0x17, 0xff, 0xff, 0xa2, 0x0, 0x0, 0x0,
    0x0, 0x0, 0xb, 0xff, 0xff, 0xb6, 0x7, 0xfd,
    0xff, 0xcd, 0x0, 0x0, 0x0, 0x0, 0x0, 0x37,
    0xff, 0xff, 0xa4, 0x0, 0xc6, 0xff, 0xff, 0xa3,
    0x5b, 0x54, 0x54, 0x6a, 0xdb, 0xff, 0xff, 0x63,
    0x0, 0x3e, 0xfa, 0xff, 0xff, 0xff, 0xff, 0xff,
    0xff, 0xff, 0xff, 0xcc, 0x7, 0x0, 0x0, 0x38,
    0xb6, 0xf0, 0xff, 0xff, 0xff, 0xfc, 0xe0, 0x8d,
    0xd, 0x0,

    /* U+0056 "V" */
    0x58, 0xff, 0xff, 0x7c, 0x0, 0x0, 0x0, 0x0,
    0x0, 0x0, 0x22, 0xf9, 0xff, 0xba, 0x26, 0xff,
    0xff, 0xc7, 0x0, 0x0, 0x0, 0x0, 0x0, 0x0,
    0x68, 0xff, 0xff, 0x88, 0x0, 0xdf, 0xff, 0xfb,
    0xc, 0x0, 0x0, 0x0, 0x0, 0x0, 0xa7, 0xff,
    0xff, 0x42, 0x0, 0x9a, 0xff, 0xff, 0x46, 0x0,
    0x0, 0x0, 0x0, 0x0, 0xe5, 0xff, 0xf4, 0x6,
    0x0, 0x54, 0xff, 0xff, 0x85, 0x0, 0x0, 0x0,
    0x0, 0x25, 0xff, 0xff, 0xb5, 0x0, 0x0, 0x10,
    0xfc, 0xff, 0xc4, 0x0, 0x0, 0x0, 0x0, 0x64,
    0xff, 0xff, 0x6e, 0x0, 0x0, 0x0, 0xc8, 0xff,
    0xf9, 0xa, 0x0, 0x0, 0x0, 0xa3, 0xff, 0xff,
    0x28, 0x0, 0x0, 0x0, 0x82, 0xff, 0xff, 0x43,
    0x0, 0x0, 0x0, 0xe2, 0xff, 0xe1, 0x0, 0x0,
    0x0, 0x0, 0x3c, 0xff, 0xff, 0x82, 0x0, 0x0,
    0x21, 0xff, 0xff, 0x9b, 0x0, 0x0, 0x0, 0x0,
    0x4, 0xf1, 0xff, 0xc1, 0x0, 0x0, 0x60, 0xff,
    0xff, 0x54, 0x0, 0x0, 0x0, 0x0, 0x0, 0xb0,
    0xff, 0xf8, 0x8, 0x0, 0x9f, 0xff, 0xfc, 0x11,
    0x0, 0x0, 0x0, 0x0, 0x0, 0x6a, 0xff, 0xff,
    0x40, 0x0, 0xde, 0xff, 0xc7, 0x0, 0x0, 0x0,
    0x0, 0x0, 0x0, 0x24, 0xff, 0xff, 0x7f, 0x1d,
    0xff, 0xff, 0x81, 0x0, 0x0, 0x0, 0x0, 0x0,
    0x0, 0x0, 0xdd, 0xff, 0xbe, 0x5c, 0xff, 0xff,
    0x3a, 0x0, 0x0, 0x0, 0x0, 0x0, 0x0, 0x0,
    0x98, 0xff, 0xf7, 0xa2, 0xff, 0xf0, 0x3, 0x0,
    0x0, 0x0, 0x0, 0x0, 0x0, 0x0, 0x52, 0xff,
    0xff, 0xfc, 0xff, 0xad, 0x0, 0x0, 0x0, 0x0,
    0x0, 0x0, 0x0, 0x0, 0xf, 0xfc, 0xff, 0xff,
    0xff, 0x67, 0x0, 0x0, 0x0, 0x0, 0x0, 0x0,
    0x0, 0x0, 0x0, 0xb7, 0xff, 0xff, 0xf7, 0x1d,
    0x0, 0x0, 0x0, 0x0,

    /* U+0057 "W" */
    0x54, 0xff, 0xff, 0xbb, 0x0, 0x0, 0x0, 0x0,
    0x0, 0x75, 0xff, 0xff, 0xdf, 0x0, 0x0, 0x0,
    0x0, 0x0, 0x48, 0xfd, 0xff, 0xcc, 0x36, 0xff,
    0xff, 0xf0, 0x0, 0x0, 0x0, 0x0, 0x0, 0xb9,
    0xff, 0xff, 0xff, 0x25, 0x0, 0x0, 0x0, 0x0,
    0x7c, 0xff, 0xff, 0xae, 0x8, 0xfb, 0xff, 0xff,
    0x18, 0x0, 0x0, 0x0, 0x2, 0xf0, 0xff, 0xff,
    0xff, 0x5f, 0x0, 0x0, 0x0, 0x0, 0xa4, 0xff,
    0xff, 0x7b, 0x0, 0xd2, 0xff, 0xff, 0x3f, 0x0,
    0x0, 0x0, 0x2c, 0xff, 0xff, 0xd6, 0xff, 0x99,
    0x0, 0x0, 0x0, 0x0, 0xcb, 0xff, 0xff, 0x49,
    0x0, 0xa0, 0xff, 0xff, 0x67, 0x0, 0x0, 0x0,
    0x65, 0xff, 0xea, 0x77, 0xff, 0xd3, 0x0, 0x0,
    0x0, 0x0, 0xf2, 0xff, 0xff, 0x17, 0x0, 0x6e,
    0xff, 0xff, 0x8e, 0x0, 0x0, 0x0, 0x9f, 0xff,
    0xb1, 0x3d, 0xff, 0xfd, 0xf, 0x0, 0x0, 0x1a,
    0xff, 0xff, 0xe4, 0x0, 0x0, 0x3c, 0xff, 0xff,
    0xb6, 0x0, 0x0, 0x0, 0xd8, 0xff, 0x78, 0x9,
    0xfa, 0xff, 0x47, 0x0, 0x0, 0x42, 0xff, 0xff,
    0xb2, 0x0, 0x0, 0xb, 0xfd, 0xff, 0xdd, 0x0,
    0x0, 0x12, 0xfe, 0xff, 0x3f, 0x0, 0xcb, 0xff,
    0x81, 0x0, 0x0, 0x6a, 0xff, 0xff, 0x80, 0x0,
    0x0, 0x0, 0xd8, 0xff, 0xfd, 0x7, 0x0, 0x4b,
    0xff, 0xfb, 0xa, 0x0, 0x91, 0xff, 0xbb, 0x0,
    0x0, 0x91, 0xff, 0xff, 0x4d, 0x0, 0x0, 0x0,
    0xa5, 0xff, 0xff, 0x2c, 0x0, 0x84, 0xff, 0xcd,
    0x0, 0x0, 0x58, 0xff, 0xf2, 0x2, 0x0, 0xb9,
    0xff, 0xff, 0x1b, 0x0, 0x0, 0x0, 0x73, 0xff,
    0xff, 0x54, 0x0, 0xbe, 0xff, 0x93, 0x0, 0x0,
    0x1f, 0xff, 0xff, 0x2f, 0x0, 0xe0, 0xff, 0xe9,
    0x0, 0x0, 0x0, 0x0, 0x41, 0xff, 0xff, 0x7b,
    0x3, 0xf3, 0xff, 0x5a, 0x0, 0x0, 0x0, 0xe5,
    0xff, 0x69, 0x9, 0xfe, 0xff, 0xb6, 0x0, 0x0,
    0x0, 0x0, 0x10, 0xff, 0xff, 0xa3, 0x31, 0xff,
    0xff, 0x21, 0x0, 0x0, 0x0, 0xac, 0xff, 0xa2,
    0x30, 0xff, 0xff, 0x84, 0x0, 0x0, 0x0, 0x0,
    0x0, 0xdd, 0xff, 0xca, 0x6a, 0xff, 0xe8, 0x0,
    0x0, 0x0, 0x0, 0x73, 0xff, 0xdc, 0x57, 0xff,
    0xff, 0x52, 0x0, 0x0, 0x0, 0x0, 0x0, 0xab,
    0xff, 0xf1, 0xa3, 0xff, 0xaf, 0x0, 0x0, 0x0,
    0x0, 0x39, 0xff, 0xff, 0x95, 0xff, 0xff, 0x1f,
    0x0, 0x0, 0x0, 0x0, 0x0, 0x79, 0xff, 0xff,
    0xf8, 0xff, 0x76, 0x0, 0x0, 0x0, 0x0, 0x7,
    0xf8, 0xff, 0xf8, 0xff, 0xec, 0x0, 0x0, 0x0,
    0x0, 0x0, 0x0, 0x47, 0xff, 0xff, 0xff, 0xff,
    0x3d, 0x0, 0x0, 0x0, 0x0, 0x0, 0xc6, 0xff,
    0xff, 0xff, 0xba, 0x0, 0x0, 0x0, 0x0, 0x0,
    0x0, 0x12, 0xf3, 0xff, 0xff, 0xee, 0x9, 0x0,
    0x0, 0x0, 0x0, 0x0, 0x7f, 0xff, 0xff, 0xff,
    0x7a, 0x0, 0x0, 0x0,

    /* U+0058 "X" */
    0x0, 0xe7, 0xff, 0xea, 0x1e, 0x0, 0x0, 0x0,
    0x0, 0x0, 0x53, 0xfa, 0xff, 0xaf, 0x0, 0x0,
    0x73, 0xff, 0xff, 0x98, 0x0, 0x0, 0x0, 0x0,
    0x3, 0xd9, 0xff, 0xff, 0x41, 0x0, 0x0, 0x7,
    0xe1, 0xff, 0xf9, 0x1d, 0x0, 0x0, 0x0, 0x5c,
    0xff, 0xff, 0xb3, 0x0, 0x0, 0x0, 0x0, 0x5e,
    0xff, 0xff, 0x96, 0x0, 0x0, 0x2, 0xd8, 0xff,
    0xfc, 0x2a, 0x0, 0x0, 0x0, 0x0, 0x2, 0xd1,
    0xff, 0xf9, 0x1c, 0x0, 0x5a, 0xff, 0xff, 0x99,
    0x0, 0x0, 0x0, 0x0, 0x0, 0x0, 0x48, 0xff,
    0xff, 0x94, 0x2, 0xd6, 0xff, 0xf3, 0x18, 0x0,
    0x0, 0x0, 0x0, 0x0, 0x0, 0x0, 0xbe, 0xff,
    0xf8, 0x74, 0xff, 0xff, 0x7e, 0x0, 0x0, 0x0,
    0x0, 0x0, 0x0, 0x0, 0x0, 0x34, 0xfe, 0xff,
    0xff, 0xff, 0xe6, 0xb, 0x0, 0x0, 0x0, 0x0,
    0x0, 0x0, 0x0, 0x0, 0x0, 0xb6, 0xff, 0xff,
    0xff, 0x72, 0x0, 0x0, 0x0, 0x0, 0x0, 0x0,
    0x0, 0x0, 0x0, 0x10, 0xee, 0xff, 0xff, 0xff,
    0xbb, 0x0, 0x0, 0x0, 0x0, 0x0, 0x0, 0x0,
    0x0, 0x0, 0x86, 0xff, 0xff, 0xed, 0xff, 0xff,
    0x41, 0x0, 0x0, 0x0, 0x0, 0x0, 0x0, 0x0,
    0x17, 0xf4, 0xff, 0xe3, 0x37, 0xfe, 0xff, 0xc7,
    0x0, 0x0, 0x0, 0x0, 0x0, 0x0, 0x0, 0x93,
    0xff, 0xff, 0x69, 0x0, 0xae, 0xff, 0xff, 0x4e,
    0x0, 0x0, 0x0, 0x0, 0x0, 0x1f, 0xf9, 0xff,
    0xe1, 0x6, 0x0, 0x2f, 0xfe, 0xff, 0xd3, 0x2,
    0x0, 0x0, 0x0, 0x0, 0x9f, 0xff, 0xff, 0x66,
    0x0, 0x0, 0x0, 0xad, 0xff, 0xff, 0x5c, 0x0,
    0x0, 0x0, 0x28, 0xfc, 0xff, 0xdf, 0x5, 0x0,
    0x0, 0x0, 0x2d, 0xfe, 0xff, 0xdd, 0x5, 0x0,
    0x0, 0xac, 0xff, 0xff, 0x63, 0x0, 0x0, 0x0,
    0x0, 0x0, 0xab, 0xff, 0xff, 0x69, 0x0, 0x1d,
    0xfe, 0xff, 0xd1, 0x4, 0x0, 0x0, 0x0, 0x0,
    0x0, 0x2a, 0xf4, 0xff, 0xd8, 0x0,

    /* U+0059 "Y" */
    0x6c, 0xff, 0xff, 0x93, 0x0, 0x0, 0x0, 0x0,
    0x0, 0x0, 0x5d, 0xfe, 0xff, 0xa4, 0x13, 0xf3,
    0xff, 0xf8, 0x17, 0x0, 0x0, 0x0, 0x0, 0x1,
    0xd5, 0xff, 0xff, 0x3e, 0x0, 0x8b, 0xff, 0xff,
    0x83, 0x0, 0x0, 0x0, 0x0, 0x48, 0xff, 0xff,
    0xc2, 0x0, 0x0, 0x17, 0xf7, 0xff, 0xec, 0xa,
    0x0, 0x0, 0x0, 0xb9, 0xff, 0xff, 0x46, 0x0,
    0x0, 0x0, 0x93, 0xff, 0xff, 0x69, 0x0, 0x0,
    0x2a, 0xfe, 0xff, 0xca, 0x0, 0x0, 0x0, 0x0,
    0x1d, 0xfa, 0xff, 0xda, 0x2, 0x0, 0x9a, 0xff,
    0xff, 0x4f, 0x0, 0x0, 0x0, 0x0, 0x0, 0x9c,
    0xff, 0xff, 0x4f, 0x14, 0xf6, 0xff, 0xd2, 0x1,
    0x0, 0x0, 0x0, 0x0, 0x0, 0x23, 0xfc, 0xff,
    0xc2, 0x7c, 0xff, 0xff, 0x57, 0x0, 0x0, 0x0,
    0x0, 0x0, 0x0, 0x0, 0xa4, 0xff, 0xff, 0xf5,
    0xff, 0xd9, 0x2, 0x0, 0x0, 0x0, 0x0, 0x0,
    0x0, 0x0, 0x2a, 0xfe, 0xff, 0xff, 0xff, 0x60,
    0x0, 0x0, 0x0, 0x0, 0x0, 0x0, 0x0, 0x0,
    0x0, 0xad, 0xff, 0xff, 0xdf, 0x4, 0x0, 0x0,
    0x0, 0x0, 0x0, 0x0, 0x0, 0x0, 0x0, 0x4b,
    0xff, 0xff, 0x83, 0x0, 0x0, 0x0, 0x0, 0x0,
    0x0, 0x0, 0x0, 0x0, 0x0, 0x44, 0xff, 0xff,
    0x7c, 0x0, 0x0, 0x0, 0x0, 0x0, 0x0, 0x0,
    0x0, 0x0, 0x0, 0x44, 0xff, 0xff, 0x7c, 0x0,
    0x0, 0x0, 0x0, 0x0, 0x0, 0x0, 0x0, 0x0,
    0x0, 0x44, 0xff, 0xff, 0x7c, 0x0, 0x0, 0x0,
    0x0, 0x0, 0x0, 0x0, 0x0, 0x0, 0x0, 0x44,
    0xff, 0xff, 0x7c, 0x0, 0x0, 0x0, 0x0, 0x0,
    0x0, 0x0, 0x0, 0x0, 0x0, 0x44, 0xff, 0xff,
    0x7c, 0x0, 0x0, 0x0, 0x0, 0x0, 0x0, 0x0,
    0x0, 0x0, 0x0, 0x37, 0xfe, 0xff, 0x6d, 0x0,
    0x0, 0x0, 0x0, 0x0,

    /* U+005A "Z" */
    0x3d, 0xfe, 0xff, 0xff, 0xff, 0xff, 0xff, 0xff,
    0xff, 0xff, 0xff, 0x89, 0x4c, 0xff, 0xff, 0xff,
    0xff, 0xff, 0xff, 0xff, 0xff, 0xff, 0xff, 0x98,
    0x1c, 0x8e, 0x90, 0x90, 0x90, 0x90, 0x90, 0x90,
    0xc9, 0xff, 0xff, 0x90, 0x0, 0x0, 0x0, 0x0,
    0x0, 0x0, 0x0, 0x11, 0xe8, 0xff, 0xff, 0x3f,
    0x0, 0x0, 0x0, 0x0, 0x0, 0x0, 0x0, 0x9f,
    0xff, 0xff, 0x9e, 0x0, 0x0, 0x0, 0x0, 0x0,
    0x0, 0x0, 0x43, 0xff, 0xff, 0xe7, 0x11, 0x0,
    0x0, 0x0, 0x0, 0x0, 0x0, 0x9, 0xdc, 0xff,
    0xff, 0x52, 0x0, 0x0, 0x0, 0x0, 0x0, 0x0,
    0x0, 0x8b, 0xff, 0xff, 0xac, 0x0, 0x0, 0x0,
    0x0, 0x0, 0x0, 0x0, 0x33, 0xfc, 0xff, 0xee,
    0x17, 0x0, 0x0, 0x0, 0x0, 0x0, 0x0, 0x4,
    0xcf, 0xff, 0xff, 0x60, 0x0, 0x0, 0x0, 0x0,
    0x0, 0x0, 0x0, 0x78, 0xff, 0xff, 0xb9, 0x0,
    0x0, 0x0, 0x0, 0x0, 0x0, 0x0, 0x24, 0xf7,
    0xff, 0xf4, 0x20, 0x0, 0x0, 0x0, 0x0, 0x0,
    0x0, 0x0, 0xbe, 0xff, 0xff, 0x6e, 0x0, 0x0,
    0x0, 0x0, 0x0, 0x0, 0x0, 0x64, 0xff, 0xff,
    0xc5, 0x2, 0x0, 0x0, 0x0, 0x0, 0x0, 0x0,
    0x18, 0xef, 0xff, 0xf8, 0x29, 0x0, 0x0, 0x0,
    0x0, 0x0, 0x0, 0x0, 0x94, 0xff, 0xff, 0xd8,
    0x8c, 0x8c, 0x8c, 0x8c, 0x8c, 0x8c, 0x8c, 0x6c,
    0xb7, 0xff, 0xff, 0xff, 0xff, 0xff, 0xff, 0xff,
    0xff, 0xff, 0xff, 0xe0, 0xa8, 0xff, 0xff, 0xff,
    0xff, 0xff, 0xff, 0xff, 0xff, 0xff, 0xff, 0xd0,

    /* U+005B "[" */
    0xee, 0xff, 0xff, 0xff, 0xcd, 0xfc, 0xff, 0xec,
    0xe0, 0xb2, 0xfc, 0xff, 0x41, 0x0, 0x0, 0xfc,
    0xff, 0x40, 0x0, 0x0, 0xfc, 0xff, 0x40, 0x0,
    0x0, 0xfc, 0xff, 0x40, 0x0, 0x0, 0xfc, 0xff,
    0x40, 0x0, 0x0, 0xfc, 0xff, 0x40, 0x0, 0x0,
    0xfc, 0xff, 0x40, 0x0, 0x0, 0xfc, 0xff, 0x40,
    0x0, 0x0, 0xfc, 0xff, 0x40, 0x0, 0x0, 0xfc,
    0xff, 0x40, 0x0, 0x0, 0xfc, 0xff, 0x40, 0x0,
    0x0, 0xfc, 0xff, 0x40, 0x0, 0x0, 0xfc, 0xff,
    0x40, 0x0, 0x0, 0xfc, 0xff, 0x40, 0x0, 0x0,
    0xfc, 0xff, 0x40, 0x0, 0x0, 0xfc, 0xff, 0x40,
    0x0, 0x0, 0xfc, 0xff, 0xec, 0xe0, 0xb2, 0xed,
    0xff, 0xff, 0xff, 0xcd,

    /* U+005C "\\" */
    0xbc, 0xff, 0xc6, 0x0, 0x0, 0x0, 0x0, 0x0,
    0x0, 0x0, 0x71, 0xff, 0xff, 0x37, 0x0, 0x0,
    0x0, 0x0, 0x0, 0x0, 0x16, 0xfb, 0xff, 0x96,
    0x0, 0x0, 0x0, 0x0, 0x0, 0x0, 0x0, 0xb3,
    0xff, 0xee, 0x7, 0x0, 0x0, 0x0, 0x0, 0x0,
    0x0, 0x54, 0xff, 0xff, 0x54, 0x0, 0x0, 0x0,
    0x0, 0x0, 0x0, 0x7, 0xee, 0xff, 0xb2, 0x0,
    0x0, 0x0, 0x0, 0x0, 0x0, 0x0, 0x96, 0xff,
    0xfa, 0x15, 0x0, 0x0, 0x0, 0x0, 0x0, 0x0,
    0x36, 0xff, 0xff, 0x6e, 0x0, 0x0, 0x0, 0x0,
    0x0, 0x0, 0x0, 0xd7, 0xff, 0xcc, 0x0, 0x0,
    0x0, 0x0, 0x0, 0x0, 0x0, 0x78, 0xff, 0xff,
    0x2a, 0x0, 0x0, 0x0, 0x0, 0x0, 0x0, 0x1b,
    0xfd, 0xff, 0x87, 0x0, 0x0, 0x0, 0x0, 0x0,
    0x0, 0x0, 0xba, 0xff, 0xe3, 0x2, 0x0, 0x0,
    0x0, 0x0, 0x0, 0x0, 0x5a, 0xff, 0xff, 0x43,
    0x0, 0x0, 0x0, 0x0, 0x0, 0x0, 0x9, 0xf1,
    0xff, 0xa2, 0x0, 0x0, 0x0, 0x0, 0x0, 0x0,
    0x0, 0x9c, 0xff, 0xf4, 0xc, 0x0, 0x0, 0x0,
    0x0, 0x0, 0x0, 0x3d, 0xff, 0xff, 0x60, 0x0,
    0x0, 0x0, 0x0, 0x0, 0x0, 0x0, 0xdd, 0xff,
    0xc1, 0x0, 0x0, 0x0, 0x0, 0x0, 0x0, 0x0,
    0x71, 0xff, 0xfc, 0x14,

    /* U+005D "]" */
    0x42, 0xfe, 0xff, 0xff, 0xff, 0x7a, 0x39, 0xde,
    0xe0, 0xfb, 0xff, 0x88, 0x0, 0x0, 0x0, 0xb9,
    0xff, 0x88, 0x0, 0x0, 0x0, 0xb8, 0xff, 0x88,
    0x0, 0x0, 0x0, 0xb8, 0xff, 0x88, 0x0, 0x0,
    0x0, 0xb8, 0xff, 0x88, 0x0, 0x0, 0x0, 0xb8,
    0xff, 0x88, 0x0, 0x0, 0x0, 0xb8, 0xff, 0x88,
    0x0, 0x0, 0x0, 0xb8, 0xff, 0x88, 0x0, 0x0,
    0x0, 0xb8, 0xff, 0x88, 0x0, 0x0, 0x0, 0xb8,
    0xff, 0x88, 0x0, 0x0, 0x0, 0xb8, 0xff, 0x88,
    0x0, 0x0, 0x0, 0xb8, 0xff, 0x88, 0x0, 0x0,
    0x0, 0xb8, 0xff, 0x88, 0x0, 0x0, 0x0, 0xb8,
    0xff, 0x88, 0x0, 0x0, 0x0, 0xb8, 0xff, 0x88,
    0x0, 0x0, 0x0, 0xb8, 0xff, 0x88, 0x0, 0x0,
    0x0, 0xb9, 0xff, 0x88, 0x38, 0xde, 0xe0, 0xfb,
    0xff, 0x88, 0x43, 0xfe, 0xff, 0xff, 0xff, 0x79,

    /* U+005E "^" */
    0x0, 0x0, 0x0, 0x0, 0x59, 0x80, 0x7f, 0x40,
    0x0, 0x0, 0x0, 0x0, 0x0, 0x0, 0x0, 0x45,
    0xff, 0xff, 0xff, 0xf6, 0x1d, 0x0, 0x0, 0x0,
    0x0, 0x0, 0x2, 0xd0, 0xff, 0xba, 0xe3, 0xff,
    0xa1, 0x0, 0x0, 0x0, 0x0, 0x0, 0x5f, 0xff,
    0xfd, 0x2d, 0x63, 0xff, 0xfd, 0x2e, 0x0, 0x0,
    0x0, 0x8, 0xe2, 0xff, 0xa1, 0x0, 0x3, 0xd5,
    0xff, 0xb8, 0x0, 0x0, 0x0, 0x77, 0xff, 0xf9,
    0x1f, 0x0, 0x0, 0x4f, 0xff, 0xff, 0x44, 0x0,
    0x13, 0xf0, 0xff, 0x8f, 0x0, 0x0, 0x0, 0x0,
    0xc4, 0xff, 0xcd, 0x1, 0x7e, 0xff, 0xe6, 0x14,
    0x0, 0x0, 0x0, 0x0, 0x37, 0xf7, 0xff, 0x4a,

    /* U+005F "_" */
    0x7a, 0x88, 0x88, 0x88, 0x88, 0x88, 0x88, 0x88,
    0x88, 0x87, 0x2b, 0xf1, 0xff, 0xff, 0xff, 0xff,
    0xff, 0xff, 0xff, 0xff, 0xff, 0x5c,

    /* U+0060 "`" */
    0x25, 0x8c, 0x8c, 0x61, 0x0, 0x0, 0x5, 0xbe,
    0xff, 0xfe, 0x34, 0x0, 0x0, 0x10, 0xd6, 0xff,
    0xbd, 0x0, 0x0, 0x0, 0x21, 0xe1, 0xff, 0x3b,

    /* U+0061 "a" */
    0x0, 0x6, 0x7c, 0xd7, 0xf9, 0xff, 0xff, 0xff,
    0xff, 0xff, 0xff, 0x88, 0x0, 0xb0, 0xff, 0xff,
    0xff, 0xff, 0xff, 0xff, 0xff, 0xff, 0xff, 0x98,
    0x39, 0xff, 0xff, 0xeb, 0x75, 0x54, 0x54, 0x54,
    0x71, 0xff, 0xff, 0x98, 0x74, 0xff, 0xff, 0x5f,
    0x0, 0x0, 0x0, 0x0, 0x24, 0xff, 0xff, 0x98,
    0x83, 0xff, 0xff, 0x36, 0x0, 0x0, 0x0, 0x0,
    0x24, 0xff, 0xff, 0x98, 0x84, 0xff, 0xff, 0x34,
    0x0, 0x0, 0x0, 0x0, 0x24, 0xff, 0xff, 0x98,
    0x84, 0xff, 0xff, 0x34, 0x0, 0x0, 0x0, 0x0,
    0x24, 0xff, 0xff, 0x98, 0x84, 0xff, 0xff, 0x34,
    0x0, 0x0, 0x0, 0x0, 0x24, 0xff, 0xff, 0x98,
    0x84, 0xff, 0xff, 0x34, 0x0, 0x0, 0x0, 0x0,
    0x24, 0xff, 0xff, 0x98, 0x83, 0xff, 0xff, 0x36,
    0x0, 0x0, 0x0, 0x0, 0x2c, 0xff, 0xff, 0x98,
    0x73, 0xff, 0xff, 0x5f, 0x0, 0x0, 0x0, 0x0,
    0x66, 0xff, 0xff, 0x98, 0x37, 0xff, 0xff, 0xea,
    0x74, 0x54, 0x57, 0x81, 0xf2, 0xff, 0xff, 0x98,
    0x0, 0xad, 0xff, 0xff, 0xff, 0xff, 0xff, 0xff,
    0xe1, 0xff, 0xff, 0x98, 0x0, 0x5, 0x7b, 0xd7,
    0xf9, 0xff, 0xf2, 0xb0, 0x36, 0xfb, 0xff, 0x89,

    /* U+0062 "b" */
    0x30, 0xfd, 0xff, 0x6d, 0x0, 0x0, 0x0, 0x0,
    0x0, 0x0, 0x0, 0x0, 0x0, 0x3c, 0xff, 0xff,
    0x7c, 0x0, 0x0, 0x0, 0x0, 0x0, 0x0, 0x0,
    0x0, 0x0, 0x3c, 0xff, 0xff, 0x7c, 0x0, 0x0,
    0x0, 0x0, 0x0, 0x0, 0x0, 0x0, 0x0, 0x3c,
    0xff, 0xff, 0x7c, 0x0, 0x0, 0x0, 0x0, 0x0,
    0x0, 0x0, 0x0, 0x0, 0x3c, 0xff, 0xff, 0x7c,
    0x0, 0x0, 0x0, 0x0, 0x0, 0x0, 0x0, 0x0,
    0x0, 0x3c, 0xff, 0xff, 0x7d, 0x7d, 0xe2, 0xfd,
    0xfe, 0xed, 0xb0, 0x30, 0x0, 0x0, 0x3c, 0xff,
    0xff, 0xde, 0xff, 0xff, 0xff, 0xff, 0xff, 0xff,
    0xf6, 0x33, 0x0, 0x3c, 0xff, 0xff, 0xff, 0xa6,
    0x5f, 0x54, 0x5d, 0xae, 0xff, 0xff, 0xb8, 0x0,
    0x3c, 0xff, 0xff, 0xba, 0x0, 0x0, 0x0, 0x0,
    0x3, 0xe0, 0xff, 0xf3, 0x0, 0x3c, 0xff, 0xff,
    0x82, 0x0, 0x0, 0x0, 0x0, 0x0, 0xba, 0xff,
    0xff, 0x3, 0x3c, 0xff, 0xff, 0x7c, 0x0, 0x0,
    0x0, 0x0, 0x0, 0xb8, 0xff, 0xff, 0x4, 0x3c,
    0xff, 0xff, 0x7c, 0x0, 0x0, 0x0, 0x0, 0x0,
    0xb8, 0xff, 0xff, 0x4, 0x3c, 0xff, 0xff, 0x7c,
    0x0, 0x0, 0x0, 0x0, 0x0, 0xb8, 0xff, 0xff,
    0x4, 0x3c, 0xff, 0xff, 0x7c, 0x0, 0x0, 0x0,
    0x0, 0x0, 0xb8, 0xff, 0xff, 0x4, 0x3c, 0xff,
    0xff, 0x7c, 0x0, 0x0, 0x0, 0x0, 0x0, 0xba,
    0xff, 0xff, 0x3, 0x3c, 0xff, 0xff, 0x7c, 0x0,
    0x0, 0x0, 0x0, 0x3, 0xe0, 0xff, 0xf3, 0x0,
    0x3c, 0xff, 0xff, 0xad, 0x54, 0x54, 0x54, 0x5d,
    0xae, 0xff, 0xff, 0xb6, 0x0, 0x3c, 0xff, 0xff,
    0xff, 0xff, 0xff, 0xff, 0xff, 0xff, 0xff, 0xf7,
    0x33, 0x0, 0x30, 0xfd, 0xff, 0xff, 0xff, 0xff,
    0xff, 0xfe, 0xee, 0xb1, 0x31, 0x0, 0x0,

    /* U+0063 "c" */
    0x0, 0x6, 0x7c, 0xd7, 0xf9, 0xff, 0xff, 0xff,
    0xff, 0x61, 0x0, 0xb0, 0xff, 0xff, 0xff, 0xff,
    0xff, 0xff, 0xff, 0x6f, 0x39, 0xff, 0xff, 0xeb,
    0x75, 0x54, 0x54, 0x54, 0x53, 0x17, 0x74, 0xff,
    0xff, 0x5f, 0x0, 0x0, 0x0, 0x0, 0x0, 0x0,
    0x83, 0xff, 0xff, 0x36, 0x0, 0x0, 0x0, 0x0,
    0x0, 0x0, 0x84, 0xff, 0xff, 0x34, 0x0, 0x0,
    0x0, 0x0, 0x0, 0x0, 0x84, 0xff, 0xff, 0x34,
    0x0, 0x0, 0x0, 0x0, 0x0, 0x0, 0x84, 0xff,
    0xff, 0x34, 0x0, 0x0, 0x0, 0x0, 0x0, 0x0,
    0x84, 0xff, 0xff, 0x34, 0x0, 0x0, 0x0, 0x0,
    0x0, 0x0, 0x83, 0xff, 0xff, 0x36, 0x0, 0x0,
    0x0, 0x0, 0x0, 0x0, 0x73, 0xff, 0xff, 0x5f,
    0x0, 0x0, 0x0, 0x0, 0x0, 0x0, 0x37, 0xff,
    0xff, 0xea, 0x74, 0x54, 0x54, 0x54, 0x53, 0x16,
    0x0, 0xad, 0xff, 0xff, 0xff, 0xff, 0xff, 0xff,
    0xff, 0x6f, 0x0, 0x5, 0x7b, 0xd7, 0xf9, 0xff,
    0xff, 0xff, 0xff, 0x62,

    /* U+0064 "d" */
    0x0, 0x0, 0x0, 0x0, 0x0, 0x0, 0x0, 0x0,
    0x0, 0xf2, 0xff, 0xad, 0x0, 0x0, 0x0, 0x0,
    0x0, 0x0, 0x0, 0x0, 0x0, 0xff, 0xff, 0xbc,
    0x0, 0x0, 0x0, 0x0, 0x0, 0x0, 0x0, 0x0,
    0x0, 0xff, 0xff, 0xbc, 0x0, 0x0, 0x0, 0x0,
    0x0, 0x0, 0x0, 0x0, 0x0, 0xff, 0xff, 0xbc,
    0x0, 0x0, 0x0, 0x0, 0x0, 0x0, 0x0, 0x0,
    0x0, 0xff, 0xff, 0xbc, 0x0, 0x9, 0x88, 0xde,
    0xfb, 0xff, 0xf5, 0xc0, 0x2d, 0xff, 0xff, 0xbc,
    0x0, 0xb9, 0xff, 0xff, 0xff, 0xff, 0xff, 0xff,
    0xe1, 0xff, 0xff, 0xbc, 0x3d, 0xff, 0xff, 0xeb,
    0x75, 0x54, 0x55, 0x77, 0xe8, 0xff, 0xff, 0xbc,
    0x75, 0xff, 0xff, 0x5f, 0x0, 0x0, 0x0, 0x0,
    0x42, 0xff, 0xff, 0xbc, 0x83, 0xff, 0xff, 0x36,
    0x0, 0x0, 0x0, 0x0, 0x8, 0xff, 0xff, 0xbc,
    0x84, 0xff, 0xff, 0x34, 0x0, 0x0, 0x0, 0x0,
    0x0, 0xff, 0xff, 0xbc, 0x84, 0xff, 0xff, 0x34,
    0x0, 0x0, 0x0, 0x0, 0x0, 0xff, 0xff, 0xbc,
    0x84, 0xff, 0xff, 0x34, 0x0, 0x0, 0x0, 0x0,
    0x0, 0xff, 0xff, 0xbc, 0x84, 0xff, 0xff, 0x34,
    0x0, 0x0, 0x0, 0x0, 0x0, 0xff, 0xff, 0xbc,
    0x83, 0xff, 0xff, 0x36, 0x0, 0x0, 0x0, 0x0,
    0x8, 0xff, 0xff, 0xbc, 0x75, 0xff, 0xff, 0x5f,
    0x0, 0x0, 0x0, 0x0, 0x42, 0xff, 0xff, 0xbc,
    0x3c, 0xff, 0xff, 0xea, 0x74, 0x54, 0x55, 0x76,
    0xe7, 0xff, 0xff, 0xbc, 0x0, 0xb9, 0xff, 0xff,
    0xff, 0xff, 0xff, 0xff, 0xe1, 0xff, 0xff, 0xbc,
    0x0, 0x9, 0x89, 0xdf, 0xfc, 0xff, 0xf6, 0xc1,
    0x2d, 0xf1, 0xff, 0xad,

    /* U+0065 "e" */
    0x0, 0x6, 0x7c, 0xd7, 0xf9, 0xff, 0xff, 0xf8,
    0xd5, 0x77, 0x4, 0x0, 0x0, 0xb0, 0xff, 0xff,
    0xff, 0xff, 0xff, 0xff, 0xff, 0xff, 0xaa, 0x0,
    0x39, 0xff, 0xff, 0xe2, 0x6f, 0x54, 0x55, 0x72,
    0xe7, 0xff, 0xff, 0x35, 0x74, 0xff, 0xff, 0x55,
    0x0, 0x0, 0x0, 0x0, 0x5f, 0xff, 0xff, 0x6e,
    0x83, 0xff, 0xff, 0x34, 0x0, 0x0, 0x0, 0x0,
    0x3d, 0xff, 0xff, 0x7b, 0x84, 0xff, 0xff, 0x34,
    0x0, 0x0, 0x0, 0x0, 0x3c, 0xff, 0xff, 0x7c,
    0x84, 0xff, 0xff, 0xe7, 0xdc, 0xdc, 0xdc, 0xdc,
    0xe8, 0xff, 0xff, 0x7c, 0x84, 0xff, 0xff, 0xff,
    0xff, 0xff, 0xff, 0xff, 0xff, 0xff, 0xff, 0x6c,
    0x84, 0xff, 0xff, 0x31, 0x0, 0x0, 0x0, 0x0,
    0x0, 0x0, 0x0, 0x0, 0x83, 0xff, 0xff, 0x2f,
    0x0, 0x0, 0x0, 0x0, 0x0, 0x0, 0x0, 0x0,
    0x73, 0xff, 0xff, 0x5b, 0x0, 0x0, 0x0, 0x0,
    0x0, 0x0, 0x0, 0x0, 0x37, 0xff, 0xff, 0xe9,
    0x71, 0x50, 0x50, 0x50, 0x50, 0x50, 0x4f, 0x10,
    0x0, 0xad, 0xff, 0xff, 0xff, 0xff, 0xff, 0xff,
    0xff, 0xff, 0xff, 0x5e, 0x0, 0x5, 0x7b, 0xd7,
    0xf9, 0xff, 0xff, 0xff, 0xff, 0xff, 0xff, 0x52,

    /* U+0066 "f" */
    0x0, 0x0, 0x0, 0x0, 0x40, 0xbc, 0xf1, 0xff,
    0xe2, 0x0, 0x0, 0x0, 0x3f, 0xfc, 0xff, 0xff,
    0xff, 0xef, 0x0, 0x0, 0x0, 0xba, 0xff, 0xff,
    0x9f, 0x5a, 0x41, 0x0, 0x0, 0x0, 0xea, 0xff,
    0xe4, 0x1, 0x0, 0x0, 0x0, 0x0, 0x2, 0xf6,
    0xff, 0xd0, 0x0, 0x0, 0x0, 0x2f, 0xfd, 0xff,
    0xff, 0xff, 0xff, 0xff, 0xff, 0xe1, 0x37, 0xff,
    0xff, 0xff, 0xff, 0xff, 0xff, 0xff, 0xef, 0x7,
    0x51, 0x56, 0xfa, 0xff, 0xe1, 0x54, 0x54, 0x40,
    0x0, 0x0, 0x0, 0xf4, 0xff, 0xcc, 0x0, 0x0,
    0x0, 0x0, 0x0, 0x0, 0xf4, 0xff, 0xcc, 0x0,
    0x0, 0x0, 0x0, 0x0, 0x0, 0xf4, 0xff, 0xcc,
    0x0, 0x0, 0x0, 0x0, 0x0, 0x0, 0xf4, 0xff,
    0xcc, 0x0, 0x0, 0x0, 0x0, 0x0, 0x0, 0xf4,
    0xff, 0xcc, 0x0, 0x0, 0x0, 0x0, 0x0, 0x0,
    0xf4, 0xff, 0xcc, 0x0, 0x0, 0x0, 0x0, 0x0,
    0x0, 0xf4, 0xff, 0xcc, 0x0, 0x0, 0x0, 0x0,
    0x0, 0x0, 0xf4, 0xff, 0xcc, 0x0, 0x0, 0x0,
    0x0, 0x0, 0x0, 0xf4, 0xff, 0xcc, 0x0, 0x0,
    0x0, 0x0, 0x0, 0x0, 0xf4, 0xff, 0xcc, 0x0,
    0x0, 0x0, 0x0, 0x0, 0x0, 0xe5, 0xff, 0xbd,
    0x0, 0x0, 0x0,

    /* U+0067 "g" */
    0x0, 0x3, 0x73, 0xd4, 0xf8, 0xff, 0xff, 0xff,
    0xff, 0xff, 0xff, 0x98, 0x0, 0xa2, 0xff, 0xff,
    0xff, 0xff, 0xff, 0xff, 0xff, 0xff, 0xff, 0xa8,
    0x2d, 0xff, 0xff, 0xef, 0x79, 0x55, 0x54, 0x54,
    0x69, 0xff, 0xff, 0xa8, 0x66, 0xff, 0xff, 0x6f,
    0x0, 0x0, 0x0, 0x0, 0x18, 0xff, 0xff, 0xa8,
    0x73, 0xff, 0xff, 0x49, 0x0, 0x0, 0x0, 0x0,
    0x18, 0xff, 0xff, 0xa8, 0x74, 0xff, 0xff, 0x48,
    0x0, 0x0, 0x0, 0x0, 0x18, 0xff, 0xff, 0xa8,
    0x74, 0xff, 0xff, 0x48, 0x0, 0x0, 0x0, 0x0,
    0x18, 0xff, 0xff, 0xa8, 0x74, 0xff, 0xff, 0x48,
    0x0, 0x0, 0x0, 0x0, 0x18, 0xff, 0xff, 0xa8,
    0x73, 0xff, 0xff, 0x49, 0x0, 0x0, 0x0, 0x0,
    0x1e, 0xff, 0xff, 0xa8, 0x67, 0xff, 0xff, 0x71,
    0x0, 0x0, 0x0, 0x0, 0x58, 0xff, 0xff, 0xa8,
    0x31, 0xff, 0xff, 0xf1, 0x80, 0x5d, 0x5e, 0x83,
    0xf0, 0xff, 0xff, 0xa8, 0x0, 0xb0, 0xff, 0xff,
    0xff, 0xff, 0xff, 0xff, 0xde, 0xff, 0xff, 0xa8,
    0x0, 0x7, 0x84, 0xdd, 0xfb, 0xff, 0xf3, 0xb3,
    0x35, 0xff, 0xff, 0xa8, 0x0, 0x0, 0x0, 0x0,
    0x0, 0x0, 0x0, 0x0, 0x1a, 0xff, 0xff, 0xa7,
    0x0, 0x0, 0x0, 0x0, 0x0, 0x0, 0x0, 0x0,
    0x45, 0xff, 0xff, 0x98, 0x0, 0x18, 0x53, 0x54,
    0x54, 0x54, 0x54, 0x6d, 0xe1, 0xff, 0xff, 0x5d,
    0x0, 0x73, 0xff, 0xff, 0xff, 0xff, 0xff, 0xff,
    0xff, 0xff, 0xca, 0x5, 0x0, 0x66, 0xff, 0xff,
    0xff, 0xff, 0xff, 0xfb, 0xde, 0x8a, 0xc, 0x0,

    /* U+0068 "h" */
    0x30, 0xfd, 0xff, 0x6d, 0x0, 0x0, 0x0, 0x0,
    0x0, 0x0, 0x0, 0x0, 0x3c, 0xff, 0xff, 0x7c,
    0x0, 0x0, 0x0, 0x0, 0x0, 0x0, 0x0, 0x0,
    0x3c, 0xff, 0xff, 0x7c, 0x0, 0x0, 0x0, 0x0,
    0x0, 0x0, 0x0, 0x0, 0x3c, 0xff, 0xff, 0x7c,
    0x0, 0x0, 0x0, 0x0, 0x0, 0x0, 0x0, 0x0,
    0x3c, 0xff, 0xff, 0x7c, 0x0, 0x0, 0x0, 0x0,
    0x0, 0x0, 0x0, 0x0, 0x3c, 0xff, 0xff, 0x7d,
    0x82, 0xe3, 0xfd, 0xfe, 0xec, 0xad, 0x29, 0x0,
    0x3c, 0xff, 0xff, 0xe1, 0xff, 0xff, 0xff, 0xff,
    0xff, 0xff, 0xf0, 0x22, 0x3c, 0xff, 0xff, 0xff,
    0xa8, 0x5f, 0x54, 0x63, 0xc5, 0xff, 0xff, 0x97,
    0x3c, 0xff, 0xff, 0xbd, 0x0, 0x0, 0x0, 0x0,
    0xf, 0xf9, 0xff, 0xd0, 0x3c, 0xff, 0xff, 0x83,
    0x0, 0x0, 0x0, 0x0, 0x0, 0xde, 0xff, 0xdf,
    0x3c, 0xff, 0xff, 0x7c, 0x0, 0x0, 0x0, 0x0,
    0x0, 0xdc, 0xff, 0xe0, 0x3c, 0xff, 0xff, 0x7c,
    0x0, 0x0, 0x0, 0x0, 0x0, 0xdc, 0xff, 0xe0,
    0x3c, 0xff, 0xff, 0x7c, 0x0, 0x0, 0x0, 0x0,
    0x0, 0xdc, 0xff, 0xe0, 0x3c, 0xff, 0xff, 0x7c,
    0x0, 0x0, 0x0, 0x0, 0x0, 0xdc, 0xff, 0xe0,
    0x3c, 0xff, 0xff, 0x7c, 0x0, 0x0, 0x0, 0x0,
    0x0, 0xdc, 0xff, 0xe0, 0x3c, 0xff, 0xff, 0x7c,
    0x0, 0x0, 0x0, 0x0, 0x0, 0xdc, 0xff, 0xe0,
    0x3c, 0xff, 0xff, 0x7c, 0x0, 0x0, 0x0, 0x0,
    0x0, 0xdc, 0xff, 0xe0, 0x3c, 0xff, 0xff, 0x7c,
    0x0, 0x0, 0x0, 0x0, 0x0, 0xdc, 0xff, 0xe0,
    0x30, 0xfd, 0xff, 0x6d, 0x0, 0x0, 0x0, 0x0,
    0x0, 0xcd, 0xff, 0xd1,

    /* U+0069 "i" */
    0x10, 0xfa, 0xff, 0x93, 0x18, 0xff, 0xff, 0xa0,
    0x17, 0xff, 0xff, 0x9f, 0x2, 0x62, 0x68, 0x33,
    0x0, 0x0, 0x0, 0x0, 0x10, 0xfa, 0xff, 0x91,
    0x18, 0xff, 0xff, 0xa0, 0x18, 0xff, 0xff, 0xa0,
    0x18, 0xff, 0xff, 0xa0, 0x18, 0xff, 0xff, 0xa0,
    0x18, 0xff, 0xff, 0xa0, 0x18, 0xff, 0xff, 0xa0,
    0x18, 0xff, 0xff, 0xa0, 0x18, 0xff, 0xff, 0xa0,
    0x18, 0xff, 0xff, 0xa0, 0x18, 0xff, 0xff, 0xa0,
    0x18, 0xff, 0xff, 0xa0, 0x18, 0xff, 0xff, 0xa0,
    0x10, 0xf9, 0xff, 0x94,

    /* U+006A "j" */
    0x0, 0x0, 0x0, 0x10, 0xfa, 0xff, 0x93, 0x0,
    0x0, 0x0, 0x18, 0xff, 0xff, 0xa0, 0x0, 0x0,
    0x0, 0x17, 0xff, 0xff, 0x9f, 0x0, 0x0, 0x0,
    0x2, 0x62, 0x68, 0x33, 0x0, 0x0, 0x0, 0x0,
    0x0, 0x0, 0x0, 0x0, 0x0, 0x0, 0x10, 0xfa,
    0xff, 0x91, 0x0, 0x0, 0x0, 0x18, 0xff, 0xff,
    0xa0, 0x0, 0x0, 0x0, 0x18, 0xff, 0xff, 0xa0,
    0x0, 0x0, 0x0, 0x18, 0xff, 0xff, 0xa0, 0x0,
    0x0, 0x0, 0x18, 0xff, 0xff, 0xa0, 0x0, 0x0,
    0x0, 0x18, 0xff, 0xff, 0xa0, 0x0, 0x0, 0x0,
    0x18, 0xff, 0xff, 0xa0, 0x0, 0x0, 0x0, 0x18,
    0xff, 0xff, 0xa0, 0x0, 0x0, 0x0, 0x18, 0xff,
    0xff, 0xa0, 0x0, 0x0, 0x0, 0x18, 0xff, 0xff,
    0xa0, 0x0, 0x0, 0x0, 0x18, 0xff, 0xff, 0xa0,
    0x0, 0x0, 0x0, 0x18, 0xff, 0xff, 0xa0, 0x0,
    0x0, 0x0, 0x18, 0xff, 0xff, 0xa0, 0x0, 0x0,
    0x0, 0x1f, 0xff, 0xff, 0x9f, 0x0, 0x0, 0x0,
    0x52, 0xff, 0xff, 0x90, 0x2d, 0x57, 0x7a, 0xea,
    0xff, 0xff, 0x53, 0xb3, 0xff, 0xff, 0xff, 0xff,
    0xc1, 0x3, 0xa5, 0xff, 0xfb, 0xdc, 0x85, 0x9,
    0x0,

    /* U+006B "k" */
    0x30, 0xfd, 0xff, 0x6d, 0x0, 0x0, 0x0, 0x0,
    0x0, 0x0, 0x0, 0x0, 0x3c, 0xff, 0xff, 0x7c,
    0x0, 0x0, 0x0, 0x0, 0x0, 0x0, 0x0, 0x0,
    0x3c, 0xff, 0xff, 0x7c, 0x0, 0x0, 0x0, 0x0,
    0x0, 0x0, 0x0, 0x0, 0x3c, 0xff, 0xff, 0x7c,
    0x0, 0x0, 0x0, 0x0, 0x0, 0x0, 0x0, 0x0,
    0x3c, 0xff, 0xff, 0x7c, 0x0, 0x0, 0x0, 0x0,
    0x0, 0x0, 0x0, 0x0, 0x3c, 0xff, 0xff, 0x7c,
    0x0, 0x0, 0x0, 0xe, 0xd8, 0xff, 0xfd, 0x20,
    0x3c, 0xff, 0xff, 0x7c, 0x0, 0x0, 0x0, 0x92,
    0xff, 0xff, 0x93, 0x0, 0x3c, 0xff, 0xff, 0x7c,
    0x0, 0x0, 0x31, 0xfc, 0xff, 0xe1, 0xc, 0x0,
    0x3c, 0xff, 0xff, 0x7c, 0x0, 0x1, 0xc8, 0xff,
    0xff, 0x4a, 0x0, 0x0, 0x3c, 0xff, 0xff, 0x7c,
    0x0, 0x67, 0xff, 0xff, 0xa5, 0x0, 0x0, 0x0,
    0x3c, 0xff, 0xff, 0x7c, 0x15, 0xed, 0xff, 0xec,
    0x15, 0x0, 0x0, 0x0, 0x3c, 0xff, 0xff, 0x7c,
    0x90, 0xff, 0xff, 0x67, 0x0, 0x0, 0x0, 0x0,
    0x3c, 0xff, 0xff, 0x7c, 0x64, 0xff, 0xff, 0xac,
    0x0, 0x0, 0x0, 0x0, 0x3c, 0xff, 0xff, 0x7c,
    0x1, 0xc5, 0xff, 0xff, 0x50, 0x0, 0x0, 0x0,
    0x3c, 0xff, 0xff, 0x7c, 0x0, 0x2c, 0xfa, 0xff,
    0xe5, 0xe, 0x0, 0x0, 0x3c, 0xff, 0xff, 0x7c,
    0x0, 0x0, 0x88, 0xff, 0xff, 0x98, 0x0, 0x0,
    0x3c, 0xff, 0xff, 0x7c, 0x0, 0x0, 0x9, 0xde,
    0xff, 0xfe, 0x3c, 0x0, 0x3c, 0xff, 0xff, 0x7c,
    0x0, 0x0, 0x0, 0x49, 0xff, 0xff, 0xd7, 0x7,
    0x30, 0xfd, 0xff, 0x6d, 0x0, 0x0, 0x0, 0x0,
    0x97, 0xfd, 0xff, 0x67,

    /* U+006C "l" */
    0x10, 0xf9, 0xff, 0x91, 0x18, 0xff, 0xff, 0xa0,
    0x18, 0xff, 0xff, 0xa0, 0x18, 0xff, 0xff, 0xa0,
    0x18, 0xff, 0xff, 0xa0, 0x18, 0xff, 0xff, 0xa0,
    0x18, 0xff, 0xff, 0xa0, 0x18, 0xff, 0xff, 0xa0,
    0x18, 0xff, 0xff, 0xa0, 0x18, 0xff, 0xff, 0xa0,
    0x18, 0xff, 0xff, 0xa0, 0x18, 0xff, 0xff, 0xa0,
    0x18, 0xff, 0xff, 0xa0, 0x18, 0xff, 0xff, 0xa0,
    0x18, 0xff, 0xff, 0xa0, 0x18, 0xff, 0xff, 0xa0,
    0x18, 0xff, 0xff, 0xa0, 0x18, 0xff, 0xff, 0xa0,
    0x10, 0xf9, 0xff, 0x91,

    /* U+006D "m" */
    0x30, 0xfd, 0xff, 0x6d, 0x74, 0xdc, 0xfc, 0xfc,
    0xe0, 0x89, 0x9, 0x10, 0x93, 0xe5, 0xfe, 0xfa,
    0xd8, 0x79, 0x3, 0x0, 0x3c, 0xff, 0xff, 0xdf,
    0xff, 0xff, 0xff, 0xff, 0xff, 0xff, 0xb6, 0xca,
    0xff, 0xff, 0xff, 0xff, 0xff, 0xff, 0x9c, 0x0,
    0x3c, 0xff, 0xff, 0xff, 0xa8, 0x5f, 0x55, 0x78,
    0xed, 0xff, 0xff, 0xff, 0xb0, 0x61, 0x56, 0x80,
    0xf4, 0xff, 0xfe, 0x21, 0x3c, 0xff, 0xff, 0xbd,
    0x0, 0x0, 0x0, 0x0, 0x69, 0xff, 0xff, 0xc8,
    0x0, 0x0, 0x0, 0x0, 0x81, 0xff, 0xff, 0x57,
    0x3c, 0xff, 0xff, 0x83, 0x0, 0x0, 0x0, 0x0,
    0x3e, 0xff, 0xff, 0x8c, 0x0, 0x0, 0x0, 0x0,
    0x56, 0xff, 0xff, 0x67, 0x3c, 0xff, 0xff, 0x7c,
    0x0, 0x0, 0x0, 0x0, 0x3c, 0xff, 0xff, 0x84,
    0x0, 0x0, 0x0, 0x0, 0x54, 0xff, 0xff, 0x68,
    0x3c, 0xff, 0xff, 0x7c, 0x0, 0x0, 0x0, 0x0,
    0x3c, 0xff, 0xff, 0x84, 0x0, 0x0, 0x0, 0x0,
    0x54, 0xff, 0xff, 0x68, 0x3c, 0xff, 0xff, 0x7c,
    0x0, 0x0, 0x0, 0x0, 0x3c, 0xff, 0xff, 0x84,
    0x0, 0x0, 0x0, 0x0, 0x54, 0xff, 0xff, 0x68,
    0x3c, 0xff, 0xff, 0x7c, 0x0, 0x0, 0x0, 0x0,
    0x3c, 0xff, 0xff, 0x84, 0x0, 0x0, 0x0, 0x0,
    0x54, 0xff, 0xff, 0x68, 0x3c, 0xff, 0xff, 0x7c,
    0x0, 0x0, 0x0, 0x0, 0x3c, 0xff, 0xff, 0x84,
    0x0, 0x0, 0x0, 0x0, 0x54, 0xff, 0xff, 0x68,
    0x3c, 0xff, 0xff, 0x7c, 0x0, 0x0, 0x0, 0x0,
    0x3c, 0xff, 0xff, 0x84, 0x0, 0x0, 0x0, 0x0,
    0x54, 0xff, 0xff, 0x68, 0x3c, 0xff, 0xff, 0x7c,
    0x0, 0x0, 0x0, 0x0, 0x3c, 0xff, 0xff, 0x84,
    0x0, 0x0, 0x0, 0x0, 0x54, 0xff, 0xff, 0x68,
    0x3c, 0xff, 0xff, 0x7c, 0x0, 0x0, 0x0, 0x0,
    0x3c, 0xff, 0xff, 0x84, 0x0, 0x0, 0x0, 0x0,
    0x54, 0xff, 0xff, 0x68, 0x30, 0xfd, 0xff, 0x6d,
    0x0, 0x0, 0x0, 0x0, 0x30, 0xfd, 0xff, 0x75,
    0x0, 0x0, 0x0, 0x0, 0x46, 0xff, 0xff, 0x5a,

    /* U+006E "n" */
    0x30, 0xfd, 0xff, 0x6f, 0x82, 0xe3, 0xfd, 0xfe,
    0xec, 0xad, 0x29, 0x0, 0x3c, 0xff, 0xff, 0xe1,
    0xff, 0xff, 0xff, 0xff, 0xff, 0xff, 0xf0, 0x22,
    0x3c, 0xff, 0xff, 0xff, 0xa8, 0x5f, 0x54, 0x63,
    0xc5, 0xff, 0xff, 0x97, 0x3c, 0xff, 0xff, 0xbd,
    0x0, 0x0, 0x0, 0x0, 0xf, 0xf9, 0xff, 0xd0,
    0x3c, 0xff, 0xff, 0x83, 0x0, 0x0, 0x0, 0x0,
    0x0, 0xde, 0xff, 0xdf, 0x3c, 0xff, 0xff, 0x7c,
    0x0, 0x0, 0x0, 0x0, 0x0, 0xdc, 0xff, 0xe0,
    0x3c, 0xff, 0xff, 0x7c, 0x0, 0x0, 0x0, 0x0,
    0x0, 0xdc, 0xff, 0xe0, 0x3c, 0xff, 0xff, 0x7c,
    0x0, 0x0, 0x0, 0x0, 0x0, 0xdc, 0xff, 0xe0,
    0x3c, 0xff, 0xff, 0x7c, 0x0, 0x0, 0x0, 0x0,
    0x0, 0xdc, 0xff, 0xe0, 0x3c, 0xff, 0xff, 0x7c,
    0x0, 0x0, 0x0, 0x0, 0x0, 0xdc, 0xff, 0xe0,
    0x3c, 0xff, 0xff, 0x7c, 0x0, 0x0, 0x0, 0x0,
    0x0, 0xdc, 0xff, 0xe0, 0x3c, 0xff, 0xff, 0x7c,
    0x0, 0x0, 0x0, 0x0, 0x0, 0xdc, 0xff, 0xe0,
    0x3c, 0xff, 0xff, 0x7c, 0x0, 0x0, 0x0, 0x0,
    0x0, 0xdc, 0xff, 0xe0, 0x30, 0xfd, 0xff, 0x6d,
    0x0, 0x0, 0x0, 0x0, 0x0, 0xcd, 0xff, 0xd1,

    /* U+006F "o" */
    0x0, 0x6, 0x7c, 0xd7, 0xf9, 0xff, 0xff, 0xfa,
    0xdc, 0x88, 0xb, 0x0, 0x0, 0xb0, 0xff, 0xff,
    0xff, 0xff, 0xff, 0xff, 0xff, 0xff, 0xc6, 0x4,
    0x39, 0xff, 0xff, 0xe5, 0x71, 0x54, 0x54, 0x6c,
    0xdd, 0xff, 0xff, 0x59, 0x74, 0xff, 0xff, 0x5a,
    0x0, 0x0, 0x0, 0x0, 0x3c, 0xff, 0xff, 0x97,
    0x83, 0xff, 0xff, 0x35, 0x0, 0x0, 0x0, 0x0,
    0x12, 0xff, 0xff, 0xa7, 0x84, 0xff, 0xff, 0x34,
    0x0, 0x0, 0x0, 0x0, 0x10, 0xff, 0xff, 0xa8,
    0x84, 0xff, 0xff, 0x34, 0x0, 0x0, 0x0, 0x0,
    0x10, 0xff, 0xff, 0xa8, 0x84, 0xff, 0xff, 0x34,
    0x0, 0x0, 0x0, 0x0, 0x10, 0xff, 0xff, 0xa8,
    0x84, 0xff, 0xff, 0x34, 0x0, 0x0, 0x0, 0x0,
    0x10, 0xff, 0xff, 0xa8, 0x83, 0xff, 0xff, 0x35,
    0x0, 0x0, 0x0, 0x0, 0x12, 0xff, 0xff, 0xa7,
    0x73, 0xff, 0xff, 0x5a, 0x0, 0x0, 0x0, 0x0,
    0x3b, 0xff, 0xff, 0x96, 0x37, 0xff, 0xff, 0xe5,
    0x71, 0x54, 0x54, 0x6a, 0xdc, 0xff, 0xff, 0x58,
    0x0, 0xad, 0xff, 0xff, 0xff, 0xff, 0xff, 0xff,
    0xff, 0xff, 0xc3, 0x4, 0x0, 0x5, 0x7b, 0xd7,
    0xf9, 0xff, 0xff, 0xfb, 0xdc, 0x86, 0xa, 0x0,

    /* U+0070 "p" */
    0x30, 0xfd, 0xff, 0x6f, 0x82, 0xe3, 0xfd, 0xff,
    0xf2, 0xbc, 0x3d, 0x0, 0x0, 0x3c, 0xff, 0xff,
    0xe1, 0xff, 0xff, 0xff, 0xff, 0xff, 0xff, 0xfb,
    0x3d, 0x0, 0x3c, 0xff, 0xff, 0xff, 0xa8, 0x5f,
    0x54, 0x5e, 0xb0, 0xff, 0xff, 0xbc, 0x0, 0x3c,
    0xff, 0xff, 0xbd, 0x0, 0x0, 0x0, 0x0, 0x3,
    0xe1, 0xff, 0xf4, 0x0, 0x3c, 0xff, 0xff, 0x83,
    0x0, 0x0, 0x0, 0x0, 0x0, 0xba, 0xff, 0xff,
    0x3, 0x3c, 0xff, 0xff, 0x7c, 0x0, 0x0, 0x0,
    0x0, 0x0, 0xb8, 0xff, 0xff, 0x4, 0x3c, 0xff,
    0xff, 0x7c, 0x0, 0x0, 0x0, 0x0, 0x0, 0xb8,
    0xff, 0xff, 0x4, 0x3c, 0xff, 0xff, 0x7c, 0x0,
    0x0, 0x0, 0x0, 0x0, 0xb8, 0xff, 0xff, 0x4,
    0x3c, 0xff, 0xff, 0x7c, 0x0, 0x0, 0x0, 0x0,
    0x0, 0xb8, 0xff, 0xff, 0x4, 0x3c, 0xff, 0xff,
    0x83, 0x0, 0x0, 0x0, 0x0, 0x0, 0xba, 0xff,
    0xff, 0x3, 0x3c, 0xff, 0xff, 0xbd, 0x0, 0x0,
    0x0, 0x0, 0x3, 0xe1, 0xff, 0xf4, 0x0, 0x3c,
    0xff, 0xff, 0xff, 0xa7, 0x5e, 0x54, 0x5d, 0xaf,
    0xff, 0xff, 0xbb, 0x0, 0x3c, 0xff, 0xff, 0xe1,
    0xff, 0xff, 0xff, 0xff, 0xff, 0xff, 0xfb, 0x3d,
    0x0, 0x3c, 0xff, 0xff, 0x7e, 0x82, 0xe4, 0xfe,
    0xff, 0xf3, 0xbd, 0x3e, 0x0, 0x0, 0x3c, 0xff,
    0xff, 0x7c, 0x0, 0x0, 0x0, 0x0, 0x0, 0x0,
    0x0, 0x0, 0x0, 0x3c, 0xff, 0xff, 0x7c, 0x0,
    0x0, 0x0, 0x0, 0x0, 0x0, 0x0, 0x0, 0x0,
    0x3c, 0xff, 0xff, 0x7c, 0x0, 0x0, 0x0, 0x0,
    0x0, 0x0, 0x0, 0x0, 0x0, 0x30, 0xfd, 0xff,
    0x6c, 0x0, 0x0, 0x0, 0x0, 0x0, 0x0, 0x0,
    0x0, 0x0,

    /* U+0071 "q" */
    0x0, 0x6, 0x7c, 0xd7, 0xf9, 0xff, 0xff, 0xff,
    0xff, 0xff, 0xff, 0x88, 0x0, 0xb0, 0xff, 0xff,
    0xff, 0xff, 0xff, 0xff, 0xff, 0xff, 0xff, 0x98,
    0x39, 0xff, 0xff, 0xeb, 0x75, 0x54, 0x54, 0x54,
    0x71, 0xff, 0xff, 0x98, 0x74, 0xff, 0xff, 0x5f,
    0x0, 0x0, 0x0, 0x0, 0x24, 0xff, 0xff, 0x98,
    0x83, 0xff, 0xff, 0x36, 0x0, 0x0, 0x0, 0x0,
    0x24, 0xff, 0xff, 0x98, 0x84, 0xff, 0xff, 0x34,
    0x0, 0x0, 0x0, 0x0, 0x24, 0xff, 0xff, 0x98,
    0x84, 0xff, 0xff, 0x34, 0x0, 0x0, 0x0, 0x0,
    0x24, 0xff, 0xff, 0x98, 0x84, 0xff, 0xff, 0x34,
    0x0, 0x0, 0x0, 0x0, 0x24, 0xff, 0xff, 0x98,
    0x84, 0xff, 0xff, 0x34, 0x0, 0x0, 0x0, 0x0,
    0x24, 0xff, 0xff, 0x98, 0x83, 0xff, 0xff, 0x36,
    0x0, 0x0, 0x0, 0x0, 0x2d, 0xff, 0xff, 0x98,
    0x73, 0xff, 0xff, 0x5f, 0x0, 0x0, 0x0, 0x0,
    0x6a, 0xff, 0xff, 0x98, 0x37, 0xff, 0xff, 0xea,
    0x74, 0x54, 0x58, 0x85, 0xf4, 0xff, 0xff, 0x98,
    0x0, 0xad, 0xff, 0xff, 0xff, 0xff, 0xff, 0xff,
    0xdb, 0xff, 0xff, 0x98, 0x0, 0x5, 0x7b, 0xd7,
    0xf9, 0xff, 0xef, 0xa6, 0x39, 0xff, 0xff, 0x98,
    0x0, 0x0, 0x0, 0x0, 0x0, 0x0, 0x0, 0x0,
    0x24, 0xff, 0xff, 0x98, 0x0, 0x0, 0x0, 0x0,
    0x0, 0x0, 0x0, 0x0, 0x24, 0xff, 0xff, 0x98,
    0x0, 0x0, 0x0, 0x0, 0x0, 0x0, 0x0, 0x0,
    0x24, 0xff, 0xff, 0x98, 0x0, 0x0, 0x0, 0x0,
    0x0, 0x0, 0x0, 0x0, 0x1a, 0xfb, 0xff, 0x89,

    /* U+0072 "r" */
    0x30, 0xfd, 0xff, 0x6e, 0x73, 0xdc, 0xfd, 0xe5,
    0x3c, 0xff, 0xff, 0xdc, 0xff, 0xff, 0xff, 0xf3,
    0x3c, 0xff, 0xff, 0xff, 0xae, 0x60, 0x54, 0x46,
    0x3c, 0xff, 0xff, 0xc5, 0x0, 0x0, 0x0, 0x0,
    0x3c, 0xff, 0xff, 0x87, 0x0, 0x0, 0x0, 0x0,
    0x3c, 0xff, 0xff, 0x7c, 0x0, 0x0, 0x0, 0x0,
    0x3c, 0xff, 0xff, 0x7c, 0x0, 0x0, 0x0, 0x0,
    0x3c, 0xff, 0xff, 0x7c, 0x0, 0x0, 0x0, 0x0,
    0x3c, 0xff, 0xff, 0x7c, 0x0, 0x0, 0x0, 0x0,
    0x3c, 0xff, 0xff, 0x7c, 0x0, 0x0, 0x0, 0x0,
    0x3c, 0xff, 0xff, 0x7c, 0x0, 0x0, 0x0, 0x0,
    0x3c, 0xff, 0xff, 0x7c, 0x0, 0x0, 0x0, 0x0,
    0x3c, 0xff, 0xff, 0x7c, 0x0, 0x0, 0x0, 0x0,
    0x30, 0xfd, 0xff, 0x6d, 0x0, 0x0, 0x0, 0x0,

    /* U+0073 "s" */
    0x0, 0x4b, 0xc1, 0xea, 0xff, 0xff, 0xff, 0xff,
    0xfe, 0x34, 0x0, 0x46, 0xff, 0xff, 0xff, 0xff,
    0xff, 0xff, 0xff, 0xff, 0x3e, 0x0, 0xb1, 0xff,
    0xff, 0x99, 0x4e, 0x48, 0x48, 0x48, 0x46, 0x7,
    0x0, 0xd2, 0xff, 0xfc, 0x2, 0x0, 0x0, 0x0,
    0x0, 0x0, 0x0, 0x0, 0xb6, 0xff, 0xff, 0x74,
    0x0, 0x0, 0x0, 0x0, 0x0, 0x0, 0x0, 0x42,
    0xfb, 0xff, 0xff, 0xcb, 0x4a, 0x0, 0x0, 0x0,
    0x0, 0x0, 0x0, 0x44, 0xda, 0xff, 0xff, 0xff,
    0xc9, 0x47, 0x0, 0x0, 0x0, 0x0, 0x0, 0x5,
    0x61, 0xd7, 0xff, 0xff, 0xff, 0xb4, 0xb, 0x0,
    0x0, 0x0, 0x0, 0x0, 0x1, 0x51, 0xd6, 0xff,
    0xff, 0x98, 0x0, 0x0, 0x0, 0x0, 0x0, 0x0,
    0x0, 0xe, 0xeb, 0xff, 0xeb, 0x0, 0x0, 0x0,
    0x0, 0x0, 0x0, 0x0, 0x0, 0xcb, 0xff, 0xff,
    0x2, 0x25, 0x40, 0x40, 0x40, 0x40, 0x44, 0x78,
    0xfc, 0xff, 0xe5, 0x0, 0xc2, 0xff, 0xff, 0xff,
    0xff, 0xff, 0xff, 0xff, 0xff, 0x78, 0x0, 0xb5,
    0xff, 0xff, 0xff, 0xff, 0xff, 0xf6, 0xce, 0x69,
    0x1, 0x0,

    /* U+0074 "t" */
    0x0, 0x0, 0x76, 0xff, 0xfc, 0x26, 0x0, 0x0,
    0x0, 0x0, 0x0, 0x88, 0xff, 0xff, 0x34, 0x0,
    0x0, 0x0, 0x0, 0x0, 0x88, 0xff, 0xff, 0x34,
    0x0, 0x0, 0x0, 0x0, 0x0, 0x8d, 0xff, 0xff,
    0x3a, 0x0, 0x0, 0x0, 0x95, 0xff, 0xff, 0xff,
    0xff, 0xff, 0xff, 0xff, 0x90, 0xa3, 0xff, 0xff,
    0xff, 0xff, 0xff, 0xff, 0xff, 0x9f, 0x2b, 0x54,
    0xb4, 0xff, 0xff, 0x7c, 0x54, 0x54, 0x27, 0x0,
    0x0, 0x88, 0xff, 0xff, 0x34, 0x0, 0x0, 0x0,
    0x0, 0x0, 0x88, 0xff, 0xff, 0x34, 0x0, 0x0,
    0x0, 0x0, 0x0, 0x88, 0xff, 0xff, 0x34, 0x0,
    0x0, 0x0, 0x0, 0x0, 0x88, 0xff, 0xff, 0x34,
    0x0, 0x0, 0x0, 0x0, 0x0, 0x88, 0xff, 0xff,
    0x34, 0x0, 0x0, 0x0, 0x0, 0x0, 0x88, 0xff,
    0xff, 0x34, 0x0, 0x0, 0x0, 0x0, 0x0, 0x87,
    0xff, 0xff, 0x36, 0x0, 0x0, 0x0, 0x0, 0x0,
    0x79, 0xff, 0xff, 0x60, 0x0, 0x0, 0x0, 0x0,
    0x0, 0x3c, 0xff, 0xff, 0xec, 0x78, 0x55, 0x3e,
    0x0, 0x0, 0x0, 0xaf, 0xff, 0xff, 0xff, 0xff,
    0xe7, 0x0, 0x0, 0x0, 0x5, 0x79, 0xd5, 0xf9,
    0xff, 0xda,

    /* U+0075 "u" */
    0x52, 0xff, 0xff, 0x4a, 0x0, 0x0, 0x0, 0x0,
    0x0, 0xf1, 0xff, 0xac, 0x60, 0xff, 0xff, 0x58,
    0x0, 0x0, 0x0, 0x0, 0x0, 0xff, 0xff, 0xbc,
    0x60, 0xff, 0xff, 0x58, 0x0, 0x0, 0x0, 0x0,
    0x0, 0xff, 0xff, 0xbc, 0x60, 0xff, 0xff, 0x58,
    0x0, 0x0, 0x0, 0x0, 0x0, 0xff, 0xff, 0xbc,
    0x60, 0xff, 0xff, 0x58, 0x0, 0x0, 0x0, 0x0,
    0x0, 0xff, 0xff, 0xbc, 0x60, 0xff, 0xff, 0x58,
    0x0, 0x0, 0x0, 0x0, 0x0, 0xff, 0xff, 0xbc,
    0x60, 0xff, 0xff, 0x58, 0x0, 0x0, 0x0, 0x0,
    0x0, 0xff, 0xff, 0xbc, 0x60, 0xff, 0xff, 0x58,
    0x0, 0x0, 0x0, 0x0, 0x0, 0xff, 0xff, 0xbc,
    0x60, 0xff, 0xff, 0x58, 0x0, 0x0, 0x0, 0x0,
    0x0, 0xff, 0xff, 0xbc, 0x5f, 0xff, 0xff, 0x5a,
    0x0, 0x0, 0x0, 0x0, 0x8, 0xff, 0xff, 0xbc,
    0x51, 0xff, 0xff, 0x83, 0x0, 0x0, 0x0, 0x0,
    0x42, 0xff, 0xff, 0xbc, 0x1b, 0xfd, 0xff, 0xf5,
    0x80, 0x56, 0x55, 0x76, 0xe7, 0xff, 0xff, 0xbc,
    0x0, 0x95, 0xff, 0xff, 0xff, 0xff, 0xff, 0xff,
    0xe1, 0xff, 0xff, 0xbc, 0x0, 0x2, 0x76, 0xd7,
    0xfa, 0xff, 0xf6, 0xc0, 0x2c, 0xf1, 0xff, 0xad,

    /* U+0076 "v" */
    0x66, 0xff, 0xfd, 0x41, 0x0, 0x0, 0x0, 0x0,
    0x0, 0xb8, 0xff, 0xf2, 0x1, 0x2c, 0xff, 0xff,
    0x8d, 0x0, 0x0, 0x0, 0x0, 0xd, 0xfb, 0xff,
    0xb7, 0x0, 0x0, 0xe0, 0xff, 0xd0, 0x0, 0x0,
    0x0, 0x0, 0x4b, 0xff, 0xff, 0x6c, 0x0, 0x0,
    0x97, 0xff, 0xfe, 0x15, 0x0, 0x0, 0x0, 0x8d,
    0xff, 0xff, 0x22, 0x0, 0x0, 0x4d, 0xff, 0xff,
    0x57, 0x0, 0x0, 0x0, 0xcf, 0xff, 0xd8, 0x0,
    0x0, 0x0, 0xa, 0xf8, 0xff, 0x9b, 0x0, 0x0,
    0x12, 0xfd, 0xff, 0x8e, 0x0, 0x0, 0x0, 0x0,
    0xb8, 0xff, 0xde, 0x0, 0x0, 0x53, 0xff, 0xff,
    0x43, 0x0, 0x0, 0x0, 0x0, 0x6e, 0xff, 0xff,
    0x21, 0x0, 0x95, 0xff, 0xf3, 0x6, 0x0, 0x0,
    0x0, 0x0, 0x23, 0xff, 0xff, 0x65, 0x0, 0xd7,
    0xff, 0xaf, 0x0, 0x0, 0x0, 0x0, 0x0, 0x0,
    0xd9, 0xff, 0xa8, 0x19, 0xff, 0xff, 0x64, 0x0,
    0x0, 0x0, 0x0, 0x0, 0x0, 0x8f, 0xff, 0xea,
    0x5c, 0xff, 0xff, 0x1b, 0x0, 0x0, 0x0, 0x0,
    0x0, 0x0, 0x45, 0xff, 0xff, 0xd5, 0xff, 0xd0,
    0x0, 0x0, 0x0, 0x0, 0x0, 0x0, 0x0, 0x6,
    0xf3, 0xff, 0xff, 0xff, 0x86, 0x0, 0x0, 0x0,
    0x0, 0x0, 0x0, 0x0, 0x0, 0xa2, 0xff, 0xff,
    0xfa, 0x33, 0x0, 0x0, 0x0, 0x0,

    /* U+0077 "w" */
    0x59, 0xff, 0xff, 0x74, 0x0, 0x0, 0x0, 0x0,
    0xc2, 0xff, 0xf8, 0x26, 0x0, 0x0, 0x0, 0x29,
    0xfa, 0xff, 0xac, 0x27, 0xff, 0xff, 0xb3, 0x0,
    0x0, 0x0, 0xe, 0xfc, 0xff, 0xff, 0x68, 0x0,
    0x0, 0x0, 0x64, 0xff, 0xff, 0x7a, 0x0, 0xe7,
    0xff, 0xe6, 0x0, 0x0, 0x0, 0x48, 0xff, 0xff,
    0xff, 0xa4, 0x0, 0x0, 0x0, 0x96, 0xff, 0xff,
    0x3b, 0x0, 0xa9, 0xff, 0xff, 0x18, 0x0, 0x0,
    0x85, 0xff, 0xc5, 0xff, 0xdf, 0x0, 0x0, 0x0,
    0xc8, 0xff, 0xf6, 0x6, 0x0, 0x6a, 0xff, 0xff,
    0x4b, 0x0, 0x0, 0xc2, 0xff, 0x52, 0xf8, 0xff,
    0x1b, 0x0, 0x3, 0xf6, 0xff, 0xbd, 0x0, 0x0,
    0x2b, 0xff, 0xff, 0x7d, 0x0, 0x6, 0xf7, 0xff,
    0x15, 0xc7, 0xff, 0x56, 0x0, 0x2d, 0xff, 0xff,
    0x7e, 0x0, 0x0, 0x1, 0xea, 0xff, 0xb0, 0x0,
    0x3b, 0xff, 0xdc, 0x0, 0x8f, 0xff, 0x91, 0x0,
    0x5f, 0xff, 0xff, 0x3f, 0x0, 0x0, 0x0, 0xad,
    0xff, 0xe2, 0x0, 0x78, 0xff, 0xa5, 0x0, 0x57,
    0xff, 0xcd, 0x0, 0x91, 0xff, 0xf8, 0x7, 0x0,
    0x0, 0x0, 0x6d, 0xff, 0xff, 0x15, 0xb5, 0xff,
    0x6e, 0x0, 0x1f, 0xff, 0xfc, 0xc, 0xc3, 0xff,
    0xc0, 0x0, 0x0, 0x0, 0x0, 0x2e, 0xff, 0xff,
    0x49, 0xef, 0xff, 0x36, 0x0, 0x0, 0xe6, 0xff,
    0x45, 0xf2, 0xff, 0x81, 0x0, 0x0, 0x0, 0x0,
    0x1, 0xed, 0xff, 0xaf, 0xff, 0xf9, 0x6, 0x0,
    0x0, 0xaf, 0xff, 0xac, 0xff, 0xff, 0x42, 0x0,
    0x0, 0x0, 0x0, 0x0, 0xb0, 0xff, 0xff, 0xff,
    0xc8, 0x0, 0x0, 0x0, 0x76, 0xff, 0xff, 0xff,
    0xf9, 0x9, 0x0, 0x0, 0x0, 0x0, 0x0, 0x71,
    0xff, 0xff, 0xff, 0x90, 0x0, 0x0, 0x0, 0x3e,
    0xff, 0xff, 0xff, 0xc4, 0x0, 0x0, 0x0, 0x0,
    0x0, 0x0, 0x2a, 0xf9, 0xff, 0xfe, 0x4d, 0x0,
    0x0, 0x0, 0xa, 0xed, 0xff, 0xff, 0x79, 0x0,
    0x0, 0x0,

    /* U+0078 "x" */
    0x2c, 0xff, 0xff, 0xd3, 0x5, 0x0, 0x0, 0x0,
    0x8e, 0xff, 0xff, 0x70, 0x0, 0x0, 0xaa, 0xff,
    0xff, 0x62, 0x0, 0x0, 0x17, 0xf8, 0xff, 0xe6,
    0xb, 0x0, 0x0, 0x20, 0xf7, 0xff, 0xda, 0x2,
    0x0, 0x84, 0xff, 0xff, 0x63, 0x0, 0x0, 0x0,
    0x0, 0x86, 0xff, 0xff, 0x58, 0xa, 0xed, 0xff,
    0xd2, 0x2, 0x0, 0x0, 0x0, 0x0, 0xd, 0xe7,
    0xff, 0xd2, 0x6e, 0xff, 0xff, 0x47, 0x0, 0x0,
    0x0, 0x0, 0x0, 0x0, 0x63, 0xff, 0xff, 0xf6,
    0xff, 0xb8, 0x0, 0x0, 0x0, 0x0, 0x0, 0x0,
    0x0, 0x2, 0xd1, 0xff, 0xff, 0xff, 0x2e, 0x0,
    0x0, 0x0, 0x0, 0x0, 0x0, 0x0, 0xd, 0xe9,
    0xff, 0xff, 0xff, 0x5c, 0x0, 0x0, 0x0, 0x0,
    0x0, 0x0, 0x0, 0x86, 0xff, 0xff, 0xe9, 0xff,
    0xe3, 0xa, 0x0, 0x0, 0x0, 0x0, 0x0, 0x1d,
    0xf7, 0xff, 0xc1, 0x54, 0xff, 0xff, 0x7e, 0x0,
    0x0, 0x0, 0x0, 0x0, 0xa4, 0xff, 0xff, 0x46,
    0x1, 0xd4, 0xff, 0xf4, 0x1a, 0x0, 0x0, 0x0,
    0x33, 0xfe, 0xff, 0xca, 0x0, 0x0, 0x58, 0xff,
    0xff, 0xa0, 0x0, 0x0, 0x0, 0xc0, 0xff, 0xff,
    0x4f, 0x0, 0x0, 0x2, 0xd7, 0xff, 0xfe, 0x33,
    0x0, 0x40, 0xff, 0xff, 0xc5, 0x1, 0x0, 0x0,
    0x0, 0x53, 0xfc, 0xff, 0xb4, 0x0,

    /* U+0079 "y" */
    0x48, 0xff, 0xff, 0x68, 0x0, 0x0, 0x0, 0x0,
    0x0, 0x52, 0xfe, 0xff, 0x5e, 0xe, 0xf9, 0xff,
    0xbd, 0x0, 0x0, 0x0, 0x0, 0x0, 0xa6, 0xff,
    0xff, 0x26, 0x0, 0xb9, 0xff, 0xfa, 0xe, 0x0,
    0x0, 0x0, 0x3, 0xed, 0xff, 0xda, 0x0, 0x0,
    0x69, 0xff, 0xff, 0x53, 0x0, 0x0, 0x0, 0x3b,
    0xff, 0xff, 0x8e, 0x0, 0x0, 0x1a, 0xfe, 0xff,
    0x9e, 0x0, 0x0, 0x0, 0x86, 0xff, 0xff, 0x42,
    0x0, 0x0, 0x0, 0xca, 0xff, 0xe8, 0x1, 0x0,
    0x0, 0xd0, 0xff, 0xf1, 0x5, 0x0, 0x0, 0x0,
    0x7a, 0xff, 0xff, 0x34, 0x0, 0x1b, 0xff, 0xff,
    0xaa, 0x0, 0x0, 0x0, 0x0, 0x2a, 0xff, 0xff,
    0x7f, 0x0, 0x65, 0xff, 0xff, 0x5d, 0x0, 0x0,
    0x0, 0x0, 0x0, 0xda, 0xff, 0xca, 0x0, 0xb0,
    0xff, 0xfd, 0x14, 0x0, 0x0, 0x0, 0x0, 0x0,
    0x8b, 0xff, 0xfe, 0x1d, 0xf3, 0xff, 0xc5, 0x0,
    0x0, 0x0, 0x0, 0x0, 0x0, 0x3b, 0xff, 0xff,
    0xa6, 0xff, 0xff, 0x79, 0x0, 0x0, 0x0, 0x0,
    0x0, 0x0, 0x2, 0xe8, 0xff, 0xff, 0xff, 0xff,
    0x2d, 0x0, 0x0, 0x0, 0x0, 0x0, 0x0, 0x0,
    0x80, 0xe4, 0xfe, 0xff, 0xe1, 0x0, 0x0, 0x0,
    0x0, 0x0, 0x0, 0x0, 0x0, 0x0, 0x2b, 0xff,
    0xff, 0x93, 0x0, 0x0, 0x0, 0x0, 0x0, 0x0,
    0x0, 0x0, 0x0, 0xae, 0xff, 0xff, 0x38, 0x0,
    0x0, 0x0, 0x0, 0x0, 0x21, 0x5c, 0x6d, 0xb8,
    0xff, 0xff, 0xbe, 0x0, 0x0, 0x0, 0x0, 0x0,
    0x0, 0x83, 0xff, 0xff, 0xff, 0xff, 0xea, 0x22,
    0x0, 0x0, 0x0, 0x0, 0x0, 0x0, 0x75, 0xff,
    0xfd, 0xe6, 0xa0, 0x1f, 0x0, 0x0, 0x0, 0x0,
    0x0, 0x0,

    /* U+007A "z" */
    0x0, 0xd0, 0xff, 0xff, 0xff, 0xff, 0xff, 0xff,
    0xff, 0xff, 0xe5, 0x0, 0x0, 0xdf, 0xff, 0xff,
    0xff, 0xff, 0xff, 0xff, 0xff, 0xff, 0xf2, 0x0,
    0x0, 0x48, 0x64, 0x64, 0x64, 0x64, 0x64, 0xac,
    0xff, 0xff, 0xbf, 0x0, 0x0, 0x0, 0x0, 0x0,
    0x0, 0x0, 0x19, 0xec, 0xff, 0xf6, 0x28, 0x0,
    0x0, 0x0, 0x0, 0x0, 0x0, 0x1, 0xb9, 0xff,
    0xff, 0x6c, 0x0, 0x0, 0x0, 0x0, 0x0, 0x0,
    0x0, 0x6e, 0xff, 0xff, 0xb9, 0x1, 0x0, 0x0,
    0x0, 0x0, 0x0, 0x0, 0x2a, 0xf7, 0xff, 0xee,
    0x1b, 0x0, 0x0, 0x0, 0x0, 0x0, 0x0, 0x5,
    0xce, 0xff, 0xff, 0x57, 0x0, 0x0, 0x0, 0x0,
    0x0, 0x0, 0x0, 0x88, 0xff, 0xff, 0xa5, 0x0,
    0x0, 0x0, 0x0, 0x0, 0x0, 0x0, 0x3d, 0xfd,
    0xff, 0xe2, 0x10, 0x0, 0x0, 0x0, 0x0, 0x0,
    0x0, 0xe, 0xdf, 0xff, 0xfe, 0x43, 0x0, 0x0,
    0x0, 0x0, 0x0, 0x0, 0x0, 0x9e, 0xff, 0xff,
    0xd0, 0x64, 0x64, 0x64, 0x64, 0x64, 0x60, 0xa,
    0xf, 0xfe, 0xff, 0xff, 0xff, 0xff, 0xff, 0xff,
    0xff, 0xff, 0xff, 0x3b, 0x13, 0xf9, 0xff, 0xff,
    0xff, 0xff, 0xff, 0xff, 0xff, 0xff, 0xfc, 0x2f,

    /* U+007B "{" */
    0x0, 0x0, 0x0, 0xb, 0x92, 0xe5, 0xf8, 0x13,
    0x0, 0x0, 0x0, 0xae, 0xff, 0xff, 0xf3, 0x12,
    0x0, 0x0, 0x1e, 0xff, 0xff, 0x52, 0x1, 0x0,
    0x0, 0x0, 0x4c, 0xff, 0xec, 0x0, 0x0, 0x0,
    0x0, 0x0, 0x57, 0xff, 0xe0, 0x0, 0x0, 0x0,
    0x0, 0x0, 0x58, 0xff, 0xe0, 0x0, 0x0, 0x0,
    0x0, 0x0, 0x58, 0xff, 0xe0, 0x0, 0x0, 0x0,
    0x0, 0x0, 0x5f, 0xff, 0xdc, 0x0, 0x0, 0x0,
    0x0, 0xc, 0xb3, 0xff, 0xba, 0x0, 0x0, 0x0,
    0x2c, 0xfc, 0xff, 0xf4, 0x3f, 0x0, 0x0, 0x0,
    0x37, 0xff, 0xff, 0xbf, 0x16, 0x0, 0x0, 0x0,
    0x8, 0x64, 0xe0, 0xff, 0xa4, 0x0, 0x0, 0x0,
    0x0, 0x0, 0x69, 0xff, 0xd8, 0x0, 0x0, 0x0,
    0x0, 0x0, 0x58, 0xff, 0xe0, 0x0, 0x0, 0x0,
    0x0, 0x0, 0x58, 0xff, 0xe0, 0x0, 0x0, 0x0,
    0x0, 0x0, 0x58, 0xff, 0xe0, 0x0, 0x0, 0x0,
    0x0, 0x0, 0x4f, 0xff, 0xea, 0x0, 0x0, 0x0,
    0x0, 0x0, 0x24, 0xff, 0xff, 0x4c, 0x0, 0x0,
    0x0, 0x0, 0x0, 0xb8, 0xff, 0xff, 0xf3, 0x12,
    0x0, 0x0, 0x0, 0xf, 0x97, 0xe7, 0xf8, 0x13,

    /* U+007C "|" */
    0xc9, 0xf8, 0xf, 0xd8, 0xff, 0x18, 0xd8, 0xff,
    0x18, 0xd8, 0xff, 0x18, 0xd8, 0xff, 0x18, 0xd8,
    0xff, 0x18, 0xd8, 0xff, 0x18, 0xd8, 0xff, 0x18,
    0xd8, 0xff, 0x18, 0xd8, 0xff, 0x18, 0xd8, 0xff,
    0x18, 0xd8, 0xff, 0x18, 0xd8, 0xff, 0x18, 0xd8,
    0xff, 0x18, 0xd8, 0xff, 0x18, 0xd8, 0xff, 0x18,
    0xd8, 0xff, 0x18, 0xc9, 0xf8, 0xf,

    /* U+007D "}" */
    0x2c, 0xf9, 0xe1, 0x87, 0x6, 0x0, 0x0, 0x0,
    0x29, 0xf6, 0xff, 0xff, 0x99, 0x0, 0x0, 0x0,
    0x0, 0x2, 0x69, 0xff, 0xfa, 0xe, 0x0, 0x0,
    0x0, 0x0, 0x6, 0xfe, 0xff, 0x36, 0x0, 0x0,
    0x0, 0x0, 0x0, 0xf8, 0xff, 0x43, 0x0, 0x0,
    0x0, 0x0, 0x0, 0xf8, 0xff, 0x44, 0x0, 0x0,
    0x0, 0x0, 0x0, 0xf8, 0xff, 0x44, 0x0, 0x0,
    0x0, 0x0, 0x0, 0xf4, 0xff, 0x4a, 0x0, 0x0,
    0x0, 0x0, 0x0, 0xd3, 0xff, 0xa2, 0x9, 0x0,
    0x0, 0x0, 0x0, 0x52, 0xf9, 0xff, 0xfa, 0x13,
    0x0, 0x0, 0x0, 0x22, 0xcd, 0xff, 0xff, 0x1b,
    0x0, 0x0, 0x0, 0xbd, 0xff, 0xd1, 0x5a, 0x1,
    0x0, 0x0, 0x0, 0xf1, 0xff, 0x54, 0x0, 0x0,
    0x0, 0x0, 0x0, 0xf8, 0xff, 0x44, 0x0, 0x0,
    0x0, 0x0, 0x0, 0xf8, 0xff, 0x44, 0x0, 0x0,
    0x0, 0x0, 0x0, 0xf8, 0xff, 0x43, 0x0, 0x0,
    0x0, 0x0, 0x4, 0xfd, 0xff, 0x39, 0x0, 0x0,
    0x0, 0x1, 0x63, 0xff, 0xfd, 0x13, 0x0, 0x0,
    0x29, 0xf6, 0xff, 0xff, 0xa3, 0x0, 0x0, 0x0,
    0x2c, 0xfa, 0xe3, 0x8d, 0x9, 0x0, 0x0, 0x0,

    /* U+007E "~" */
    0x0, 0x69, 0xd0, 0xf7, 0xeb, 0xbf, 0x81, 0x41,
    0xb, 0x0, 0x32, 0xb2, 0x60, 0x8, 0xfe, 0xff,
    0xff, 0xff, 0xff, 0xff, 0xff, 0xff, 0xf8, 0xff,
    0xff, 0x63, 0x8, 0xdf, 0x6e, 0x1f, 0x1e, 0x4a,
    0x83, 0xb9, 0xe5, 0xf9, 0xe7, 0x9f, 0x11
};


/*---------------------
 *  GLYPH DESCRIPTION
 *--------------------*/

static const lv_font_fmt_txt_glyph_dsc_t glyph_dsc[] = {
    {.bitmap_index = 0, .adv_w = 0, .box_w = 0, .box_h = 0, .ofs_x = 0, .ofs_y = 0} /* id = 0 reserved */,
    {.bitmap_index = 0, .adv_w = 107, .box_w = 0, .box_h = 0, .ofs_x = 0, .ofs_y = 0},
    {.bitmap_index = 0, .adv_w = 107, .box_w = 4, .box_h = 18, .ofs_x = 1, .ofs_y = 0},
    {.bitmap_index = 72, .adv_w = 154, .box_w = 8, .box_h = 7, .ofs_x = 1, .ofs_y = 11},
    {.bitmap_index = 128, .adv_w = 301, .box_w = 17, .box_h = 18, .ofs_x = 1, .ofs_y = 0},
    {.bitmap_index = 434, .adv_w = 232, .box_w = 12, .box_h = 24, .ofs_x = 1, .ofs_y = -3},
    {.bitmap_index = 722, .adv_w = 328, .box_w = 19, .box_h = 18, .ofs_x = 1, .ofs_y = 0},
    {.bitmap_index = 1064, .adv_w = 273, .box_w = 15, .box_h = 18, .ofs_x = 1, .ofs_y = 0},
    {.bitmap_index = 1334, .adv_w = 84, .box_w = 3, .box_h = 5, .ofs_x = 1, .ofs_y = 12},
    {.bitmap_index = 1349, .adv_w = 133, .box_w = 6, .box_h = 20, .ofs_x = 1, .ofs_y = -2},
    {.bitmap_index = 1469, .adv_w = 133, .box_w = 6, .box_h = 20, .ofs_x = 1, .ofs_y = -2},
    {.bitmap_index = 1589, .adv_w = 180, .box_w = 9, .box_h = 9, .ofs_x = 1, .ofs_y = 9},
    {.bitmap_index = 1670, .adv_w = 246, .box_w = 13, .box_h = 12, .ofs_x = 1, .ofs_y = 2},
    {.bitmap_index = 1826, .adv_w = 89, .box_w = 4, .box_h = 8, .ofs_x = 1, .ofs_y = -3},
    {.bitmap_index = 1858, .adv_w = 140, .box_w = 7, .box_h = 3, .ofs_x = 1, .ofs_y = 8},
    {.bitmap_index = 1879, .adv_w = 89, .box_w = 4, .box_h = 5, .ofs_x = 1, .ofs_y = 0},
    {.bitmap_index = 1899, .adv_w = 181, .box_w = 10, .box_h = 18, .ofs_x = 1, .ofs_y = 0},
    {.bitmap_index = 2079, .adv_w = 237, .box_w = 13, .box_h = 18, .ofs_x = 1, .ofs_y = 0},
    {.bitmap_index = 2313, .adv_w = 146, .box_w = 8, .box_h = 18, .ofs_x = 0, .ofs_y = 0},
    {.bitmap_index = 2457, .adv_w = 218, .box_w = 12, .box_h = 18, .ofs_x = 1, .ofs_y = 0},
    {.bitmap_index = 2673, .adv_w = 226, .box_w = 12, .box_h = 18, .ofs_x = 1, .ofs_y = 0},
    {.bitmap_index = 2889, .adv_w = 239, .box_w = 14, .box_h = 18, .ofs_x = 1, .ofs_y = 0},
    {.bitmap_index = 3141, .adv_w = 223, .box_w = 12, .box_h = 18, .ofs_x = 1, .ofs_y = 0},
    {.bitmap_index = 3357, .adv_w = 231, .box_w = 12, .box_h = 18, .ofs_x = 1, .ofs_y = 0},
    {.bitmap_index = 3573, .adv_w = 185, .box_w = 11, .box_h = 18, .ofs_x = 0, .ofs_y = 0},
    {.bitmap_index = 3771, .adv_w = 239, .box_w = 13, .box_h = 18, .ofs_x = 1, .ofs_y = 0},
    {.bitmap_index = 4005, .adv_w = 231, .box_w = 12, .box_h = 18, .ofs_x = 1, .ofs_y = 0},
    {.bitmap_index = 4221, .adv_w = 89, .box_w = 4, .box_h = 14, .ofs_x = 1, .ofs_y = 0},
    {.bitmap_index = 4277, .adv_w = 89, .box_w = 4, .box_h = 17, .ofs_x = 1, .ofs_y = -3},
    {.bitmap_index = 4345, .adv_w = 244, .box_w = 13, .box_h = 12, .ofs_x = 1, .ofs_y = 3},
    {.bitmap_index = 4501, .adv_w = 248, .box_w = 12, .box_h = 8, .ofs_x = 2, .ofs_y = 5},
    {.bitmap_index = 4597, .adv_w = 248, .box_w = 12, .box_h = 12, .ofs_x = 2, .ofs_y = 3},
    {.bitmap_index = 4741, .adv_w = 210, .box_w = 11, .box_h = 18, .ofs_x = 1, .ofs_y = 0},
    {.bitmap_index = 4939, .adv_w = 336, .box_w = 19, .box_h = 18, .ofs_x = 1, .ofs_y = -2},
    {.bitmap_index = 5281, .adv_w = 246, .box_w = 15, .box_h = 18, .ofs_x = 0, .ofs_y = 0},
    {.bitmap_index = 5551, .adv_w = 247, .box_w = 12, .box_h = 18, .ofs_x = 2, .ofs_y = 0},
    {.bitmap_index = 5767, .adv_w = 242, .box_w = 13, .box_h = 18, .ofs_x = 1, .ofs_y = 0},
    {.bitmap_index = 6001, .adv_w = 249, .box_w = 12, .box_h = 18, .ofs_x = 2, .ofs_y = 0},
    {.bitmap_index = 6217, .adv_w = 215, .box_w = 10, .box_h = 18, .ofs_x = 2, .ofs_y = 0},
    {.bitmap_index = 6397, .adv_w = 203, .box_w = 10, .box_h = 18, .ofs_x = 2, .ofs_y = 0},
    {.bitmap_index = 6577, .adv_w = 243, .box_w = 13, .box_h = 18, .ofs_x = 1, .ofs_y = 0},
    {.bitmap_index = 6811, .adv_w = 257, .box_w = 13, .box_h = 18, .ofs_x = 2, .ofs_y = 0},
    {.bitmap_index = 7045, .adv_w = 113, .box_w = 3, .box_h = 18, .ofs_x = 2, .ofs_y = 0},
    {.bitmap_index = 7099, .adv_w = 230, .box_w = 13, .box_h = 18, .ofs_x = 0, .ofs_y = 0},
    {.bitmap_index = 7333, .adv_w = 246, .box_w = 14, .box_h = 18, .ofs_x = 2, .ofs_y = 0},
    {.bitmap_index = 7585, .adv_w = 202, .box_w = 11, .box_h = 18, .ofs_x = 2, .ofs_y = 0},
    {.bitmap_index = 7783, .adv_w = 320, .box_w = 16, .box_h = 18, .ofs_x = 2, .ofs_y = 0},
    {.bitmap_index = 8071, .adv_w = 261, .box_w = 13, .box_h = 18, .ofs_x = 2, .ofs_y = 0},
    {.bitmap_index = 8305, .adv_w = 247, .box_w = 13, .box_h = 18, .ofs_x = 1, .ofs_y = 0},
    {.bitmap_index = 8539, .adv_w = 237, .box_w = 12, .box_h = 18, .ofs_x = 2, .ofs_y = 0},
    {.bitmap_index = 8755, .adv_w = 253, .box_w = 13, .box_h = 22, .ofs_x = 1, .ofs_y = -4},
    {.bitmap_index = 9041, .adv_w = 243, .box_w = 13, .box_h = 18, .ofs_x = 2, .ofs_y = 0},
    {.bitmap_index = 9275, .adv_w = 246, .box_w = 13, .box_h = 18, .ofs_x = 1, .ofs_y = 0},
    {.bitmap_index = 9509, .adv_w = 194, .box_w = 12, .box_h = 18, .ofs_x = 0, .ofs_y = 0},
    {.bitmap_index = 9725, .adv_w = 250, .box_w = 13, .box_h = 18, .ofs_x = 1, .ofs_y = 0},
    {.bitmap_index = 9959, .adv_w = 230, .box_w = 14, .box_h = 18, .ofs_x = 0, .ofs_y = 0},
    {.bitmap_index = 10211, .adv_w = 359, .box_w = 22, .box_h = 18, .ofs_x = 0, .ofs_y = 0},
    {.bitmap_index = 10607, .adv_w = 236, .box_w = 15, .box_h = 18, .ofs_x = 0, .ofs_y = 0},
    {.bitmap_index = 10877, .adv_w = 228, .box_w = 14, .box_h = 18, .ofs_x = 0, .ofs_y = 0},
    {.bitmap_index = 11129, .adv_w = 227, .box_w = 12, .box_h = 18, .ofs_x = 1, .ofs_y = 0},
    {.bitmap_index = 11345, .adv_w = 138, .box_w = 5, .box_h = 20, .ofs_x = 2, .ofs_y = -2},
    {.bitmap_index = 11445, .adv_w = 181, .box_w = 10, .box_h = 18, .ofs_x = 1, .ofs_y = 0},
    {.bitmap_index = 11625, .adv_w = 138, .box_w = 6, .box_h = 20, .ofs_x = 1, .ofs_y = -2},
    {.bitmap_index = 11745, .adv_w = 221, .box_w = 12, .box_h = 8, .ofs_x = 1, .ofs_y = 10},
    {.bitmap_index = 11841, .adv_w = 167, .box_w = 11, .box_h = 2, .ofs_x = 0, .ofs_y = -3},
    {.bitmap_index = 11863, .adv_w = 129, .box_w = 6, .box_h = 4, .ofs_x = 1, .ofs_y = 16},
    {.bitmap_index = 11887, .adv_w = 229, .box_w = 12, .box_h = 14, .ofs_x = 1, .ofs_y = 0},
    {.bitmap_index = 12055, .adv_w = 232, .box_w = 13, .box_h = 19, .ofs_x = 1, .ofs_y = 0},
    {.bitmap_index = 12302, .adv_w = 181, .box_w = 10, .box_h = 14, .ofs_x = 1, .ofs_y = 0},
    {.bitmap_index = 12442, .adv_w = 232, .box_w = 12, .box_h = 19, .ofs_x = 1, .ofs_y = 0},
    {.bitmap_index = 12670, .adv_w = 221, .box_w = 12, .box_h = 14, .ofs_x = 1, .ofs_y = 0},
    {.bitmap_index = 12838, .adv_w = 150, .box_w = 9, .box_h = 19, .ofs_x = 0, .ofs_y = 0},
    {.bitmap_index = 13009, .adv_w = 230, .box_w = 12, .box_h = 18, .ofs_x = 1, .ofs_y = -4},
    {.bitmap_index = 13225, .adv_w = 232, .box_w = 12, .box_h = 19, .ofs_x = 1, .ofs_y = 0},
    {.bitmap_index = 13453, .adv_w = 104, .box_w = 4, .box_h = 19, .ofs_x = 1, .ofs_y = 0},
    {.bitmap_index = 13529, .adv_w = 104, .box_w = 7, .box_h = 23, .ofs_x = -2, .ofs_y = -4},
    {.bitmap_index = 13690, .adv_w = 204, .box_w = 12, .box_h = 19, .ofs_x = 1, .ofs_y = 0},
    {.bitmap_index = 13918, .adv_w = 104, .box_w = 4, .box_h = 19, .ofs_x = 1, .ofs_y = 0},
    {.bitmap_index = 13994, .adv_w = 353, .box_w = 20, .box_h = 14, .ofs_x = 1, .ofs_y = 0},
    {.bitmap_index = 14274, .adv_w = 232, .box_w = 12, .box_h = 14, .ofs_x = 1, .ofs_y = 0},
    {.bitmap_index = 14442, .adv_w = 226, .box_w = 12, .box_h = 14, .ofs_x = 1, .ofs_y = 0},
    {.bitmap_index = 14610, .adv_w = 232, .box_w = 13, .box_h = 18, .ofs_x = 1, .ofs_y = -4},
    {.bitmap_index = 14844, .adv_w = 229, .box_w = 12, .box_h = 18, .ofs_x = 1, .ofs_y = -4},
    {.bitmap_index = 15060, .adv_w = 150, .box_w = 8, .box_h = 14, .ofs_x = 1, .ofs_y = 0},
    {.bitmap_index = 15172, .adv_w = 195, .box_w = 11, .box_h = 14, .ofs_x = 1, .ofs_y = 0},
    {.bitmap_index = 15326, .adv_w = 157, .box_w = 9, .box_h = 18, .ofs_x = 0, .ofs_y = 0},
    {.bitmap_index = 15488, .adv_w = 232, .box_w = 12, .box_h = 14, .ofs_x = 1, .ofs_y = 0},
    {.bitmap_index = 15656, .adv_w = 201, .box_w = 13, .box_h = 14, .ofs_x = 0, .ofs_y = 0},
    {.bitmap_index = 15838, .adv_w = 310, .box_w = 19, .box_h = 14, .ofs_x = 0, .ofs_y = 0},
    {.bitmap_index = 16104, .adv_w = 198, .box_w = 13, .box_h = 14, .ofs_x = 0, .ofs_y = 0},
    {.bitmap_index = 16286, .adv_w = 209, .box_w = 13, .box_h = 18, .ofs_x = 0, .ofs_y = -4},
    {.bitmap_index = 16520, .adv_w = 194, .box_w = 12, .box_h = 14, .ofs_x = 0, .ofs_y = 0},
    {.bitmap_index = 16688, .adv_w = 138, .box_w = 8, .box_h = 20, .ofs_x = 0, .ofs_y = -2},
    {.bitmap_index = 16848, .adv_w = 99, .box_w = 3, .box_h = 18, .ofs_x = 2, .ofs_y = 0},
    {.bitmap_index = 16902, .adv_w = 138, .box_w = 8, .box_h = 20, .ofs_x = 0, .ofs_y = -2},
    {.bitmap_index = 17062, .adv_w = 246, .box_w = 13, .box_h = 3, .ofs_x = 1, .ofs_y = 8}
};

/*---------------------
 *  CHARACTER MAPPING
 *--------------------*/



/*Collect the unicode lists and glyph_id offsets*/
static const lv_font_fmt_txt_cmap_t cmaps[] =
{
    {
        .range_start = 32, .range_length = 95, .glyph_id_start = 1,
        .unicode_list = NULL, .glyph_id_ofs_list = NULL, .list_length = 0, .type = LV_FONT_FMT_TXT_CMAP_FORMAT0_TINY
    }
};



/*--------------------
 *  ALL CUSTOM DATA
 *--------------------*/

#if LVGL_VERSION_MAJOR == 8
/*Store all the custom data of the font*/
static  lv_font_fmt_txt_glyph_cache_t cache;
#endif

#if LVGL_VERSION_MAJOR >= 8
static const lv_font_fmt_txt_dsc_t font_dsc = {
#else
static lv_font_fmt_txt_dsc_t font_dsc = {
#endif
    .glyph_bitmap = glyph_bitmap,
    .glyph_dsc = glyph_dsc,
    .cmaps = cmaps,
    .kern_dsc = NULL,
    .kern_scale = 0,
    .cmap_num = 1,
    .bpp = 8,
    .kern_classes = 0,
    .bitmap_format = 0,
#if LVGL_VERSION_MAJOR == 8
    .cache = &cache
#endif
};



/*-----------------
 *  PUBLIC FONT
 *----------------*/

/*Initialize a public general font descriptor*/
#if LVGL_VERSION_MAJOR >= 8
const lv_font_t ui_font_warmup = {
#else
lv_font_t ui_font_warmup = {
#endif
    .get_glyph_dsc = lv_font_get_glyph_dsc_fmt_txt,    /*Function pointer to get glyph's data*/
    .get_glyph_bitmap = lv_font_get_bitmap_fmt_txt,    /*Function pointer to get glyph's bitmap*/
    .line_height = 25,          /*The maximum line height required by the font*/
    .base_line = 4,             /*Baseline measured from the bottom of the line*/
#if !(LVGL_VERSION_MAJOR == 6 && LVGL_VERSION_MINOR == 0)
    .subpx = LV_FONT_SUBPX_NONE,
#endif
#if LV_VERSION_CHECK(7, 4, 0) || LVGL_VERSION_MAJOR >= 8
    .underline_position = -2,
    .underline_thickness = 1,
#endif
    .dsc = &font_dsc,          /*The custom font data. Will be accessed by `get_glyph_bitmap/dsc` */
#if LV_VERSION_CHECK(8, 2, 0) || LVGL_VERSION_MAJOR >= 9
    .fallback = NULL,
#endif
    .user_data = NULL,
};



#endif /*#if UI_FONT_WARMUP*/

