/*******************************************************************************
 * Size: 30 px
 * Bpp: 8
 * Opts: --bpp 8 --size 30 --font C:/Users/Álvaro/Desktop/Pantalla_nsx/assets/Rajdhani-SemiBold.ttf -o C:/Users/Álvaro/Desktop/Pantalla_nsx/assets\ui_font_neutral.c --format lvgl -r 0x20-0x7f --no-compress --no-prefilter
 ******************************************************************************/

#include "../../include/ui/ui.h"

#ifndef UI_FONT_NEUTRAL
#define UI_FONT_NEUTRAL 1
#endif

#if UI_FONT_NEUTRAL

/*-----------------
 *    BITMAPS
 *----------------*/

/*Store the image of the glyphs*/
static LV_ATTRIBUTE_LARGE_CONST const uint8_t glyph_bitmap[] = {
    /* U+0020 " " */

    /* U+0021 "!" */
    0x6, 0xf5, 0xff, 0xfa, 0x1d, 0xc, 0xff, 0xff,
    0xff, 0x28, 0xc, 0xff, 0xff, 0xff, 0x28, 0xc,
    0xff, 0xff, 0xff, 0x28, 0xa, 0xff, 0xff, 0xff,
    0x26, 0x3, 0xff, 0xff, 0xff, 0x1f, 0x0, 0xfc,
    0xff, 0xff, 0x17, 0x0, 0xf4, 0xff, 0xff, 0xf,
    0x0, 0xe5, 0xff, 0xfd, 0x3, 0x0, 0xce, 0xff,
    0xe9, 0x0, 0x0, 0xb8, 0xff, 0xd3, 0x0, 0x0,
    0xa0, 0xff, 0xbc, 0x0, 0x0, 0x2c, 0x6c, 0x37,
    0x0, 0x0, 0x0, 0x0, 0x0, 0x0, 0x0, 0x73,
    0x90, 0x87, 0x2, 0x0, 0xe8, 0xff, 0xff, 0x10,
    0x0, 0xe8, 0xff, 0xff, 0x10, 0x0, 0xe8, 0xff,
    0xff, 0x10, 0x0, 0xd7, 0xff, 0xf7, 0x9,

    /* U+0022 "\"" */
    0x87, 0xff, 0xf9, 0x9, 0x0, 0xac, 0xff, 0xd9,
    0x7a, 0xff, 0xf6, 0x0, 0x0, 0x9e, 0xff, 0xcb,
    0x5c, 0xff, 0xdb, 0x0, 0x0, 0x80, 0xff, 0xb0,
    0x3e, 0xff, 0xc0, 0x0, 0x0, 0x62, 0xff, 0x94,
    0x20, 0xff, 0xa4, 0x0, 0x0, 0x44, 0xff, 0x78,
    0x4, 0xfc, 0x89, 0x0, 0x0, 0x25, 0xff, 0x5d,
    0x0, 0x66, 0x26, 0x0, 0x0, 0x2, 0x74, 0x14,

    /* U+0023 "#" */
    0x0, 0x0, 0x0, 0x0, 0x0, 0x0, 0x8, 0xeb,
    0xff, 0x4a, 0x0, 0x0, 0x0, 0x49, 0xfc, 0xf6,
    0x3, 0x0, 0x0, 0x0, 0x0, 0x0, 0x0, 0x0,
    0x41, 0xff, 0xff, 0x21, 0x0, 0x0, 0x0, 0x98,
    0xff, 0xd2, 0x0, 0x0, 0x0, 0x0, 0x0, 0x0,
    0x0, 0x0, 0x81, 0xff, 0xe2, 0x0, 0x0, 0x0,
    0x0, 0xd7, 0xff, 0x90, 0x0, 0x0, 0x0, 0x0,
    0x0, 0x0, 0x0, 0x0, 0xc2, 0xff, 0xa4, 0x0,
    0x0, 0x0, 0x17, 0xff, 0xff, 0x4f, 0x0, 0x0,
    0x0, 0x0, 0x4d, 0x58, 0x58, 0x59, 0xf8, 0xff,
    0xa1, 0x58, 0x58, 0x58, 0x89, 0xff, 0xff, 0x68,
    0x58, 0x40, 0x0, 0xe, 0xff, 0xff, 0xff, 0xff,
    0xff, 0xff, 0xff, 0xff, 0xff, 0xff, 0xff, 0xff,
    0xff, 0xff, 0xff, 0xe6, 0x0, 0x9, 0xf4, 0xff,
    0xff, 0xff, 0xff, 0xff, 0xff, 0xff, 0xff, 0xff,
    0xff, 0xff, 0xff, 0xff, 0xff, 0xd6, 0x0, 0x0,
    0x0, 0x0, 0x0, 0xd1, 0xff, 0x97, 0x0, 0x0,
    0x0, 0x29, 0xff, 0xff, 0x47, 0x0, 0x0, 0x0,
    0x0, 0x0, 0x0, 0x0, 0x19, 0xff, 0xff, 0x4e,
    0x0, 0x0, 0x0, 0x71, 0xff, 0xf6, 0x8, 0x0,
    0x0, 0x0, 0x0, 0x0, 0x0, 0x0, 0x61, 0xff,
    0xf9, 0xc, 0x0, 0x0, 0x0, 0xb9, 0xff, 0xb7,
    0x0, 0x0, 0x0, 0x0, 0x0, 0x0, 0x0, 0x0,
    0xa9, 0xff, 0xbc, 0x0, 0x0, 0x0, 0x9, 0xf7,
    0xff, 0x6f, 0x0, 0x0, 0x0, 0x0, 0x0, 0x0,
    0x0, 0x2, 0xed, 0xff, 0x74, 0x0, 0x0, 0x0,
    0x48, 0xff, 0xff, 0x27, 0x0, 0x0, 0x0, 0x0,
    0xa3, 0xff, 0xff, 0xff, 0xff, 0xff, 0xff, 0xff,
    0xff, 0xff, 0xff, 0xff, 0xff, 0xff, 0xff, 0xfb,
    0x2a, 0x0, 0xb3, 0xff, 0xff, 0xff, 0xff, 0xff,
    0xff, 0xff, 0xff, 0xff, 0xff, 0xff, 0xff, 0xff,
    0xff, 0xff, 0x37, 0x0, 0x31, 0x5c, 0x5c, 0xda,
    0xff, 0xc4, 0x5c, 0x5c, 0x5c, 0x6c, 0xff, 0xff,
    0x8c, 0x5c, 0x5c, 0x58, 0x8, 0x0, 0x0, 0x0,
    0x5, 0xf4, 0xff, 0x6f, 0x0, 0x0, 0x0, 0x4f,
    0xff, 0xff, 0x17, 0x0, 0x0, 0x0, 0x0, 0x0,
    0x0, 0x0, 0x3b, 0xff, 0xff, 0x2f, 0x0, 0x0,
    0x0, 0x91, 0xff, 0xd7, 0x0, 0x0, 0x0, 0x0,
    0x0, 0x0, 0x0, 0x0, 0x7b, 0xff, 0xed, 0x1,
    0x0, 0x0, 0x0, 0xd3, 0xff, 0x97, 0x0, 0x0,
    0x0, 0x0, 0x0, 0x0, 0x0, 0x0, 0xa6, 0xff,
    0x9b, 0x0, 0x0, 0x0, 0x3, 0xf7, 0xfd, 0x4b,
    0x0, 0x0, 0x0, 0x0, 0x0, 0x0,

    /* U+0024 "$" */
    0x0, 0x0, 0x0, 0x0, 0x0, 0x31, 0xfc, 0xfa,
    0x1c, 0x0, 0x0, 0x0, 0x0, 0x0, 0x0, 0x0,
    0x0, 0x0, 0x40, 0xff, 0xff, 0x28, 0x0, 0x0,
    0x0, 0x0, 0x0, 0x0, 0x0, 0x0, 0x0, 0x40,
    0xff, 0xff, 0x28, 0x0, 0x0, 0x0, 0x0, 0x0,
    0x0, 0x3f, 0xb9, 0xf0, 0xff, 0xff, 0xff, 0xfa,
    0xd8, 0x7a, 0x4, 0x0, 0x0, 0x54, 0xfd, 0xff,
    0xff, 0xff, 0xff, 0xff, 0xff, 0xff, 0xff, 0xac,
    0x0, 0x5, 0xe7, 0xff, 0xff, 0xde, 0x95, 0x84,
    0x8a, 0xb9, 0xff, 0xff, 0xff, 0x49, 0x38, 0xff,
    0xff, 0xe9, 0xc, 0x0, 0x0, 0x0, 0x0, 0x91,
    0xff, 0xff, 0x94, 0x53, 0xff, 0xff, 0xaa, 0x0,
    0x0, 0x0, 0x0, 0x0, 0x4a, 0xff, 0xff, 0xaf,
    0x58, 0xff, 0xff, 0x98, 0x0, 0x0, 0x0, 0x0,
    0x0, 0x25, 0xdb, 0xe0, 0x8c, 0x50, 0xff, 0xff,
    0xa4, 0x0, 0x0, 0x0, 0x0, 0x0, 0x0, 0x0,
    0x0, 0x0, 0x36, 0xff, 0xff, 0xe7, 0x19, 0x0,
    0x0, 0x0, 0x0, 0x0, 0x0, 0x0, 0x0, 0x4,
    0xe8, 0xff, 0xff, 0xf6, 0xb8, 0xa0, 0x9c, 0x96,
    0x7a, 0x31, 0x0, 0x0, 0x0, 0x53, 0xfb, 0xff,
    0xff, 0xff, 0xff, 0xff, 0xff, 0xff, 0xff, 0x9d,
    0x2, 0x0, 0x0, 0x32, 0xa8, 0xe3, 0xf8, 0xff,
    0xff, 0xff, 0xff, 0xff, 0xff, 0x69, 0x0, 0x0,
    0x0, 0x0, 0x0, 0x0, 0x0, 0xe, 0x37, 0xbf,
    0xff, 0xff, 0xc0, 0x0, 0x0, 0x0, 0x0, 0x0,
    0x0, 0x0, 0x0, 0x0, 0x23, 0xff, 0xff, 0xe2,
    0x2e, 0xb6, 0xb8, 0x5c, 0x0, 0x0, 0x0, 0x0,
    0x0, 0x4, 0xff, 0xff, 0xeb, 0x55, 0xff, 0xff,
    0xa1, 0x0, 0x0, 0x0, 0x0, 0x0, 0x12, 0xff,
    0xff, 0xe8, 0x3e, 0xff, 0xff, 0xdd, 0x6, 0x0,
    0x0, 0x0, 0x0, 0x5a, 0xff, 0xff, 0xce, 0x8,
    0xec, 0xff, 0xff, 0xd6, 0x8f, 0x80, 0x82, 0xa4,
    0xf9, 0xff, 0xff, 0x82, 0x0, 0x5c, 0xfe, 0xff,
    0xff, 0xff, 0xff, 0xff, 0xff, 0xff, 0xff, 0xd5,
    0xe, 0x0, 0x0, 0x43, 0xbb, 0xf1, 0xff, 0xff,
    0xff, 0xfb, 0xde, 0x8d, 0xf, 0x0, 0x0, 0x0,
    0x0, 0x0, 0x0, 0x40, 0xff, 0xff, 0x28, 0x0,
    0x0, 0x0, 0x0, 0x0, 0x0, 0x0, 0x0, 0x0,
    0x40, 0xff, 0xff, 0x28, 0x0, 0x0, 0x0, 0x0,
    0x0, 0x0, 0x0, 0x0, 0x0, 0x32, 0xfd, 0xfa,
    0x1c, 0x0, 0x0, 0x0, 0x0,

    /* U+0025 "%" */
    0x0, 0x45, 0xca, 0xf4, 0xff, 0xf2, 0xc3, 0x3a,
    0x0, 0x0, 0x0, 0x0, 0x58, 0xfd, 0xc0, 0x0,
    0x0, 0x0, 0x0, 0x0, 0x1e, 0xf6, 0xff, 0xd0,
    0xb5, 0xd6, 0xff, 0xed, 0x12, 0x0, 0x0, 0x0,
    0xcd, 0xff, 0x6b, 0x0, 0x0, 0x0, 0x0, 0x0,
    0x64, 0xff, 0xb8, 0x0, 0x0, 0x1, 0xcf, 0xff,
    0x4e, 0x0, 0x0, 0x37, 0xff, 0xf3, 0xd, 0x0,
    0x0, 0x0, 0x0, 0x0, 0x7e, 0xff, 0x91, 0x0,
    0x0, 0x0, 0xa9, 0xff, 0x6a, 0x0, 0x0, 0xa2,
    0xff, 0x95, 0x0, 0x0, 0x0, 0x0, 0x0, 0x0,
    0x80, 0xff, 0x90, 0x0, 0x0, 0x0, 0xa8, 0xff,
    0x6c, 0x0, 0x14, 0xf8, 0xff, 0x2b, 0x0, 0x0,
    0x0, 0x0, 0x0, 0x0, 0x7e, 0xff, 0x91, 0x0,
    0x0, 0x0, 0xa9, 0xff, 0x6a, 0x0, 0x79, 0xff,
    0xc0, 0x0, 0x0, 0x0, 0x0, 0x0, 0x0, 0x0,
    0x64, 0xff, 0xb8, 0x0, 0x0, 0x0, 0xcf, 0xff,
    0x4e, 0x3, 0xe0, 0xff, 0x55, 0x0, 0x0, 0x0,
    0x0, 0x0, 0x0, 0x0, 0x1f, 0xf6, 0xff, 0xd0,
    0xb4, 0xd5, 0xff, 0xee, 0x12, 0x4f, 0xff, 0xe6,
    0x4, 0x0, 0x0, 0x0, 0x0, 0x0, 0x0, 0x0,
    0x0, 0x46, 0xcb, 0xf5, 0xff, 0xf3, 0xc5, 0x3a,
    0x0, 0xbb, 0xff, 0x80, 0x0, 0x0, 0x0, 0x0,
    0x0, 0x0, 0x0, 0x0, 0x0, 0x0, 0x0, 0x0,
    0x0, 0x0, 0x0, 0x0, 0x27, 0xfe, 0xfb, 0x1a,
    0x0, 0x0, 0x0, 0x0, 0x0, 0x0, 0x0, 0x0,
    0x0, 0x0, 0x0, 0x0, 0x0, 0x0, 0x0, 0x0,
    0x93, 0xff, 0xaa, 0x0, 0x42, 0xc9, 0xf4, 0xff,
    0xf2, 0xc4, 0x3b, 0x0, 0x0, 0x0, 0x0, 0x0,
    0x0, 0x0, 0x0, 0xc, 0xf1, 0xff, 0x3f, 0x1b,
    0xf4, 0xff, 0xd6, 0xb9, 0xd7, 0xff, 0xef, 0x14,
    0x0, 0x0, 0x0, 0x0, 0x0, 0x0, 0x0, 0x6a,
    0xff, 0xd4, 0x0, 0x60, 0xff, 0xc4, 0x0, 0x0,
    0x0, 0xc6, 0xff, 0x52, 0x0, 0x0, 0x0, 0x0,
    0x0, 0x0, 0x0, 0xd4, 0xff, 0x6a, 0x0, 0x7a,
    0xff, 0x9d, 0x0, 0x0, 0x0, 0x9d, 0xff, 0x6e,
    0x0, 0x0, 0x0, 0x0, 0x0, 0x0, 0x40, 0xff,
    0xf2, 0xd, 0x0, 0x7c, 0xff, 0x9c, 0x0, 0x0,
    0x0, 0x9c, 0xff, 0x70, 0x0, 0x0, 0x0, 0x0,
    0x0, 0x0, 0xab, 0xff, 0x94, 0x0, 0x0, 0x7a,
    0xff, 0x9d, 0x0, 0x0, 0x0, 0x9e, 0xff, 0x6e,
    0x0, 0x0, 0x0, 0x0, 0x0, 0x19, 0xfb, 0xff,
    0x2a, 0x0, 0x0, 0x60, 0xff, 0xc4, 0x0, 0x0,
    0x0, 0xc6, 0xff, 0x52, 0x0, 0x0, 0x0, 0x0,
    0x0, 0x7d, 0xff, 0xbf, 0x0, 0x0, 0x0, 0x1c,
    0xf5, 0xff, 0xd3, 0xb5, 0xd4, 0xff, 0xef, 0x15,
    0x0, 0x0, 0x0, 0x0, 0x0, 0xcf, 0xfb, 0x4a,
    0x0, 0x0, 0x0, 0x0, 0x43, 0xca, 0xf5, 0xff,
    0xf3, 0xc5, 0x3c, 0x0,

    /* U+0026 "&" */
    0x0, 0x0, 0x0, 0x0, 0x58, 0xc2, 0xf2, 0xff,
    0xf7, 0xd4, 0x79, 0x5, 0x0, 0x0, 0x0, 0x0,
    0x0, 0x0, 0x0, 0x8e, 0xff, 0xff, 0xff, 0xff,
    0xff, 0xff, 0xff, 0xb7, 0x2, 0x0, 0x0, 0x0,
    0x0, 0x0, 0x35, 0xff, 0xff, 0xfe, 0xaa, 0x78,
    0x95, 0xf7, 0xff, 0xff, 0x55, 0x0, 0x0, 0x0,
    0x0, 0x0, 0x85, 0xff, 0xff, 0x9d, 0x0, 0x0,
    0x0, 0x6c, 0xff, 0xff, 0x9f, 0x0, 0x0, 0x0,
    0x0, 0x0, 0xa0, 0xff, 0xff, 0x63, 0x0, 0x0,
    0x0, 0x33, 0xff, 0xff, 0xb8, 0x0, 0x0, 0x0,
    0x0, 0x0, 0x9e, 0xff, 0xff, 0x63, 0x0, 0x0,
    0x0, 0x29, 0xff, 0xff, 0xb9, 0x0, 0x0, 0x0,
    0x0, 0x0, 0x7b, 0xff, 0xff, 0xa3, 0x0, 0x0,
    0x0, 0x3, 0x4a, 0x50, 0x2b, 0x0, 0x0, 0x0,
    0x0, 0x0, 0x28, 0xfe, 0xff, 0xfc, 0x36, 0x0,
    0x0, 0x0, 0x0, 0x0, 0x0, 0x0, 0x0, 0x0,
    0x0, 0x0, 0x1, 0xb0, 0xff, 0xff, 0xe3, 0x19,
    0x0, 0x0, 0x0, 0x0, 0x0, 0x0, 0x0, 0x0,
    0x0, 0x33, 0xe2, 0xff, 0xff, 0xff, 0xff, 0xcc,
    0xa, 0x0, 0x0, 0x0, 0x0, 0x0, 0x0, 0x0,
    0x7, 0xe5, 0xff, 0xff, 0xb7, 0xe1, 0xff, 0xff,
    0xff, 0xff, 0xff, 0xff, 0xff, 0xff, 0xff, 0x96,
    0x4f, 0xff, 0xff, 0x9b, 0x0, 0x26, 0xeb, 0xff,
    0xff, 0xff, 0xff, 0xff, 0xff, 0xff, 0xff, 0xa8,
    0x72, 0xff, 0xff, 0x5f, 0x0, 0x0, 0x35, 0xf3,
    0xff, 0xff, 0xd5, 0x88, 0x88, 0x88, 0x88, 0x48,
    0x78, 0xff, 0xff, 0x58, 0x0, 0x0, 0x0, 0x46,
    0xfa, 0xff, 0xfc, 0x4d, 0x0, 0x0, 0x0, 0x0,
    0x76, 0xff, 0xff, 0x5f, 0x0, 0x0, 0x0, 0x0,
    0x59, 0xfe, 0xff, 0xf5, 0x36, 0x0, 0x0, 0x0,
    0x61, 0xff, 0xff, 0xa4, 0x0, 0x0, 0x0, 0x0,
    0x12, 0xf6, 0xff, 0xff, 0xea, 0x23, 0x0, 0x0,
    0x1f, 0xfc, 0xff, 0xff, 0xc0, 0x8d, 0x88, 0x90,
    0xdb, 0xff, 0xff, 0xff, 0xff, 0xda, 0x14, 0x0,
    0x0, 0x85, 0xff, 0xff, 0xff, 0xff, 0xff, 0xff,
    0xff, 0xff, 0x98, 0x9b, 0xff, 0xff, 0xc7, 0x9,
    0x0, 0x0, 0x5b, 0xc5, 0xf3, 0xff, 0xff, 0xf9,
    0xdb, 0x82, 0x5, 0x4, 0xaf, 0xfe, 0xff, 0xa3,

    /* U+0027 "'" */
    0x1, 0xc, 0x8, 0x0, 0x73, 0xff, 0xfe, 0x10,
    0x59, 0xff, 0xf4, 0x0, 0x36, 0xff, 0xd2, 0x0,
    0x14, 0xff, 0xb0, 0x0, 0x0, 0xe3, 0x7f, 0x0,

    /* U+0028 "(" */
    0x0, 0x0, 0x26, 0xa0, 0xe4, 0xf9, 0x24, 0x0,
    0x3c, 0xf3, 0xff, 0xff, 0xff, 0x26, 0x3, 0xdf,
    0xff, 0xe4, 0x53, 0x1b, 0x0, 0x45, 0xff, 0xff,
    0x47, 0x0, 0x0, 0x0, 0x78, 0xff, 0xfa, 0x1,
    0x0, 0x0, 0x0, 0x8b, 0xff, 0xe3, 0x0, 0x0,
    0x0, 0x0, 0x90, 0xff, 0xe0, 0x0, 0x0, 0x0,
    0x0, 0x90, 0xff, 0xe0, 0x0, 0x0, 0x0, 0x0,
    0x90, 0xff, 0xe0, 0x0, 0x0, 0x0, 0x0, 0x90,
    0xff, 0xe0, 0x0, 0x0, 0x0, 0x0, 0x90, 0xff,
    0xe0, 0x0, 0x0, 0x0, 0x0, 0x90, 0xff, 0xe0,
    0x0, 0x0, 0x0, 0x0, 0x90, 0xff, 0xe0, 0x0,
    0x0, 0x0, 0x0, 0x90, 0xff, 0xe0, 0x0, 0x0,
    0x0, 0x0, 0x90, 0xff, 0xe0, 0x0, 0x0, 0x0,
    0x0, 0x90, 0xff, 0xe0, 0x0, 0x0, 0x0, 0x0,
    0x8b, 0xff, 0xe2, 0x0, 0x0, 0x0, 0x0, 0x78,
    0xff, 0xfa, 0x2, 0x0, 0x0, 0x0, 0x46, 0xff,
    0xff, 0x48, 0x0, 0x0, 0x0, 0x4, 0xe1, 0xff,
    0xe6, 0x56, 0x1c, 0x0, 0x0, 0x3f, 0xf5, 0xff,
    0xff, 0xff, 0x25, 0x0, 0x0, 0x29, 0xa3, 0xe6,
    0xfb, 0x25,

    /* U+0029 ")" */
    0x83, 0xf5, 0xce, 0x72, 0x6, 0x0, 0x0, 0x8a,
    0xff, 0xff, 0xff, 0xbe, 0x6, 0x0, 0x5, 0x30,
    0x91, 0xff, 0xff, 0x7a, 0x0, 0x0, 0x0, 0x0,
    0xb1, 0xff, 0xdf, 0x0, 0x0, 0x0, 0x0, 0x62,
    0xff, 0xff, 0x12, 0x0, 0x0, 0x0, 0x47, 0xff,
    0xff, 0x26, 0x0, 0x0, 0x0, 0x44, 0xff, 0xff,
    0x2c, 0x0, 0x0, 0x0, 0x44, 0xff, 0xff, 0x2c,
    0x0, 0x0, 0x0, 0x44, 0xff, 0xff, 0x2c, 0x0,
    0x0, 0x0, 0x44, 0xff, 0xff, 0x2c, 0x0, 0x0,
    0x0, 0x44, 0xff, 0xff, 0x2c, 0x0, 0x0, 0x0,
    0x44, 0xff, 0xff, 0x2c, 0x0, 0x0, 0x0, 0x44,
    0xff, 0xff, 0x2c, 0x0, 0x0, 0x0, 0x44, 0xff,
    0xff, 0x2c, 0x0, 0x0, 0x0, 0x44, 0xff, 0xff,
    0x2c, 0x0, 0x0, 0x0, 0x44, 0xff, 0xff, 0x2c,
    0x0, 0x0, 0x0, 0x47, 0xff, 0xff, 0x26, 0x0,
    0x0, 0x0, 0x62, 0xff, 0xff, 0x12, 0x0, 0x0,
    0x0, 0xb0, 0xff, 0xde, 0x0, 0x5, 0x2f, 0x8e,
    0xff, 0xff, 0x7b, 0x0, 0x89, 0xff, 0xff, 0xff,
    0xbe, 0x6, 0x0, 0x84, 0xf6, 0xce, 0x73, 0x6,
    0x0, 0x0,

    /* U+002A "*" */
    0x0, 0x0, 0x0, 0x12, 0xf9, 0xf5, 0x6, 0x0,
    0x0, 0x0, 0x0, 0x0, 0x0, 0xa, 0xfd, 0xfa,
    0x1, 0x0, 0x0, 0x0, 0x16, 0xaa, 0x58, 0x2,
    0xc9, 0xc9, 0x7, 0x71, 0xc9, 0x26, 0x65, 0xff,
    0xff, 0xc7, 0x87, 0x94, 0xd4, 0xff, 0xff, 0x79,
    0x1e, 0x80, 0xa4, 0xa1, 0xb2, 0xb5, 0x86, 0x82,
    0x54, 0x11, 0x0, 0x0, 0x6, 0x9a, 0xd3, 0xbc,
    0xb6, 0x16, 0x0, 0x0, 0x0, 0x2, 0xb4, 0xff,
    0x8a, 0x68, 0xff, 0xd1, 0xd, 0x0, 0x0, 0x2c,
    0xf8, 0xf7, 0x21, 0x9, 0xe2, 0xfc, 0x46, 0x0,
    0x0, 0x0, 0x2e, 0x50, 0x0, 0x0, 0x2c, 0x33,
    0x0, 0x0,

    /* U+002B "+" */
    0x0, 0x0, 0x0, 0x0, 0x1, 0xec, 0xff, 0x6d,
    0x0, 0x0, 0x0, 0x0, 0x0, 0x0, 0x0, 0x0,
    0x0, 0x4, 0xff, 0xff, 0x84, 0x0, 0x0, 0x0,
    0x0, 0x0, 0x0, 0x0, 0x0, 0x0, 0x4, 0xff,
    0xff, 0x84, 0x0, 0x0, 0x0, 0x0, 0x0, 0x0,
    0x0, 0x0, 0x0, 0x4, 0xff, 0xff, 0x84, 0x0,
    0x0, 0x0, 0x0, 0x0, 0x0, 0x0, 0x0, 0x0,
    0x4, 0xff, 0xff, 0x84, 0x0, 0x0, 0x0, 0x0,
    0x0, 0xd2, 0xff, 0xff, 0xff, 0xff, 0xff, 0xff,
    0xff, 0xff, 0xff, 0xff, 0xfe, 0x4b, 0xe6, 0xff,
    0xff, 0xff, 0xff, 0xff, 0xff, 0xff, 0xff, 0xff,
    0xff, 0xff, 0x5e, 0x47, 0x64, 0x64, 0x64, 0x66,
    0xff, 0xff, 0xb4, 0x64, 0x64, 0x64, 0x62, 0x13,
    0x0, 0x0, 0x0, 0x0, 0x4, 0xff, 0xff, 0x84,
    0x0, 0x0, 0x0, 0x0, 0x0, 0x0, 0x0, 0x0,
    0x0, 0x4, 0xff, 0xff, 0x84, 0x0, 0x0, 0x0,
    0x0, 0x0, 0x0, 0x0, 0x0, 0x0, 0x4, 0xff,
    0xff, 0x84, 0x0, 0x0, 0x0, 0x0, 0x0, 0x0,
    0x0, 0x0, 0x0, 0x2, 0xf4, 0xff, 0x75, 0x0,
    0x0, 0x0, 0x0, 0x0, 0x0, 0x0, 0x0, 0x0,
    0x0, 0x8, 0xf, 0x0, 0x0, 0x0, 0x0, 0x0,
    0x0,

    /* U+002C "," */
    0x49, 0xa8, 0xa8, 0x45, 0x88, 0xff, 0xff, 0x80,
    0x88, 0xff, 0xff, 0x80, 0x88, 0xff, 0xff, 0x6d,
    0x88, 0xff, 0xfb, 0x1d, 0x88, 0xff, 0x96, 0x0,
    0x88, 0xf1, 0x16, 0x0, 0x7b, 0x74, 0x0, 0x0,

    /* U+002D "-" */
    0x39, 0x5c, 0x5c, 0x5c, 0x5c, 0x5c, 0x56, 0x3,
    0xca, 0xff, 0xff, 0xff, 0xff, 0xff, 0xff, 0x26,
    0xbb, 0xff, 0xff, 0xff, 0xff, 0xff, 0xfa, 0x1c,

    /* U+002E "." */
    0x3d, 0x90, 0x90, 0x39, 0x88, 0xff, 0xff, 0x80,
    0x88, 0xff, 0xff, 0x80, 0x88, 0xff, 0xff, 0x80,
    0x77, 0xff, 0xff, 0x70,

    /* U+002F "/" */
    0x0, 0x0, 0x0, 0x0, 0x0, 0x0, 0x6, 0xd9,
    0xff, 0xcb, 0x0, 0x0, 0x0, 0x0, 0x0, 0x0,
    0x0, 0x54, 0xff, 0xff, 0x81, 0x0, 0x0, 0x0,
    0x0, 0x0, 0x0, 0x0, 0xb7, 0xff, 0xfe, 0x22,
    0x0, 0x0, 0x0, 0x0, 0x0, 0x0, 0x1b, 0xfd,
    0xff, 0xc0, 0x0, 0x0, 0x0, 0x0, 0x0, 0x0,
    0x0, 0x79, 0xff, 0xff, 0x5f, 0x0, 0x0, 0x0,
    0x0, 0x0, 0x0, 0x0, 0xd8, 0xff, 0xf3, 0xb,
    0x0, 0x0, 0x0, 0x0, 0x0, 0x0, 0x38, 0xff,
    0xff, 0x9e, 0x0, 0x0, 0x0, 0x0, 0x0, 0x0,
    0x0, 0x98, 0xff, 0xff, 0x3e, 0x0, 0x0, 0x0,
    0x0, 0x0, 0x0, 0x8, 0xef, 0xff, 0xdc, 0x1,
    0x0, 0x0, 0x0, 0x0, 0x0, 0x0, 0x57, 0xff,
    0xff, 0x7d, 0x0, 0x0, 0x0, 0x0, 0x0, 0x0,
    0x0, 0xb6, 0xff, 0xfe, 0x1e, 0x0, 0x0, 0x0,
    0x0, 0x0, 0x0, 0x18, 0xfc, 0xff, 0xbc, 0x0,
    0x0, 0x0, 0x0, 0x0, 0x0, 0x0, 0x74, 0xff,
    0xff, 0x5b, 0x0, 0x0, 0x0, 0x0, 0x0, 0x0,
    0x0, 0xd3, 0xff, 0xf1, 0x9, 0x0, 0x0, 0x0,
    0x0, 0x0, 0x0, 0x32, 0xff, 0xff, 0x9a, 0x0,
    0x0, 0x0, 0x0, 0x0, 0x0, 0x0, 0x92, 0xff,
    0xff, 0x3a, 0x0, 0x0, 0x0, 0x0, 0x0, 0x0,
    0x6, 0xec, 0xff, 0xd9, 0x0, 0x0, 0x0, 0x0,
    0x0, 0x0, 0x0, 0x54, 0xff, 0xff, 0x79, 0x0,
    0x0, 0x0, 0x0, 0x0, 0x0, 0x0, 0xa2, 0xff,
    0xef, 0x1a, 0x0, 0x0, 0x0, 0x0, 0x0, 0x0,
    0x0,

    /* U+0030 "0" */
    0x0, 0x0, 0x35, 0xb0, 0xeb, 0xfe, 0xff, 0xff,
    0xfc, 0xe4, 0x9e, 0x1f, 0x0, 0x0, 0x0, 0x48,
    0xfa, 0xff, 0xff, 0xff, 0xff, 0xff, 0xff, 0xff,
    0xff, 0xeb, 0x22, 0x0, 0x1, 0xdd, 0xff, 0xff,
    0xdd, 0x8e, 0x80, 0x80, 0x93, 0xea, 0xff, 0xff,
    0xa9, 0x0, 0x29, 0xff, 0xff, 0xee, 0x10, 0x0,
    0x0, 0x0, 0x0, 0x25, 0xfd, 0xff, 0xf3, 0x0,
    0x41, 0xff, 0xff, 0xbc, 0x0, 0x0, 0x0, 0x0,
    0x0, 0x0, 0xe1, 0xff, 0xff, 0xc, 0x44, 0xff,
    0xff, 0xb4, 0x0, 0x0, 0x0, 0x0, 0x0, 0x0,
    0xd8, 0xff, 0xff, 0x10, 0x44, 0xff, 0xff, 0xb4,
    0x0, 0x0, 0x0, 0x0, 0x0, 0x0, 0xd8, 0xff,
    0xff, 0x10, 0x44, 0xff, 0xff, 0xb4, 0x0, 0x0,
    0x0, 0x0, 0x0, 0x0, 0xd8, 0xff, 0xff, 0x10,
    0x44, 0xff, 0xff, 0xb4, 0x0, 0x0, 0x0, 0x0,
    0x0, 0x0, 0xd8, 0xff, 0xff, 0x10, 0x44, 0xff,
    0xff, 0xb4, 0x0, 0x0, 0x0, 0x0, 0x0, 0x0,
    0xd8, 0xff, 0xff, 0x10, 0x44, 0xff, 0xff, 0xb4,
    0x0, 0x0, 0x0, 0x0, 0x0, 0x0, 0xd8, 0xff,
    0xff, 0x10, 0x44, 0xff, 0xff, 0xb4, 0x0, 0x0,
    0x0, 0x0, 0x0, 0x0, 0xd8, 0xff, 0xff, 0x10,
    0x44, 0xff, 0xff, 0xb4, 0x0, 0x0, 0x0, 0x0,
    0x0, 0x0, 0xd8, 0xff, 0xff, 0x10, 0x44, 0xff,
    0xff, 0xb4, 0x0, 0x0, 0x0, 0x0, 0x0, 0x0,
    0xd8, 0xff, 0xff, 0x10, 0x41, 0xff, 0xff, 0xbc,
    0x0, 0x0, 0x0, 0x0, 0x0, 0x0, 0xe0, 0xff,
    0xff, 0xc, 0x28, 0xff, 0xff, 0xed, 0x10, 0x0,
    0x0, 0x0, 0x0, 0x24, 0xfd, 0xff, 0xf3, 0x0,
    0x1, 0xdd, 0xff, 0xff, 0xdc, 0x8e, 0x80, 0x80,
    0x92, 0xe9, 0xff, 0xff, 0xa9, 0x0, 0x0, 0x47,
    0xfa, 0xff, 0xff, 0xff, 0xff, 0xff, 0xff, 0xff,
    0xff, 0xeb, 0x22, 0x0, 0x0, 0x0, 0x36, 0xb0,
    0xec, 0xfe, 0xff, 0xff, 0xfd, 0xe5, 0x9f, 0x1f,
    0x0, 0x0,

    /* U+0031 "1" */
    0x0, 0x0, 0x0, 0x2a, 0xb7, 0xfd, 0xff, 0x97,
    0x0, 0xc, 0x8a, 0xfa, 0xff, 0xff, 0xff, 0xa8,
    0xe, 0xe1, 0xff, 0xff, 0xff, 0xff, 0xff, 0xa8,
    0x28, 0xff, 0xff, 0xc2, 0x7e, 0xff, 0xff, 0xa8,
    0x21, 0xdc, 0x56, 0x0, 0x4c, 0xff, 0xff, 0xa8,
    0x0, 0x0, 0x0, 0x0, 0x4c, 0xff, 0xff, 0xa8,
    0x0, 0x0, 0x0, 0x0, 0x4c, 0xff, 0xff, 0xa8,
    0x0, 0x0, 0x0, 0x0, 0x4c, 0xff, 0xff, 0xa8,
    0x0, 0x0, 0x0, 0x0, 0x4c, 0xff, 0xff, 0xa8,
    0x0, 0x0, 0x0, 0x0, 0x4c, 0xff, 0xff, 0xa8,
    0x0, 0x0, 0x0, 0x0, 0x4c, 0xff, 0xff, 0xa8,
    0x0, 0x0, 0x0, 0x0, 0x4c, 0xff, 0xff, 0xa8,
    0x0, 0x0, 0x0, 0x0, 0x4c, 0xff, 0xff, 0xa8,
    0x0, 0x0, 0x0, 0x0, 0x4c, 0xff, 0xff, 0xa8,
    0x0, 0x0, 0x0, 0x0, 0x4c, 0xff, 0xff, 0xa8,
    0x0, 0x0, 0x0, 0x0, 0x4c, 0xff, 0xff, 0xa8,
    0x0, 0x0, 0x0, 0x0, 0x4c, 0xff, 0xff, 0xa8,
    0x0, 0x0, 0x0, 0x0, 0x4c, 0xff, 0xff, 0xa8,
    0x0, 0x0, 0x0, 0x0, 0x3d, 0xfe, 0xff, 0x98,

    /* U+0032 "2" */
    0x0, 0x0, 0x62, 0xc8, 0xf4, 0xff, 0xff, 0xfc,
    0xe6, 0xa4, 0x25, 0x0, 0x0, 0x0, 0x93, 0xff,
    0xff, 0xff, 0xff, 0xff, 0xff, 0xff, 0xff, 0xf1,
    0x2c, 0x0, 0x2f, 0xff, 0xff, 0xfd, 0xa7, 0x78,
    0x74, 0x85, 0xd9, 0xff, 0xff, 0xb9, 0x0, 0x77,
    0xff, 0xff, 0x99, 0x0, 0x0, 0x0, 0x0, 0x10,
    0xef, 0xff, 0xfa, 0x6, 0x8d, 0xff, 0xff, 0x65,
    0x0, 0x0, 0x0, 0x0, 0x0, 0xc2, 0xff, 0xff,
    0x19, 0x8b, 0xff, 0xff, 0x5b, 0x0, 0x0, 0x0,
    0x0, 0x0, 0xbf, 0xff, 0xff, 0x1b, 0x10, 0x34,
    0x33, 0x7, 0x0, 0x0, 0x0, 0x0, 0x5, 0xe9,
    0xff, 0xfe, 0x8, 0x0, 0x0, 0x0, 0x0, 0x0,
    0x0, 0x0, 0x0, 0x8a, 0xff, 0xff, 0xc3, 0x0,
    0x0, 0x0, 0x0, 0x0, 0x0, 0x0, 0x5, 0x97,
    0xff, 0xff, 0xfb, 0x3c, 0x0, 0x0, 0x0, 0x0,
    0x0, 0x0, 0x17, 0xc4, 0xff, 0xff, 0xf6, 0x52,
    0x0, 0x0, 0x0, 0x0, 0x0, 0x0, 0x36, 0xe4,
    0xff, 0xff, 0xe1, 0x32, 0x0, 0x0, 0x0, 0x0,
    0x0, 0x0, 0x60, 0xf8, 0xff, 0xff, 0xbf, 0x14,
    0x0, 0x0, 0x0, 0x0, 0x0, 0x3, 0x92, 0xff,
    0xff, 0xff, 0x91, 0x4, 0x0, 0x0, 0x0, 0x0,
    0x0, 0x0, 0x9d, 0xff, 0xff, 0xf7, 0x5d, 0x0,
    0x0, 0x0, 0x0, 0x0, 0x0, 0x0, 0x30, 0xff,
    0xff, 0xfe, 0x41, 0x0, 0x0, 0x0, 0x0, 0x0,
    0x0, 0x0, 0x0, 0x67, 0xff, 0xff, 0xdb, 0x0,
    0x0, 0x0, 0x0, 0x0, 0x0, 0x0, 0x0, 0x0,
    0x70, 0xff, 0xff, 0xec, 0x90, 0x90, 0x90, 0x90,
    0x90, 0x90, 0x90, 0x8a, 0xc, 0x70, 0xff, 0xff,
    0xff, 0xff, 0xff, 0xff, 0xff, 0xff, 0xff, 0xff,
    0xff, 0x2c, 0x5f, 0xff, 0xff, 0xff, 0xff, 0xff,
    0xff, 0xff, 0xff, 0xff, 0xff, 0xfa, 0x1f,

    /* U+0033 "3" */
    0x0, 0x2, 0x6a, 0xcc, 0xf5, 0xff, 0xff, 0xff,
    0xf0, 0xbd, 0x4a, 0x0, 0x0, 0x0, 0xa4, 0xff,
    0xff, 0xff, 0xff, 0xff, 0xff, 0xff, 0xff, 0xff,
    0x6c, 0x0, 0x3e, 0xff, 0xff, 0xfc, 0xa4, 0x78,
    0x74, 0x7c, 0xbb, 0xff, 0xff, 0xf5, 0x10, 0x83,
    0xff, 0xff, 0x8f, 0x0, 0x0, 0x0, 0x0, 0x0,
    0xbd, 0xff, 0xff, 0x4a, 0x96, 0xff, 0xff, 0x5b,
    0x0, 0x0, 0x0, 0x0, 0x0, 0x84, 0xff, 0xff,
    0x5e, 0x64, 0xc4, 0xc3, 0x34, 0x0, 0x0, 0x0,
    0x0, 0x0, 0x80, 0xff, 0xff, 0x5f, 0x0, 0x0,
    0x0, 0x0, 0x0, 0x0, 0x0, 0x0, 0x0, 0x98,
    0xff, 0xff, 0x4d, 0x0, 0x0, 0x0, 0x0, 0x0,
    0x0, 0x0, 0x8, 0x48, 0xf2, 0xff, 0xf4, 0x13,
    0x0, 0x0, 0x0, 0x0, 0x0, 0xcf, 0xff, 0xff,
    0xff, 0xff, 0xea, 0x4c, 0x0, 0x0, 0x0, 0x0,
    0x0, 0x0, 0xde, 0xff, 0xff, 0xff, 0xff, 0xa5,
    0x18, 0x0, 0x0, 0x0, 0x0, 0x0, 0x0, 0x3e,
    0x58, 0x62, 0xa8, 0xff, 0xff, 0xd2, 0x1, 0x0,
    0x0, 0x0, 0x0, 0x0, 0x0, 0x0, 0x0, 0x0,
    0xbf, 0xff, 0xff, 0x3a, 0x19, 0x44, 0x42, 0x9,
    0x0, 0x0, 0x0, 0x0, 0x0, 0x87, 0xff, 0xff,
    0x5a, 0x94, 0xff, 0xff, 0x54, 0x0, 0x0, 0x0,
    0x0, 0x0, 0x80, 0xff, 0xff, 0x60, 0x94, 0xff,
    0xff, 0x5f, 0x0, 0x0, 0x0, 0x0, 0x0, 0x88,
    0xff, 0xff, 0x5b, 0x7a, 0xff, 0xff, 0x9a, 0x0,
    0x0, 0x0, 0x0, 0x0, 0xc6, 0xff, 0xff, 0x41,
    0x2f, 0xff, 0xff, 0xfe, 0xa6, 0x74, 0x70, 0x79,
    0xbe, 0xff, 0xff, 0xed, 0x9, 0x0, 0x93, 0xff,
    0xff, 0xff, 0xff, 0xff, 0xff, 0xff, 0xff, 0xfe,
    0x5c, 0x0, 0x0, 0x0, 0x63, 0xca, 0xf5, 0xff,
    0xff, 0xff, 0xf0, 0xba, 0x43, 0x0, 0x0,

    /* U+0034 "4" */
    0x0, 0x0, 0x0, 0x0, 0x0, 0x0, 0x0, 0xaf,
    0xfe, 0xff, 0xfe, 0x80, 0x0, 0x0, 0x0, 0x0,
    0x0, 0x0, 0x0, 0x0, 0x0, 0x55, 0xff, 0xff,
    0xff, 0xff, 0xb0, 0x0, 0x0, 0x0, 0x0, 0x0,
    0x0, 0x0, 0x0, 0x7, 0xdd, 0xff, 0xe8, 0xff,
    0xff, 0xb0, 0x0, 0x0, 0x0, 0x0, 0x0, 0x0,
    0x0, 0x0, 0x76, 0xff, 0xff, 0x65, 0xff, 0xff,
    0xb0, 0x0, 0x0, 0x0, 0x0, 0x0, 0x0, 0x0,
    0x15, 0xf0, 0xff, 0xc5, 0x10, 0xff, 0xff, 0xb0,
    0x0, 0x0, 0x0, 0x0, 0x0, 0x0, 0x0, 0x97,
    0xff, 0xff, 0x37, 0x10, 0xff, 0xff, 0xb0, 0x0,
    0x0, 0x0, 0x0, 0x0, 0x0, 0x2b, 0xfc, 0xff,
    0xa7, 0x0, 0x10, 0xff, 0xff, 0xb0, 0x0, 0x0,
    0x0, 0x0, 0x0, 0x0, 0xb8, 0xff, 0xf8, 0x1f,
    0x0, 0x10, 0xff, 0xff, 0xb0, 0x0, 0x0, 0x0,
    0x0, 0x0, 0x48, 0xff, 0xff, 0x88, 0x0, 0x0,
    0x10, 0xff, 0xff, 0xb0, 0x0, 0x0, 0x0, 0x0,
    0x3, 0xd5, 0xff, 0xea, 0xe, 0x0, 0x0, 0x10,
    0xff, 0xff, 0xb0, 0x0, 0x0, 0x0, 0x0, 0x6a,
    0xff, 0xff, 0x69, 0x0, 0x0, 0x0, 0x10, 0xff,
    0xff, 0xb0, 0x0, 0x0, 0x0, 0xf, 0xea, 0xff,
    0xd6, 0x4, 0x0, 0x0, 0x0, 0x10, 0xff, 0xff,
    0xb0, 0x0, 0x0, 0x0, 0x86, 0xff, 0xff, 0x4b,
    0x0, 0x0, 0x0, 0x0, 0x10, 0xff, 0xff, 0xb0,
    0x0, 0x0, 0x0, 0xd3, 0xff, 0xff, 0xff, 0xff,
    0xff, 0xff, 0xff, 0xff, 0xff, 0xff, 0xff, 0xff,
    0xff, 0x54, 0xd7, 0xff, 0xff, 0xff, 0xff, 0xff,
    0xff, 0xff, 0xff, 0xff, 0xff, 0xff, 0xff, 0xff,
    0x63, 0x49, 0x87, 0x88, 0x88, 0x88, 0x88, 0x88,
    0x88, 0x8f, 0xff, 0xff, 0xda, 0x88, 0x87, 0x23,
    0x0, 0x0, 0x0, 0x0, 0x0, 0x0, 0x0, 0x0,
    0x10, 0xff, 0xff, 0xb0, 0x0, 0x0, 0x0, 0x0,
    0x0, 0x0, 0x0, 0x0, 0x0, 0x0, 0x0, 0x10,
    0xff, 0xff, 0xb0, 0x0, 0x0, 0x0, 0x0, 0x0,
    0x0, 0x0, 0x0, 0x0, 0x0, 0x0, 0x9, 0xf6,
    0xff, 0xa0, 0x0, 0x0, 0x0,

    /* U+0035 "5" */
    0x2e, 0xfc, 0xff, 0xff, 0xff, 0xff, 0xff, 0xff,
    0xff, 0xff, 0xff, 0xea, 0x0, 0x3c, 0xff, 0xff,
    0xff, 0xff, 0xff, 0xff, 0xff, 0xff, 0xff, 0xff,
    0xfc, 0x0, 0x3c, 0xff, 0xff, 0xe8, 0xb0, 0xb0,
    0xb0, 0xb0, 0xb0, 0xb0, 0xb0, 0x9c, 0x0, 0x3c,
    0xff, 0xff, 0xb4, 0x0, 0x0, 0x0, 0x0, 0x0,
    0x0, 0x0, 0x0, 0x0, 0x3c, 0xff, 0xff, 0xb4,
    0x0, 0x0, 0x0, 0x0, 0x0, 0x0, 0x0, 0x0,
    0x0, 0x3c, 0xff, 0xff, 0xb4, 0x0, 0x0, 0x0,
    0x0, 0x0, 0x0, 0x0, 0x0, 0x0, 0x3c, 0xff,
    0xff, 0xb4, 0x4, 0x3d, 0x53, 0x54, 0x4b, 0x24,
    0x0, 0x0, 0x0, 0x3c, 0xff, 0xff, 0xc0, 0xd4,
    0xff, 0xff, 0xff, 0xff, 0xff, 0xc2, 0x1e, 0x0,
    0x3c, 0xff, 0xff, 0xff, 0xff, 0xff, 0xff, 0xff,
    0xff, 0xff, 0xff, 0xcf, 0x1, 0x3a, 0xff, 0xff,
    0xf2, 0x41, 0x5, 0x0, 0x9, 0x41, 0xeb, 0xff,
    0xff, 0x3c, 0x7, 0x50, 0x54, 0x2c, 0x0, 0x0,
    0x0, 0x0, 0x0, 0x89, 0xff, 0xff, 0x65, 0x0,
    0x0, 0x0, 0x0, 0x0, 0x0, 0x0, 0x0, 0x0,
    0x6b, 0xff, 0xff, 0x6f, 0x0, 0x0, 0x0, 0x0,
    0x0, 0x0, 0x0, 0x0, 0x0, 0x68, 0xff, 0xff,
    0x70, 0x48, 0xdb, 0xdb, 0x5c, 0x0, 0x0, 0x0,
    0x0, 0x0, 0x68, 0xff, 0xff, 0x70, 0x65, 0xff,
    0xff, 0x86, 0x0, 0x0, 0x0, 0x0, 0x0, 0x6e,
    0xff, 0xff, 0x6c, 0x4d, 0xff, 0xff, 0xc0, 0x0,
    0x0, 0x0, 0x0, 0x0, 0xab, 0xff, 0xff, 0x54,
    0x10, 0xf5, 0xff, 0xff, 0xb7, 0x77, 0x70, 0x76,
    0xaf, 0xff, 0xff, 0xf6, 0x14, 0x0, 0x6d, 0xff,
    0xff, 0xff, 0xff, 0xff, 0xff, 0xff, 0xff, 0xff,
    0x6f, 0x0, 0x0, 0x0, 0x4e, 0xc0, 0xf2, 0xff,
    0xff, 0xff, 0xf2, 0xc0, 0x4e, 0x0, 0x0,

    /* U+0036 "6" */
    0x0, 0x0, 0x46, 0xba, 0xef, 0xff, 0xff, 0xff,
    0xff, 0xff, 0xff, 0xb7, 0x0, 0x0, 0x63, 0xfe,
    0xff, 0xff, 0xff, 0xff, 0xff, 0xff, 0xff, 0xff,
    0xc8, 0x0, 0xb, 0xf0, 0xff, 0xff, 0xd1, 0x8a,
    0x80, 0x80, 0x80, 0x80, 0x80, 0x54, 0x0, 0x45,
    0xff, 0xff, 0xda, 0x5, 0x0, 0x0, 0x0, 0x0,
    0x0, 0x0, 0x0, 0x0, 0x5d, 0xff, 0xff, 0x9a,
    0x0, 0x0, 0x0, 0x0, 0x0, 0x0, 0x0, 0x0,
    0x0, 0x60, 0xff, 0xff, 0x90, 0x0, 0x0, 0x0,
    0x0, 0x0, 0x0, 0x0, 0x0, 0x0, 0x60, 0xff,
    0xff, 0x90, 0x0, 0x0, 0x0, 0x0, 0x0, 0x0,
    0x0, 0x0, 0x0, 0x60, 0xff, 0xff, 0xc8, 0x80,
    0x80, 0x80, 0x80, 0x79, 0x5b, 0x14, 0x0, 0x0,
    0x60, 0xff, 0xff, 0xff, 0xff, 0xff, 0xff, 0xff,
    0xff, 0xff, 0xf6, 0x65, 0x0, 0x60, 0xff, 0xff,
    0xff, 0xff, 0xff, 0xff, 0xff, 0xff, 0xff, 0xff,
    0xfe, 0x3f, 0x60, 0xff, 0xff, 0x90, 0x0, 0x0,
    0x0, 0x1, 0x1f, 0xb5, 0xff, 0xff, 0xa9, 0x60,
    0xff, 0xff, 0x90, 0x0, 0x0, 0x0, 0x0, 0x0,
    0x2d, 0xff, 0xff, 0xd2, 0x60, 0xff, 0xff, 0x90,
    0x0, 0x0, 0x0, 0x0, 0x0, 0x14, 0xff, 0xff,
    0xdc, 0x60, 0xff, 0xff, 0x90, 0x0, 0x0, 0x0,
    0x0, 0x0, 0x14, 0xff, 0xff, 0xdc, 0x5d, 0xff,
    0xff, 0x96, 0x0, 0x0, 0x0, 0x0, 0x0, 0x1b,
    0xff, 0xff, 0xd9, 0x44, 0xff, 0xff, 0xd2, 0x2,
    0x0, 0x0, 0x0, 0x0, 0x5a, 0xff, 0xff, 0xc2,
    0xb, 0xf0, 0xff, 0xff, 0xcb, 0x88, 0x80, 0x80,
    0x9e, 0xf7, 0xff, 0xff, 0x7b, 0x0, 0x62, 0xfe,
    0xff, 0xff, 0xff, 0xff, 0xff, 0xff, 0xff, 0xff,
    0xd4, 0xd, 0x0, 0x0, 0x47, 0xbb, 0xf0, 0xff,
    0xff, 0xff, 0xfa, 0xdc, 0x8c, 0xf, 0x0,

    /* U+0037 "7" */
    0x63, 0xff, 0xff, 0xff, 0xff, 0xff, 0xff, 0xff,
    0xff, 0xff, 0xff, 0xb2, 0x74, 0xff, 0xff, 0xff,
    0xff, 0xff, 0xff, 0xff, 0xff, 0xff, 0xff, 0xc4,
    0x3b, 0xa7, 0xa8, 0xa8, 0xa8, 0xa8, 0xa8, 0xa8,
    0xd0, 0xff, 0xff, 0xbb, 0x0, 0x0, 0x0, 0x0,
    0x0, 0x0, 0x0, 0x0, 0xbc, 0xff, 0xff, 0x75,
    0x0, 0x0, 0x0, 0x0, 0x0, 0x0, 0x0, 0x25,
    0xfe, 0xff, 0xf9, 0x16, 0x0, 0x0, 0x0, 0x0,
    0x0, 0x0, 0x0, 0x8d, 0xff, 0xff, 0xa8, 0x0,
    0x0, 0x0, 0x0, 0x0, 0x0, 0x0, 0x7, 0xec,
    0xff, 0xff, 0x40, 0x0, 0x0, 0x0, 0x0, 0x0,
    0x0, 0x0, 0x5d, 0xff, 0xff, 0xd8, 0x0, 0x0,
    0x0, 0x0, 0x0, 0x0, 0x0, 0x0, 0xc5, 0xff,
    0xff, 0x71, 0x0, 0x0, 0x0, 0x0, 0x0, 0x0,
    0x0, 0x2d, 0xff, 0xff, 0xf7, 0x12, 0x0, 0x0,
    0x0, 0x0, 0x0, 0x0, 0x0, 0x96, 0xff, 0xff,
    0xa1, 0x0, 0x0, 0x0, 0x0, 0x0, 0x0, 0x0,
    0xb, 0xf1, 0xff, 0xff, 0x39, 0x0, 0x0, 0x0,
    0x0, 0x0, 0x0, 0x0, 0x66, 0xff, 0xff, 0xd1,
    0x0, 0x0, 0x0, 0x0, 0x0, 0x0, 0x0, 0x0,
    0xcd, 0xff, 0xff, 0x6a, 0x0, 0x0, 0x0, 0x0,
    0x0, 0x0, 0x0, 0x36, 0xff, 0xff, 0xf4, 0xe,
    0x0, 0x0, 0x0, 0x0, 0x0, 0x0, 0x0, 0x9e,
    0xff, 0xff, 0x9a, 0x0, 0x0, 0x0, 0x0, 0x0,
    0x0, 0x0, 0x10, 0xf6, 0xff, 0xff, 0x32, 0x0,
    0x0, 0x0, 0x0, 0x0, 0x0, 0x0, 0x6f, 0xff,
    0xff, 0xca, 0x0, 0x0, 0x0, 0x0, 0x0, 0x0,
    0x0, 0x0, 0xc7, 0xff, 0xf9, 0x55, 0x0, 0x0,
    0x0, 0x0, 0x0, 0x0,

    /* U+0038 "8" */
    0x0, 0x0, 0x44, 0xb7, 0xed, 0xfe, 0xff, 0xff,
    0xfe, 0xed, 0xb8, 0x44, 0x0, 0x0, 0x0, 0x61,
    0xff, 0xff, 0xff, 0xff, 0xff, 0xff, 0xff, 0xff,
    0xff, 0xff, 0x5f, 0x0, 0x6, 0xee, 0xff, 0xff,
    0xce, 0x8a, 0x80, 0x80, 0x8a, 0xcf, 0xff, 0xff,
    0xec, 0x4, 0x33, 0xff, 0xff, 0xdd, 0x5, 0x0,
    0x0, 0x0, 0x0, 0x6, 0xde, 0xff, 0xff, 0x2e,
    0x43, 0xff, 0xff, 0xac, 0x0, 0x0, 0x0, 0x0,
    0x0, 0x0, 0xac, 0xff, 0xff, 0x3f, 0x42, 0xff,
    0xff, 0xa8, 0x0, 0x0, 0x0, 0x0, 0x0, 0x0,
    0xa8, 0xff, 0xff, 0x3e, 0x2e, 0xff, 0xff, 0xc0,
    0x0, 0x0, 0x0, 0x0, 0x0, 0x0, 0xc1, 0xff,
    0xff, 0x28, 0x3, 0xe3, 0xff, 0xfe, 0x5f, 0xb,
    0x0, 0x0, 0xb, 0x60, 0xfe, 0xff, 0xdd, 0x1,
    0x0, 0x40, 0xed, 0xff, 0xff, 0xff, 0xff, 0xff,
    0xff, 0xff, 0xff, 0xef, 0x3e, 0x0, 0x0, 0xf,
    0xaf, 0xff, 0xff, 0xff, 0xff, 0xff, 0xff, 0xff,
    0xff, 0xb2, 0x10, 0x0, 0x0, 0xae, 0xff, 0xff,
    0xae, 0x55, 0x48, 0x48, 0x55, 0xae, 0xff, 0xff,
    0xad, 0x0, 0x18, 0xfe, 0xff, 0xdd, 0x3, 0x0,
    0x0, 0x0, 0x0, 0x3, 0xde, 0xff, 0xfd, 0x15,
    0x3b, 0xff, 0xff, 0xae, 0x0, 0x0, 0x0, 0x0,
    0x0, 0x0, 0xae, 0xff, 0xff, 0x36, 0x44, 0xff,
    0xff, 0xa8, 0x0, 0x0, 0x0, 0x0, 0x0, 0x0,
    0xa8, 0xff, 0xff, 0x40, 0x41, 0xff, 0xff, 0xb0,
    0x0, 0x0, 0x0, 0x0, 0x0, 0x0, 0xb0, 0xff,
    0xff, 0x3c, 0x2b, 0xff, 0xff, 0xe4, 0x8, 0x0,
    0x0, 0x0, 0x0, 0x9, 0xe5, 0xff, 0xff, 0x26,
    0x2, 0xe3, 0xff, 0xff, 0xd3, 0x8b, 0x80, 0x80,
    0x8b, 0xd4, 0xff, 0xff, 0xe0, 0x1, 0x0, 0x51,
    0xfd, 0xff, 0xff, 0xff, 0xff, 0xff, 0xff, 0xff,
    0xff, 0xfd, 0x50, 0x0, 0x0, 0x0, 0x3c, 0xb3,
    0xed, 0xfe, 0xff, 0xff, 0xfe, 0xee, 0xb4, 0x3c,
    0x0, 0x0,

    /* U+0039 "9" */
    0x0, 0x0, 0x5d, 0xc7, 0xf3, 0xff, 0xff, 0xff,
    0xf6, 0xd0, 0x70, 0x3, 0x0, 0x0, 0x8b, 0xff,
    0xff, 0xff, 0xff, 0xff, 0xff, 0xff, 0xff, 0xff,
    0xad, 0x0, 0x2a, 0xfe, 0xff, 0xff, 0xbf, 0x86,
    0x80, 0x83, 0xaf, 0xfe, 0xff, 0xff, 0x49, 0x73,
    0xff, 0xff, 0xb3, 0x0, 0x0, 0x0, 0x0, 0x0,
    0x89, 0xff, 0xff, 0x93, 0x8c, 0xff, 0xff, 0x71,
    0x0, 0x0, 0x0, 0x0, 0x0, 0x45, 0xff, 0xff,
    0xac, 0x90, 0xff, 0xff, 0x68, 0x0, 0x0, 0x0,
    0x0, 0x0, 0x3c, 0xff, 0xff, 0xb0, 0x90, 0xff,
    0xff, 0x68, 0x0, 0x0, 0x0, 0x0, 0x0, 0x3c,
    0xff, 0xff, 0xb0, 0x8d, 0xff, 0xff, 0x70, 0x0,
    0x0, 0x0, 0x0, 0x0, 0x3c, 0xff, 0xff, 0xb0,
    0x75, 0xff, 0xff, 0xb5, 0x0, 0x0, 0x0, 0x0,
    0x0, 0x3c, 0xff, 0xff, 0xb0, 0x2c, 0xff, 0xff,
    0xff, 0xc5, 0x8d, 0x88, 0x88, 0x88, 0xa4, 0xff,
    0xff, 0xb0, 0x0, 0x8f, 0xff, 0xff, 0xff, 0xff,
    0xff, 0xff, 0xff, 0xff, 0xff, 0xff, 0xb0, 0x0,
    0x0, 0x60, 0xc8, 0xf4, 0xff, 0xff, 0xff, 0xff,
    0xff, 0xff, 0xff, 0xb0, 0x0, 0x0, 0x0, 0x0,
    0x0, 0x0, 0x0, 0x0, 0x0, 0x44, 0xff, 0xff,
    0xb0, 0x0, 0x0, 0x0, 0x0, 0x0, 0x0, 0x0,
    0x0, 0x0, 0x44, 0xff, 0xff, 0xb0, 0x0, 0x0,
    0x0, 0x0, 0x0, 0x0, 0x0, 0x0, 0x0, 0x4b,
    0xff, 0xff, 0xac, 0x0, 0x0, 0x0, 0x0, 0x0,
    0x0, 0x0, 0x0, 0x0, 0x8b, 0xff, 0xff, 0x93,
    0x0, 0x43, 0x80, 0x80, 0x80, 0x80, 0x80, 0x83,
    0xae, 0xfe, 0xff, 0xff, 0x49, 0x0, 0xa8, 0xff,
    0xff, 0xff, 0xff, 0xff, 0xff, 0xff, 0xff, 0xff,
    0xad, 0x0, 0x0, 0x96, 0xff, 0xff, 0xff, 0xff,
    0xff, 0xff, 0xf7, 0xd0, 0x71, 0x3, 0x0,

    /* U+003A ":" */
    0x77, 0xff, 0xff, 0x71, 0x88, 0xff, 0xff, 0x80,
    0x88, 0xff, 0xff, 0x80, 0x88, 0xff, 0xff, 0x80,
    0x3a, 0x90, 0x90, 0x38, 0x0, 0x0, 0x0, 0x0,
    0x0, 0x0, 0x0, 0x0, 0x0, 0x0, 0x0, 0x0,
    0x0, 0x0, 0x0, 0x0, 0x0, 0x0, 0x0, 0x0,
    0x3d, 0x90, 0x90, 0x39, 0x88, 0xff, 0xff, 0x80,
    0x88, 0xff, 0xff, 0x80, 0x88, 0xff, 0xff, 0x80,
    0x76, 0xff, 0xff, 0x70,

    /* U+003B ";" */
    0x77, 0xff, 0xff, 0x71, 0x88, 0xff, 0xff, 0x80,
    0x88, 0xff, 0xff, 0x80, 0x88, 0xff, 0xff, 0x80,
    0x3a, 0x90, 0x90, 0x38, 0x0, 0x0, 0x0, 0x0,
    0x0, 0x0, 0x0, 0x0, 0x0, 0x0, 0x0, 0x0,
    0x0, 0x0, 0x0, 0x0, 0x0, 0x0, 0x0, 0x0,
    0x49, 0xa8, 0xa8, 0x45, 0x88, 0xff, 0xff, 0x80,
    0x88, 0xff, 0xff, 0x80, 0x88, 0xff, 0xff, 0x6d,
    0x88, 0xff, 0xfb, 0x1d, 0x88, 0xff, 0x96, 0x0,
    0x88, 0xf1, 0x16, 0x0, 0x7b, 0x74, 0x0, 0x0,

    /* U+003C "<" */
    0x0, 0x0, 0x0, 0x0, 0x0, 0x0, 0x0, 0x0,
    0x0, 0x0, 0x0, 0x0, 0x0, 0x0, 0x0, 0x0,
    0x0, 0x0, 0x0, 0x0, 0x0, 0x0, 0x1e, 0x73,
    0xc7, 0x3f, 0x0, 0x0, 0x0, 0x0, 0x0, 0x0,
    0x1a, 0x6f, 0xc6, 0xfe, 0xff, 0xff, 0x4f, 0x0,
    0x0, 0x0, 0x17, 0x6b, 0xc2, 0xfe, 0xff, 0xff,
    0xff, 0xfa, 0xbc, 0x1d, 0x11, 0x67, 0xbe, 0xfd,
    0xff, 0xff, 0xff, 0xec, 0xa3, 0x56, 0xf, 0x0,
    0x0, 0xd7, 0xff, 0xff, 0xff, 0xd5, 0x88, 0x3c,
    0x3, 0x0, 0x0, 0x0, 0x0, 0x0, 0xf4, 0xff,
    0xea, 0x62, 0x5, 0x0, 0x0, 0x0, 0x0, 0x0,
    0x0, 0x0, 0x0, 0xc7, 0xff, 0xff, 0xff, 0xf0,
    0xaa, 0x5e, 0x15, 0x0, 0x0, 0x0, 0x0, 0x0,
    0x4, 0x48, 0x9e, 0xee, 0xff, 0xff, 0xff, 0xfd,
    0xc7, 0x7b, 0x30, 0x0, 0x0, 0x0, 0x0, 0x0,
    0x5, 0x49, 0x9f, 0xef, 0xff, 0xff, 0xff, 0xff,
    0xe2, 0x29, 0x0, 0x0, 0x0, 0x0, 0x0, 0x0,
    0x5, 0x4b, 0xa1, 0xf0, 0xff, 0xff, 0x50, 0x0,
    0x0, 0x0, 0x0, 0x0, 0x0, 0x0, 0x0, 0x0,
    0x6, 0x4d, 0x9f, 0x33,

    /* U+003D "=" */
    0xc5, 0xff, 0xff, 0xff, 0xff, 0xff, 0xff, 0xff,
    0xff, 0xff, 0xff, 0xff, 0x5c, 0xd6, 0xff, 0xff,
    0xff, 0xff, 0xff, 0xff, 0xff, 0xff, 0xff, 0xff,
    0xff, 0x6d, 0x37, 0x54, 0x54, 0x54, 0x54, 0x54,
    0x54, 0x54, 0x54, 0x54, 0x54, 0x53, 0x13, 0x0,
    0x0, 0x0, 0x0, 0x0, 0x0, 0x0, 0x0, 0x0,
    0x0, 0x0, 0x0, 0x0, 0x0, 0x0, 0x0, 0x0,
    0x0, 0x0, 0x0, 0x0, 0x0, 0x0, 0x0, 0x0,
    0x0, 0x3a, 0x5c, 0x5c, 0x5c, 0x5c, 0x5c, 0x5c,
    0x5c, 0x5c, 0x5c, 0x5c, 0x5b, 0x16, 0xd6, 0xff,
    0xff, 0xff, 0xff, 0xff, 0xff, 0xff, 0xff, 0xff,
    0xff, 0xff, 0x6e, 0xc2, 0xff, 0xff, 0xff, 0xff,
    0xff, 0xff, 0xff, 0xff, 0xff, 0xff, 0xff, 0x5b,

    /* U+003E ">" */
    0x0, 0x0, 0x0, 0x0, 0x0, 0x0, 0x0, 0x0,
    0x0, 0x0, 0x0, 0x0, 0x0, 0xb2, 0x9c, 0x45,
    0x3, 0x0, 0x0, 0x0, 0x0, 0x0, 0x0, 0x0,
    0x0, 0x0, 0xd7, 0xff, 0xff, 0xea, 0x98, 0x41,
    0x2, 0x0, 0x0, 0x0, 0x0, 0x0, 0x0, 0x77,
    0xe5, 0xff, 0xff, 0xff, 0xff, 0xe7, 0x94, 0x3d,
    0x1, 0x0, 0x0, 0x0, 0x0, 0x1, 0x33, 0x80,
    0xcc, 0xfe, 0xff, 0xff, 0xff, 0xe4, 0x90, 0x37,
    0x0, 0x0, 0x0, 0x0, 0x0, 0x0, 0x1a, 0x66,
    0xb3, 0xf6, 0xff, 0xff, 0xff, 0x52, 0x0, 0x0,
    0x0, 0x0, 0x0, 0x0, 0x0, 0x0, 0x29, 0xb8,
    0xff, 0xff, 0x70, 0x0, 0x0, 0x0, 0x0, 0x3,
    0x3c, 0x88, 0xd4, 0xff, 0xff, 0xff, 0xfc, 0x46,
    0x0, 0x11, 0x59, 0xa4, 0xed, 0xff, 0xff, 0xff,
    0xfe, 0xc6, 0x70, 0x1b, 0x0, 0x98, 0xfb, 0xff,
    0xff, 0xff, 0xfe, 0xc8, 0x72, 0x1c, 0x0, 0x0,
    0x0, 0x0, 0xd8, 0xff, 0xff, 0xc9, 0x74, 0x1e,
    0x0, 0x0, 0x0, 0x0, 0x0, 0x0, 0x0, 0x91,
    0x75, 0x1f, 0x0, 0x0, 0x0, 0x0, 0x0, 0x0,
    0x0, 0x0, 0x0, 0x0,

    /* U+003F "?" */
    0x0, 0x0, 0x56, 0xc3, 0xf2, 0xff, 0xff, 0xf3,
    0xc6, 0x5b, 0x0, 0x0, 0x0, 0x7e, 0xff, 0xff,
    0xff, 0xff, 0xff, 0xff, 0xff, 0xff, 0x86, 0x0,
    0x1c, 0xfb, 0xff, 0xff, 0xb0, 0x7a, 0x7a, 0xae,
    0xff, 0xff, 0xfd, 0x23, 0x5e, 0xff, 0xff, 0xb2,
    0x0, 0x0, 0x0, 0x0, 0x9c, 0xff, 0xff, 0x69,
    0x75, 0xff, 0xff, 0x7d, 0x0, 0x0, 0x0, 0x0,
    0x5e, 0xff, 0xff, 0x81, 0x64, 0xfb, 0xfb, 0x64,
    0x0, 0x0, 0x0, 0x0, 0x72, 0xff, 0xff, 0x78,
    0x0, 0x0, 0x0, 0x0, 0x0, 0x0, 0x0, 0x25,
    0xe8, 0xff, 0xfd, 0x2e, 0x0, 0x0, 0x0, 0x0,
    0x0, 0x0, 0x43, 0xed, 0xff, 0xff, 0x77, 0x0,
    0x0, 0x0, 0x0, 0x0, 0x0, 0x56, 0xfb, 0xff,
    0xf5, 0x59, 0x0, 0x0, 0x0, 0x0, 0x0, 0x0,
    0x19, 0xf6, 0xff, 0xee, 0x31, 0x0, 0x0, 0x0,
    0x0, 0x0, 0x0, 0x0, 0x56, 0xff, 0xff, 0x89,
    0x0, 0x0, 0x0, 0x0, 0x0, 0x0, 0x0, 0x0,
    0x63, 0xff, 0xff, 0x70, 0x0, 0x0, 0x0, 0x0,
    0x0, 0x0, 0x0, 0x0, 0x20, 0x7b, 0x7b, 0x25,
    0x0, 0x0, 0x0, 0x0, 0x0, 0x0, 0x0, 0x0,
    0x0, 0x0, 0x0, 0x0, 0x0, 0x0, 0x0, 0x0,
    0x0, 0x0, 0x0, 0x0, 0x42, 0x90, 0x8f, 0x33,
    0x0, 0x0, 0x0, 0x0, 0x0, 0x0, 0x0, 0x0,
    0x90, 0xff, 0xff, 0x74, 0x0, 0x0, 0x0, 0x0,
    0x0, 0x0, 0x0, 0x0, 0x90, 0xff, 0xff, 0x74,
    0x0, 0x0, 0x0, 0x0, 0x0, 0x0, 0x0, 0x0,
    0x90, 0xff, 0xff, 0x74, 0x0, 0x0, 0x0, 0x0,
    0x0, 0x0, 0x0, 0x0, 0x7f, 0xff, 0xff, 0x65,
    0x0, 0x0, 0x0, 0x0,

    /* U+0040 "@" */
    0x0, 0x0, 0x0, 0x0, 0x36, 0x84, 0xaa, 0xbb,
    0xbc, 0xbc, 0xbc, 0xbc, 0xbc, 0xb6, 0x9a, 0x52,
    0x2, 0x0, 0x0, 0x0, 0x0, 0x18, 0xb7, 0xff,
    0xff, 0xff, 0xff, 0xff, 0xff, 0xff, 0xff, 0xff,
    0xff, 0xff, 0xff, 0xc9, 0x19, 0x0, 0x0, 0x1e,
    0xe3, 0xff, 0xb4, 0x49, 0x13, 0x1, 0x0, 0x0,
    0x0, 0x0, 0x0, 0x10, 0x40, 0xc0, 0xff, 0xcc,
    0x3, 0x2, 0xcd, 0xff, 0x6e, 0x0, 0x0, 0x0,
    0x0, 0x0, 0x0, 0x0, 0x0, 0x0, 0x0, 0x0,
    0x2, 0xb7, 0xff, 0x53, 0x5a, 0xff, 0x9e, 0x0,
    0x0, 0x0, 0x0, 0x13, 0x30, 0x34, 0x34, 0x34,
    0x34, 0x25, 0x0, 0x0, 0x47, 0xff, 0x90, 0xb2,
    0xff, 0x26, 0x0, 0x0, 0x1d, 0xb9, 0xfe, 0xff,
    0xff, 0xff, 0xff, 0xff, 0xf0, 0x0, 0x0, 0x2a,
    0xff, 0xa3, 0xe3, 0xe5, 0x0, 0x0, 0xb, 0xdc,
    0xff, 0xff, 0xff, 0xff, 0xff, 0xff, 0xff, 0xf4,
    0x0, 0x0, 0x28, 0xff, 0xa4, 0xf8, 0xcd, 0x0,
    0x0, 0x68, 0xff, 0xff, 0x8f, 0x14, 0x0, 0x0,
    0x76, 0xff, 0xf4, 0x0, 0x0, 0x28, 0xff, 0xa4,
    0xfc, 0xc8, 0x0, 0x0, 0xa3, 0xff, 0xf5, 0x3,
    0x0, 0x0, 0x0, 0x70, 0xff, 0xf4, 0x0, 0x0,
    0x28, 0xff, 0xa4, 0xfc, 0xc8, 0x0, 0x0, 0xb3,
    0xff, 0xe0, 0x0, 0x0, 0x0, 0x0, 0x70, 0xff,
    0xf4, 0x0, 0x0, 0x28, 0xff, 0xa4, 0xfc, 0xc8,
    0x0, 0x0, 0xb4, 0xff, 0xe0, 0x0, 0x0, 0x0,
    0x0, 0x70, 0xff, 0xf4, 0x0, 0x0, 0x28, 0xff,
    0xa4, 0xfc, 0xc8, 0x0, 0x0, 0xb1, 0xff, 0xe5,
    0x0, 0x0, 0x0, 0x0, 0x7e, 0xff, 0xf4, 0x0,
    0x0, 0x2b, 0xff, 0xa3, 0xfb, 0xca, 0x0, 0x0,
    0x97, 0xff, 0xfe, 0x20, 0x0, 0x0, 0x1, 0xc8,
    0xff, 0xf4, 0x0, 0x0, 0x4f, 0xff, 0x91, 0xec,
    0xdc, 0x0, 0x0, 0x4c, 0xff, 0xff, 0xe1, 0x83,
    0x7e, 0xc9, 0xff, 0xff, 0xf7, 0xb, 0x32, 0xd4,
    0xff, 0x48, 0xca, 0xfe, 0x15, 0x0, 0x0, 0xa4,
    0xff, 0xff, 0xff, 0xff, 0xfb, 0xa2, 0xff, 0xff,
    0xff, 0xff, 0xff, 0x9e, 0x0, 0x7f, 0xff, 0x7e,
    0x0, 0x0, 0x1, 0x5b, 0xab, 0xbe, 0x9e, 0x36,
    0x10, 0x9d, 0xc3, 0xc2, 0xab, 0x58, 0x0, 0x0,
    0x13, 0xef, 0xf8, 0x3f, 0x0, 0x0, 0x0, 0x0,
    0x0, 0x0, 0x0, 0x0, 0x0, 0x0, 0x0, 0x0,
    0x0, 0x0, 0x0, 0x0, 0x4a, 0xfb, 0xf9, 0x7e,
    0x12, 0x0, 0x0, 0x0, 0x0, 0x0, 0x0, 0x0,
    0x0, 0x0, 0x0, 0x0, 0x0, 0x0, 0x0, 0x0,
    0x43, 0xe7, 0xff, 0xfc, 0xd3, 0xbf, 0xbc, 0xbc,
    0xbc, 0xbc, 0xbc, 0x50, 0x0, 0x0, 0x0, 0x0,
    0x0, 0x0, 0x0, 0x0, 0xa, 0x6d, 0xbc, 0xea,
    0xfc, 0xff, 0xff, 0xff, 0xff, 0xff, 0x73, 0x0,
    0x0, 0x0, 0x0, 0x0,

    /* U+0041 "A" */
    0x0, 0x0, 0x0, 0x0, 0x0, 0x9, 0xe4, 0xff,
    0xff, 0xfd, 0x60, 0x0, 0x0, 0x0, 0x0, 0x0,
    0x0, 0x0, 0x0, 0x0, 0x0, 0x4b, 0xff, 0xff,
    0xff, 0xff, 0xba, 0x0, 0x0, 0x0, 0x0, 0x0,
    0x0, 0x0, 0x0, 0x0, 0x0, 0x95, 0xff, 0xff,
    0xe5, 0xff, 0xf8, 0xb, 0x0, 0x0, 0x0, 0x0,
    0x0, 0x0, 0x0, 0x0, 0x0, 0xde, 0xff, 0xe4,
    0x76, 0xff, 0xff, 0x4e, 0x0, 0x0, 0x0, 0x0,
    0x0, 0x0, 0x0, 0x0, 0x29, 0xff, 0xff, 0x9d,
    0x2d, 0xff, 0xff, 0x98, 0x0, 0x0, 0x0, 0x0,
    0x0, 0x0, 0x0, 0x0, 0x74, 0xff, 0xff, 0x56,
    0x0, 0xe3, 0xff, 0xe2, 0x0, 0x0, 0x0, 0x0,
    0x0, 0x0, 0x0, 0x0, 0xbe, 0xff, 0xfc, 0x11,
    0x0, 0x9b, 0xff, 0xff, 0x2d, 0x0, 0x0, 0x0,
    0x0, 0x0, 0x0, 0xd, 0xfa, 0xff, 0xc6, 0x0,
    0x0, 0x53, 0xff, 0xff, 0x77, 0x0, 0x0, 0x0,
    0x0, 0x0, 0x0, 0x52, 0xff, 0xff, 0x7e, 0x0,
    0x0, 0xf, 0xfb, 0xff, 0xc1, 0x0, 0x0, 0x0,
    0x0, 0x0, 0x0, 0x9c, 0xff, 0xff, 0x37, 0x0,
    0x0, 0x0, 0xc2, 0xff, 0xfb, 0x10, 0x0, 0x0,
    0x0, 0x0, 0x0, 0xe5, 0xff, 0xec, 0x2, 0x0,
    0x0, 0x0, 0x79, 0xff, 0xff, 0x56, 0x0, 0x0,
    0x0, 0x0, 0x31, 0xff, 0xff, 0xa7, 0x0, 0x0,
    0x0, 0x0, 0x30, 0xff, 0xff, 0xa0, 0x0, 0x0,
    0x0, 0x0, 0x7b, 0xff, 0xff, 0xff, 0xff, 0xff,
    0xff, 0xff, 0xff, 0xff, 0xff, 0xe8, 0x1, 0x0,
    0x0, 0x0, 0xc5, 0xff, 0xff, 0xff, 0xff, 0xff,
    0xff, 0xff, 0xff, 0xff, 0xff, 0xff, 0x34, 0x0,
    0x0, 0x12, 0xfc, 0xff, 0xe3, 0x58, 0x58, 0x58,
    0x58, 0x58, 0x58, 0x9a, 0xff, 0xff, 0x7e, 0x0,
    0x0, 0x5a, 0xff, 0xff, 0x99, 0x0, 0x0, 0x0,
    0x0, 0x0, 0x0, 0x2a, 0xff, 0xff, 0xc9, 0x0,
    0x0, 0xa4, 0xff, 0xff, 0x52, 0x0, 0x0, 0x0,
    0x0, 0x0, 0x0, 0x0, 0xe3, 0xff, 0xfd, 0x15,
    0x2, 0xeb, 0xff, 0xfc, 0xf, 0x0, 0x0, 0x0,
    0x0, 0x0, 0x0, 0x0, 0x9d, 0xff, 0xff, 0x5d,
    0x29, 0xff, 0xff, 0xb8, 0x0, 0x0, 0x0, 0x0,
    0x0, 0x0, 0x0, 0x0, 0x4e, 0xfe, 0xff, 0x98,

    /* U+0042 "B" */
    0xbf, 0xff, 0xff, 0xff, 0xff, 0xff, 0xff, 0xff,
    0xf2, 0xc4, 0x59, 0x0, 0x0, 0xd0, 0xff, 0xff,
    0xff, 0xff, 0xff, 0xff, 0xff, 0xff, 0xff, 0xff,
    0x82, 0x0, 0xd0, 0xff, 0xff, 0x87, 0x74, 0x74,
    0x74, 0x7a, 0xb1, 0xff, 0xff, 0xfc, 0x20, 0xd0,
    0xff, 0xff, 0x18, 0x0, 0x0, 0x0, 0x0, 0x0,
    0xa5, 0xff, 0xff, 0x63, 0xd0, 0xff, 0xff, 0x18,
    0x0, 0x0, 0x0, 0x0, 0x0, 0x69, 0xff, 0xff,
    0x79, 0xd0, 0xff, 0xff, 0x18, 0x0, 0x0, 0x0,
    0x0, 0x0, 0x64, 0xff, 0xff, 0x7b, 0xd0, 0xff,
    0xff, 0x18, 0x0, 0x0, 0x0, 0x0, 0x0, 0x7e,
    0xff, 0xff, 0x67, 0xd0, 0xff, 0xff, 0x1e, 0x0,
    0x0, 0x0, 0x7, 0x3f, 0xe8, 0xff, 0xfb, 0x21,
    0xd0, 0xff, 0xff, 0xff, 0xff, 0xff, 0xff, 0xff,
    0xff, 0xff, 0xee, 0x58, 0x0, 0xd0, 0xff, 0xff,
    0xff, 0xff, 0xff, 0xff, 0xff, 0xff, 0xff, 0xb6,
    0x33, 0x0, 0xd0, 0xff, 0xff, 0x71, 0x5c, 0x5c,
    0x5c, 0x60, 0x88, 0xf2, 0xff, 0xf7, 0x27, 0xd0,
    0xff, 0xff, 0x18, 0x0, 0x0, 0x0, 0x0, 0x0,
    0x5e, 0xff, 0xff, 0x93, 0xd0, 0xff, 0xff, 0x18,
    0x0, 0x0, 0x0, 0x0, 0x0, 0x25, 0xff, 0xff,
    0xb6, 0xd0, 0xff, 0xff, 0x18, 0x0, 0x0, 0x0,
    0x0, 0x0, 0x20, 0xff, 0xff, 0xbc, 0xd0, 0xff,
    0xff, 0x18, 0x0, 0x0, 0x0, 0x0, 0x0, 0x27,
    0xff, 0xff, 0xb8, 0xd0, 0xff, 0xff, 0x18, 0x0,
    0x0, 0x0, 0x0, 0x0, 0x64, 0xff, 0xff, 0xa0,
    0xd0, 0xff, 0xff, 0x84, 0x70, 0x70, 0x70, 0x72,
    0x96, 0xf7, 0xff, 0xff, 0x58, 0xd0, 0xff, 0xff,
    0xff, 0xff, 0xff, 0xff, 0xff, 0xff, 0xff, 0xff,
    0xbb, 0x3, 0xbf, 0xff, 0xff, 0xff, 0xff, 0xff,
    0xff, 0xff, 0xf8, 0xd4, 0x7a, 0x6, 0x0,

    /* U+0043 "C" */
    0x0, 0x0, 0x27, 0xa5, 0xe6, 0xfd, 0xff, 0xff,
    0xff, 0xf6, 0xcf, 0x6f, 0x2, 0x0, 0x0, 0x2e,
    0xf2, 0xff, 0xff, 0xff, 0xff, 0xff, 0xff, 0xff,
    0xff, 0xff, 0xa9, 0x0, 0x0, 0xb9, 0xff, 0xff,
    0xe5, 0x91, 0x80, 0x80, 0x83, 0xb1, 0xff, 0xff,
    0xff, 0x45, 0x6, 0xfa, 0xff, 0xf9, 0x1d, 0x0,
    0x0, 0x0, 0x0, 0x0, 0x8f, 0xff, 0xff, 0x8f,
    0x19, 0xff, 0xff, 0xd4, 0x0, 0x0, 0x0, 0x0,
    0x0, 0x0, 0x4d, 0xff, 0xff, 0xa8, 0x1c, 0xff,
    0xff, 0xcc, 0x0, 0x0, 0x0, 0x0, 0x0, 0x0,
    0x44, 0xff, 0xff, 0xac, 0x1c, 0xff, 0xff, 0xcc,
    0x0, 0x0, 0x0, 0x0, 0x0, 0x0, 0x16, 0x85,
    0x88, 0x49, 0x1c, 0xff, 0xff, 0xcc, 0x0, 0x0,
    0x0, 0x0, 0x0, 0x0, 0x0, 0x0, 0x0, 0x0,
    0x1c, 0xff, 0xff, 0xcc, 0x0, 0x0, 0x0, 0x0,
    0x0, 0x0, 0x0, 0x0, 0x0, 0x0, 0x1c, 0xff,
    0xff, 0xcc, 0x0, 0x0, 0x0, 0x0, 0x0, 0x0,
    0x0, 0x0, 0x0, 0x0, 0x1c, 0xff, 0xff, 0xcc,
    0x0, 0x0, 0x0, 0x0, 0x0, 0x0, 0x0, 0x0,
    0x0, 0x0, 0x1c, 0xff, 0xff, 0xcc, 0x0, 0x0,
    0x0, 0x0, 0x0, 0x0, 0x0, 0x0, 0x0, 0x0,
    0x1c, 0xff, 0xff, 0xcc, 0x0, 0x0, 0x0, 0x0,
    0x0, 0x0, 0x14, 0x81, 0x84, 0x45, 0x1c, 0xff,
    0xff, 0xcc, 0x0, 0x0, 0x0, 0x0, 0x0, 0x0,
    0x43, 0xff, 0xff, 0xab, 0x19, 0xff, 0xff, 0xd4,
    0x0, 0x0, 0x0, 0x0, 0x0, 0x0, 0x4c, 0xff,
    0xff, 0xa8, 0x6, 0xfa, 0xff, 0xf8, 0x1c, 0x0,
    0x0, 0x0, 0x0, 0x0, 0x8e, 0xff, 0xff, 0x8f,
    0x0, 0xb8, 0xff, 0xff, 0xe4, 0x90, 0x80, 0x80,
    0x83, 0xb0, 0xfe, 0xff, 0xff, 0x46, 0x0, 0x2d,
    0xf3, 0xff, 0xff, 0xff, 0xff, 0xff, 0xff, 0xff,
    0xff, 0xff, 0xaa, 0x0, 0x0, 0x0, 0x28, 0xa6,
    0xe8, 0xfd, 0xff, 0xff, 0xff, 0xf7, 0xd0, 0x70,
    0x3, 0x0,

    /* U+0044 "D" */
    0xbf, 0xff, 0xff, 0xff, 0xff, 0xff, 0xff, 0xff,
    0xf7, 0xd3, 0x79, 0x6, 0x0, 0xd0, 0xff, 0xff,
    0xff, 0xff, 0xff, 0xff, 0xff, 0xff, 0xff, 0xff,
    0xbb, 0x3, 0xd0, 0xff, 0xff, 0x92, 0x80, 0x80,
    0x80, 0x82, 0xaa, 0xfd, 0xff, 0xff, 0x5c, 0xd0,
    0xff, 0xff, 0x18, 0x0, 0x0, 0x0, 0x0, 0x0,
    0x7b, 0xff, 0xff, 0xa7, 0xd0, 0xff, 0xff, 0x18,
    0x0, 0x0, 0x0, 0x0, 0x0, 0x39, 0xff, 0xff,
    0xc0, 0xd0, 0xff, 0xff, 0x18, 0x0, 0x0, 0x0,
    0x0, 0x0, 0x30, 0xff, 0xff, 0xc4, 0xd0, 0xff,
    0xff, 0x18, 0x0, 0x0, 0x0, 0x0, 0x0, 0x30,
    0xff, 0xff, 0xc4, 0xd0, 0xff, 0xff, 0x18, 0x0,
    0x0, 0x0, 0x0, 0x0, 0x30, 0xff, 0xff, 0xc4,
    0xd0, 0xff, 0xff, 0x18, 0x0, 0x0, 0x0, 0x0,
    0x0, 0x30, 0xff, 0xff, 0xc4, 0xd0, 0xff, 0xff,
    0x18, 0x0, 0x0, 0x0, 0x0, 0x0, 0x30, 0xff,
    0xff, 0xc4, 0xd0, 0xff, 0xff, 0x18, 0x0, 0x0,
    0x0, 0x0, 0x0, 0x30, 0xff, 0xff, 0xc4, 0xd0,
    0xff, 0xff, 0x18, 0x0, 0x0, 0x0, 0x0, 0x0,
    0x30, 0xff, 0xff, 0xc4, 0xd0, 0xff, 0xff, 0x18,
    0x0, 0x0, 0x0, 0x0, 0x0, 0x30, 0xff, 0xff,
    0xc4, 0xd0, 0xff, 0xff, 0x18, 0x0, 0x0, 0x0,
    0x0, 0x0, 0x30, 0xff, 0xff, 0xc4, 0xd0, 0xff,
    0xff, 0x18, 0x0, 0x0, 0x0, 0x0, 0x0, 0x38,
    0xff, 0xff, 0xc0, 0xd0, 0xff, 0xff, 0x18, 0x0,
    0x0, 0x0, 0x0, 0x0, 0x7a, 0xff, 0xff, 0xa7,
    0xd0, 0xff, 0xff, 0x93, 0x80, 0x80, 0x80, 0x82,
    0xa8, 0xfc, 0xff, 0xff, 0x5c, 0xd0, 0xff, 0xff,
    0xff, 0xff, 0xff, 0xff, 0xff, 0xff, 0xff, 0xff,
    0xbb, 0x3, 0xbf, 0xff, 0xff, 0xff, 0xff, 0xff,
    0xff, 0xff, 0xf8, 0xd4, 0x79, 0x6, 0x0,

    /* U+0045 "E" */
    0xbf, 0xff, 0xff, 0xff, 0xff, 0xff, 0xff, 0xff,
    0xff, 0xff, 0xb8, 0xd0, 0xff, 0xff, 0xff, 0xff,
    0xff, 0xff, 0xff, 0xff, 0xff, 0xc8, 0xd0, 0xff,
    0xff, 0x92, 0x80, 0x80, 0x80, 0x80, 0x80, 0x80,
    0x54, 0xd0, 0xff, 0xff, 0x18, 0x0, 0x0, 0x0,
    0x0, 0x0, 0x0, 0x0, 0xd0, 0xff, 0xff, 0x18,
    0x0, 0x0, 0x0, 0x0, 0x0, 0x0, 0x0, 0xd0,
    0xff, 0xff, 0x18, 0x0, 0x0, 0x0, 0x0, 0x0,
    0x0, 0x0, 0xd0, 0xff, 0xff, 0x18, 0x0, 0x0,
    0x0, 0x0, 0x0, 0x0, 0x0, 0xd0, 0xff, 0xff,
    0x1e, 0x0, 0x0, 0x0, 0x0, 0x0, 0x0, 0x0,
    0xd0, 0xff, 0xff, 0xff, 0xff, 0xff, 0xff, 0xff,
    0xff, 0xba, 0x0, 0xd0, 0xff, 0xff, 0xff, 0xff,
    0xff, 0xff, 0xff, 0xff, 0xcc, 0x0, 0xd0, 0xff,
    0xff, 0x92, 0x80, 0x80, 0x80, 0x80, 0x80, 0x54,
    0x0, 0xd0, 0xff, 0xff, 0x18, 0x0, 0x0, 0x0,
    0x0, 0x0, 0x0, 0x0, 0xd0, 0xff, 0xff, 0x18,
    0x0, 0x0, 0x0, 0x0, 0x0, 0x0, 0x0, 0xd0,
    0xff, 0xff, 0x18, 0x0, 0x0, 0x0, 0x0, 0x0,
    0x0, 0x0, 0xd0, 0xff, 0xff, 0x18, 0x0, 0x0,
    0x0, 0x0, 0x0, 0x0, 0x0, 0xd0, 0xff, 0xff,
    0x18, 0x0, 0x0, 0x0, 0x0, 0x0, 0x0, 0x0,
    0xd0, 0xff, 0xff, 0x93, 0x80, 0x80, 0x80, 0x80,
    0x80, 0x80, 0x54, 0xd0, 0xff, 0xff, 0xff, 0xff,
    0xff, 0xff, 0xff, 0xff, 0xff, 0xc8, 0xbf, 0xff,
    0xff, 0xff, 0xff, 0xff, 0xff, 0xff, 0xff, 0xff,
    0xb8,

    /* U+0046 "F" */
    0xbf, 0xff, 0xff, 0xff, 0xff, 0xff, 0xff, 0xff,
    0xff, 0xff, 0x8f, 0xd0, 0xff, 0xff, 0xff, 0xff,
    0xff, 0xff, 0xff, 0xff, 0xff, 0xa0, 0xd0, 0xff,
    0xff, 0x93, 0x80, 0x80, 0x80, 0x80, 0x80, 0x80,
    0x3f, 0xd0, 0xff, 0xff, 0x18, 0x0, 0x0, 0x0,
    0x0, 0x0, 0x0, 0x0, 0xd0, 0xff, 0xff, 0x18,
    0x0, 0x0, 0x0, 0x0, 0x0, 0x0, 0x0, 0xd0,
    0xff, 0xff, 0x18, 0x0, 0x0, 0x0, 0x0, 0x0,
    0x0, 0x0, 0xd0, 0xff, 0xff, 0x18, 0x0, 0x0,
    0x0, 0x0, 0x0, 0x0, 0x0, 0xd0, 0xff, 0xff,
    0x18, 0x0, 0x0, 0x0, 0x0, 0x0, 0x0, 0x0,
    0xd0, 0xff, 0xff, 0x1f, 0x0, 0x0, 0x0, 0x0,
    0x0, 0x0, 0x0, 0xd0, 0xff, 0xff, 0xff, 0xff,
    0xff, 0xff, 0xff, 0xff, 0xba, 0x0, 0xd0, 0xff,
    0xff, 0xff, 0xff, 0xff, 0xff, 0xff, 0xff, 0xcb,
    0x0, 0xd0, 0xff, 0xff, 0x92, 0x80, 0x80, 0x80,
    0x80, 0x80, 0x53, 0x0, 0xd0, 0xff, 0xff, 0x18,
    0x0, 0x0, 0x0, 0x0, 0x0, 0x0, 0x0, 0xd0,
    0xff, 0xff, 0x18, 0x0, 0x0, 0x0, 0x0, 0x0,
    0x0, 0x0, 0xd0, 0xff, 0xff, 0x18, 0x0, 0x0,
    0x0, 0x0, 0x0, 0x0, 0x0, 0xd0, 0xff, 0xff,
    0x18, 0x0, 0x0, 0x0, 0x0, 0x0, 0x0, 0x0,
    0xd0, 0xff, 0xff, 0x18, 0x0, 0x0, 0x0, 0x0,
    0x0, 0x0, 0x0, 0xd0, 0xff, 0xff, 0x18, 0x0,
    0x0, 0x0, 0x0, 0x0, 0x0, 0x0, 0xbf, 0xff,
    0xf8, 0xf, 0x0, 0x0, 0x0, 0x0, 0x0, 0x0,
    0x0,

    /* U+0047 "G" */
    0x0, 0x0, 0x27, 0xa5, 0xe6, 0xfd, 0xff, 0xff,
    0xff, 0xf0, 0xbd, 0x49, 0x0, 0x0, 0x0, 0x2e,
    0xf2, 0xff, 0xff, 0xff, 0xff, 0xff, 0xff, 0xff,
    0xff, 0xff, 0x66, 0x0, 0x0, 0xb9, 0xff, 0xff,
    0xe5, 0x91, 0x80, 0x80, 0x89, 0xcc, 0xff, 0xff,
    0xf1, 0xd, 0x6, 0xfa, 0xff, 0xf9, 0x1d, 0x0,
    0x0, 0x0, 0x0, 0x2, 0xd0, 0xff, 0xff, 0x49,
    0x19, 0xff, 0xff, 0xd4, 0x0, 0x0, 0x0, 0x0,
    0x0, 0x0, 0x8e, 0xff, 0xff, 0x63, 0x1c, 0xff,
    0xff, 0xcc, 0x0, 0x0, 0x0, 0x0, 0x0, 0x0,
    0x81, 0xff, 0xff, 0x65, 0x1c, 0xff, 0xff, 0xcc,
    0x0, 0x0, 0x0, 0x0, 0x0, 0x0, 0x16, 0x48,
    0x47, 0xe, 0x1c, 0xff, 0xff, 0xcc, 0x0, 0x0,
    0x0, 0x0, 0x0, 0x0, 0x0, 0x0, 0x0, 0x0,
    0x1c, 0xff, 0xff, 0xcc, 0x0, 0x0, 0x0, 0x0,
    0x0, 0x0, 0x0, 0x0, 0x0, 0x0, 0x1c, 0xff,
    0xff, 0xcc, 0x0, 0x0, 0x0, 0xb7, 0xff, 0xff,
    0xff, 0xff, 0xfd, 0x50, 0x1c, 0xff, 0xff, 0xcc,
    0x0, 0x0, 0x0, 0xc8, 0xff, 0xff, 0xff, 0xff,
    0xff, 0x68, 0x1c, 0xff, 0xff, 0xcc, 0x0, 0x0,
    0x0, 0x53, 0x80, 0x80, 0xc8, 0xff, 0xff, 0x68,
    0x1c, 0xff, 0xff, 0xcc, 0x0, 0x0, 0x0, 0x0,
    0x0, 0x0, 0x84, 0xff, 0xff, 0x68, 0x1c, 0xff,
    0xff, 0xcc, 0x0, 0x0, 0x0, 0x0, 0x0, 0x0,
    0x84, 0xff, 0xff, 0x68, 0x19, 0xff, 0xff, 0xd4,
    0x0, 0x0, 0x0, 0x0, 0x0, 0x0, 0x8b, 0xff,
    0xff, 0x65, 0x6, 0xfa, 0xff, 0xf8, 0x1c, 0x0,
    0x0, 0x0, 0x0, 0x1, 0xc9, 0xff, 0xff, 0x4e,
    0x0, 0xb8, 0xff, 0xff, 0xe4, 0x90, 0x80, 0x80,
    0x88, 0xc8, 0xff, 0xff, 0xf4, 0x11, 0x0, 0x2d,
    0xf3, 0xff, 0xff, 0xff, 0xff, 0xff, 0xff, 0xff,
    0xff, 0xff, 0x6b, 0x0, 0x0, 0x0, 0x28, 0xa6,
    0xe8, 0xfd, 0xff, 0xff, 0xff, 0xf1, 0xbd, 0x4a,
    0x0, 0x0,

    /* U+0048 "H" */
    0xbf, 0xff, 0xf8, 0xf, 0x0, 0x0, 0x0, 0x0,
    0x0, 0x0, 0xd8, 0xff, 0xf3, 0x4, 0xd0, 0xff,
    0xff, 0x18, 0x0, 0x0, 0x0, 0x0, 0x0, 0x0,
    0xe8, 0xff, 0xff, 0x8, 0xd0, 0xff, 0xff, 0x18,
    0x0, 0x0, 0x0, 0x0, 0x0, 0x0, 0xe8, 0xff,
    0xff, 0x8, 0xd0, 0xff, 0xff, 0x18, 0x0, 0x0,
    0x0, 0x0, 0x0, 0x0, 0xe8, 0xff, 0xff, 0x8,
    0xd0, 0xff, 0xff, 0x18, 0x0, 0x0, 0x0, 0x0,
    0x0, 0x0, 0xe8, 0xff, 0xff, 0x8, 0xd0, 0xff,
    0xff, 0x18, 0x0, 0x0, 0x0, 0x0, 0x0, 0x0,
    0xe8, 0xff, 0xff, 0x8, 0xd0, 0xff, 0xff, 0x18,
    0x0, 0x0, 0x0, 0x0, 0x0, 0x0, 0xe8, 0xff,
    0xff, 0x8, 0xd0, 0xff, 0xff, 0x1e, 0x0, 0x0,
    0x0, 0x0, 0x0, 0x1, 0xeb, 0xff, 0xff, 0x8,
    0xd0, 0xff, 0xff, 0xff, 0xff, 0xff, 0xff, 0xff,
    0xff, 0xff, 0xff, 0xff, 0xff, 0x8, 0xd0, 0xff,
    0xff, 0xff, 0xff, 0xff, 0xff, 0xff, 0xff, 0xff,
    0xff, 0xff, 0xff, 0x8, 0xd0, 0xff, 0xff, 0x9a,
    0x88, 0x88, 0x88, 0x88, 0x88, 0x89, 0xf8, 0xff,
    0xff, 0x8, 0xd0, 0xff, 0xff, 0x18, 0x0, 0x0,
    0x0, 0x0, 0x0, 0x0, 0xe8, 0xff, 0xff, 0x8,
    0xd0, 0xff, 0xff, 0x18, 0x0, 0x0, 0x0, 0x0,
    0x0, 0x0, 0xe8, 0xff, 0xff, 0x8, 0xd0, 0xff,
    0xff, 0x18, 0x0, 0x0, 0x0, 0x0, 0x0, 0x0,
    0xe8, 0xff, 0xff, 0x8, 0xd0, 0xff, 0xff, 0x18,
    0x0, 0x0, 0x0, 0x0, 0x0, 0x0, 0xe8, 0xff,
    0xff, 0x8, 0xd0, 0xff, 0xff, 0x18, 0x0, 0x0,
    0x0, 0x0, 0x0, 0x0, 0xe8, 0xff, 0xff, 0x8,
    0xd0, 0xff, 0xff, 0x18, 0x0, 0x0, 0x0, 0x0,
    0x0, 0x0, 0xe8, 0xff, 0xff, 0x8, 0xd0, 0xff,
    0xff, 0x18, 0x0, 0x0, 0x0, 0x0, 0x0, 0x0,
    0xe8, 0xff, 0xff, 0x8, 0xbf, 0xff, 0xf8, 0xf,
    0x0, 0x0, 0x0, 0x0, 0x0, 0x0, 0xd7, 0xff,
    0xf3, 0x4,

    /* U+0049 "I" */
    0x98, 0xff, 0xfd, 0x32, 0xa8, 0xff, 0xff, 0x40,
    0xa8, 0xff, 0xff, 0x40, 0xa8, 0xff, 0xff, 0x40,
    0xa8, 0xff, 0xff, 0x40, 0xa8, 0xff, 0xff, 0x40,
    0xa8, 0xff, 0xff, 0x40, 0xa8, 0xff, 0xff, 0x40,
    0xa8, 0xff, 0xff, 0x40, 0xa8, 0xff, 0xff, 0x40,
    0xa8, 0xff, 0xff, 0x40, 0xa8, 0xff, 0xff, 0x40,
    0xa8, 0xff, 0xff, 0x40, 0xa8, 0xff, 0xff, 0x40,
    0xa8, 0xff, 0xff, 0x40, 0xa8, 0xff, 0xff, 0x40,
    0xa8, 0xff, 0xff, 0x40, 0xa8, 0xff, 0xff, 0x40,
    0x98, 0xff, 0xfd, 0x32,

    /* U+004A "J" */
    0x0, 0x0, 0x0, 0x0, 0x0, 0x0, 0x0, 0x0,
    0x0, 0x86, 0xff, 0xfe, 0x49, 0x0, 0x0, 0x0,
    0x0, 0x0, 0x0, 0x0, 0x0, 0x0, 0x98, 0xff,
    0xff, 0x58, 0x0, 0x0, 0x0, 0x0, 0x0, 0x0,
    0x0, 0x0, 0x0, 0x98, 0xff, 0xff, 0x58, 0x0,
    0x0, 0x0, 0x0, 0x0, 0x0, 0x0, 0x0, 0x0,
    0x98, 0xff, 0xff, 0x58, 0x0, 0x0, 0x0, 0x0,
    0x0, 0x0, 0x0, 0x0, 0x0, 0x98, 0xff, 0xff,
    0x58, 0x0, 0x0, 0x0, 0x0, 0x0, 0x0, 0x0,
    0x0, 0x0, 0x98, 0xff, 0xff, 0x58, 0x0, 0x0,
    0x0, 0x0, 0x0, 0x0, 0x0, 0x0, 0x0, 0x98,
    0xff, 0xff, 0x58, 0x0, 0x0, 0x0, 0x0, 0x0,
    0x0, 0x0, 0x0, 0x0, 0x98, 0xff, 0xff, 0x58,
    0x0, 0x0, 0x0, 0x0, 0x0, 0x0, 0x0, 0x0,
    0x0, 0x98, 0xff, 0xff, 0x58, 0x0, 0x0, 0x0,
    0x0, 0x0, 0x0, 0x0, 0x0, 0x0, 0x98, 0xff,
    0xff, 0x58, 0x0, 0x0, 0x0, 0x0, 0x0, 0x0,
    0x0, 0x0, 0x0, 0x98, 0xff, 0xff, 0x58, 0xa7,
    0xbc, 0xa3, 0x0, 0x0, 0x0, 0x0, 0x0, 0x0,
    0x98, 0xff, 0xff, 0x58, 0xfc, 0xff, 0xf4, 0x0,
    0x0, 0x0, 0x0, 0x0, 0x0, 0x98, 0xff, 0xff,
    0x58, 0xfc, 0xff, 0xf4, 0x0, 0x0, 0x0, 0x0,
    0x0, 0x0, 0x98, 0xff, 0xff, 0x58, 0xf9, 0xff,
    0xfa, 0x2, 0x0, 0x0, 0x0, 0x0, 0x0, 0xa0,
    0xff, 0xff, 0x54, 0xe0, 0xff, 0xff, 0x3d, 0x0,
    0x0, 0x0, 0x0, 0x5, 0xdc, 0xff, 0xff, 0x3b,
    0x96, 0xff, 0xff, 0xf1, 0x98, 0x80, 0x80, 0x8a,
    0xd1, 0xff, 0xff, 0xea, 0x7, 0x18, 0xe2, 0xff,
    0xff, 0xff, 0xff, 0xff, 0xff, 0xff, 0xff, 0xfd,
    0x58, 0x0, 0x0, 0x17, 0x95, 0xe0, 0xfb, 0xff,
    0xff, 0xff, 0xf0, 0xb9, 0x41, 0x0, 0x0,

    /* U+004B "K" */
    0xbf, 0xff, 0xf8, 0xf, 0x0, 0x0, 0x0, 0x0,
    0x0, 0x47, 0xf2, 0xff, 0xf6, 0x1c, 0x0, 0xd0,
    0xff, 0xff, 0x18, 0x0, 0x0, 0x0, 0x0, 0x1a,
    0xeb, 0xff, 0xff, 0x64, 0x0, 0x0, 0xd0, 0xff,
    0xff, 0x18, 0x0, 0x0, 0x0, 0x2, 0xbd, 0xff,
    0xff, 0xa4, 0x0, 0x0, 0x0, 0xd0, 0xff, 0xff,
    0x18, 0x0, 0x0, 0x0, 0x79, 0xff, 0xff, 0xd8,
    0xc, 0x0, 0x0, 0x0, 0xd0, 0xff, 0xff, 0x18,
    0x0, 0x0, 0x37, 0xfb, 0xff, 0xf7, 0x2e, 0x0,
    0x0, 0x0, 0x0, 0xd0, 0xff, 0xff, 0x18, 0x0,
    0xe, 0xdd, 0xff, 0xff, 0x65, 0x0, 0x0, 0x0,
    0x0, 0x0, 0xd0, 0xff, 0xff, 0x18, 0x0, 0xa6,
    0xff, 0xff, 0xa6, 0x0, 0x0, 0x0, 0x0, 0x0,
    0x0, 0xd0, 0xff, 0xff, 0x18, 0x60, 0xff, 0xff,
    0xd9, 0xc, 0x0, 0x0, 0x0, 0x0, 0x0, 0x0,
    0xd0, 0xff, 0xff, 0x34, 0xf3, 0xff, 0xff, 0x69,
    0x0, 0x0, 0x0, 0x0, 0x0, 0x0, 0x0, 0xd0,
    0xff, 0xff, 0xb6, 0xff, 0xff, 0xff, 0xe5, 0x10,
    0x0, 0x0, 0x0, 0x0, 0x0, 0x0, 0xd0, 0xff,
    0xff, 0xff, 0xff, 0xcc, 0xff, 0xff, 0x9f, 0x0,
    0x0, 0x0, 0x0, 0x0, 0x0, 0xd0, 0xff, 0xff,
    0xff, 0x96, 0x7, 0xd8, 0xff, 0xff, 0x49, 0x0,
    0x0, 0x0, 0x0, 0x0, 0xd0, 0xff, 0xff, 0xb6,
    0x3, 0x0, 0x3c, 0xfe, 0xff, 0xe3, 0xe, 0x0,
    0x0, 0x0, 0x0, 0xd0, 0xff, 0xff, 0x1d, 0x0,
    0x0, 0x0, 0x95, 0xff, 0xff, 0x9a, 0x0, 0x0,
    0x0, 0x0, 0xd0, 0xff, 0xff, 0x18, 0x0, 0x0,
    0x0, 0xd, 0xe1, 0xff, 0xff, 0x44, 0x0, 0x0,
    0x0, 0xd0, 0xff, 0xff, 0x18, 0x0, 0x0, 0x0,
    0x0, 0x49, 0xff, 0xff, 0xe0, 0xc, 0x0, 0x0,
    0xd0, 0xff, 0xff, 0x18, 0x0, 0x0, 0x0, 0x0,
    0x0, 0xa4, 0xff, 0xff, 0x95, 0x0, 0x0, 0xd0,
    0xff, 0xff, 0x18, 0x0, 0x0, 0x0, 0x0, 0x0,
    0x13, 0xea, 0xff, 0xfe, 0x40, 0x0, 0xbf, 0xff,
    0xf8, 0xf, 0x0, 0x0, 0x0, 0x0, 0x0, 0x0,
    0x4d, 0xf0, 0xff, 0xd0, 0x0,

    /* U+004C "L" */
    0xbf, 0xff, 0xf8, 0xf, 0x0, 0x0, 0x0, 0x0,
    0x0, 0x0, 0x0, 0xd0, 0xff, 0xff, 0x18, 0x0,
    0x0, 0x0, 0x0, 0x0, 0x0, 0x0, 0xd0, 0xff,
    0xff, 0x18, 0x0, 0x0, 0x0, 0x0, 0x0, 0x0,
    0x0, 0xd0, 0xff, 0xff, 0x18, 0x0, 0x0, 0x0,
    0x0, 0x0, 0x0, 0x0, 0xd0, 0xff, 0xff, 0x18,
    0x0, 0x0, 0x0, 0x0, 0x0, 0x0, 0x0, 0xd0,
    0xff, 0xff, 0x18, 0x0, 0x0, 0x0, 0x0, 0x0,
    0x0, 0x0, 0xd0, 0xff, 0xff, 0x18, 0x0, 0x0,
    0x0, 0x0, 0x0, 0x0, 0x0, 0xd0, 0xff, 0xff,
    0x18, 0x0, 0x0, 0x0, 0x0, 0x0, 0x0, 0x0,
    0xd0, 0xff, 0xff, 0x18, 0x0, 0x0, 0x0, 0x0,
    0x0, 0x0, 0x0, 0xd0, 0xff, 0xff, 0x18, 0x0,
    0x0, 0x0, 0x0, 0x0, 0x0, 0x0, 0xd0, 0xff,
    0xff, 0x18, 0x0, 0x0, 0x0, 0x0, 0x0, 0x0,
    0x0, 0xd0, 0xff, 0xff, 0x18, 0x0, 0x0, 0x0,
    0x0, 0x0, 0x0, 0x0, 0xd0, 0xff, 0xff, 0x18,
    0x0, 0x0, 0x0, 0x0, 0x0, 0x0, 0x0, 0xd0,
    0xff, 0xff, 0x18, 0x0, 0x0, 0x0, 0x0, 0x0,
    0x0, 0x0, 0xd0, 0xff, 0xff, 0x18, 0x0, 0x0,
    0x0, 0x0, 0x0, 0x0, 0x0, 0xd0, 0xff, 0xff,
    0x18, 0x0, 0x0, 0x0, 0x0, 0x0, 0x0, 0x0,
    0xd0, 0xff, 0xff, 0xa1, 0x90, 0x90, 0x90, 0x90,
    0x90, 0x90, 0x75, 0xd0, 0xff, 0xff, 0xff, 0xff,
    0xff, 0xff, 0xff, 0xff, 0xff, 0xf0, 0xbf, 0xff,
    0xff, 0xff, 0xff, 0xff, 0xff, 0xff, 0xff, 0xff,
    0xdf,

    /* U+004D "M" */
    0xbf, 0xff, 0xff, 0xff, 0x92, 0x0, 0x0, 0x0,
    0x0, 0x0, 0x0, 0x0, 0x20, 0xf9, 0xff, 0xff,
    0xfd, 0x36, 0xd0, 0xff, 0xff, 0xff, 0xef, 0x7,
    0x0, 0x0, 0x0, 0x0, 0x0, 0x0, 0x7d, 0xff,
    0xff, 0xff, 0xff, 0x44, 0xd0, 0xff, 0xff, 0xff,
    0xff, 0x54, 0x0, 0x0, 0x0, 0x0, 0x0, 0x0,
    0xd9, 0xff, 0xff, 0xff, 0xff, 0x44, 0xd0, 0xff,
    0xff, 0xe9, 0xff, 0xb0, 0x0, 0x0, 0x0, 0x0,
    0x0, 0x37, 0xff, 0xff, 0xeb, 0xff, 0xff, 0x44,
    0xd0, 0xff, 0xff, 0x8a, 0xff, 0xf9, 0x12, 0x0,
    0x0, 0x0, 0x0, 0x94, 0xff, 0xea, 0xa4, 0xff,
    0xff, 0x44, 0xd0, 0xff, 0xff, 0x2d, 0xfe, 0xff,
    0x68, 0x0, 0x0, 0x0, 0x5, 0xeb, 0xff, 0x92,
    0xa0, 0xff, 0xff, 0x44, 0xd0, 0xff, 0xff, 0xc,
    0xc1, 0xff, 0xc5, 0x0, 0x0, 0x0, 0x4e, 0xff,
    0xff, 0x35, 0xa0, 0xff, 0xff, 0x44, 0xd0, 0xff,
    0xff, 0xc, 0x63, 0xff, 0xff, 0x21, 0x0, 0x0,
    0xab, 0xff, 0xd8, 0x0, 0xa0, 0xff, 0xff, 0x44,
    0xd0, 0xff, 0xff, 0xc, 0xe, 0xf6, 0xff, 0x7d,
    0x0, 0xf, 0xf7, 0xff, 0x7c, 0x0, 0xa0, 0xff,
    0xff, 0x44, 0xd0, 0xff, 0xff, 0xc, 0x0, 0xa6,
    0xff, 0xd9, 0x0, 0x64, 0xff, 0xfe, 0x21, 0x0,
    0xa0, 0xff, 0xff, 0x44, 0xd0, 0xff, 0xff, 0xc,
    0x0, 0x48, 0xff, 0xff, 0x36, 0xc1, 0xff, 0xc3,
    0x0, 0x0, 0xa0, 0xff, 0xff, 0x44, 0xd0, 0xff,
    0xff, 0xc, 0x0, 0x3, 0xe6, 0xff, 0xb4, 0xfe,
    0xff, 0x67, 0x0, 0x0, 0xa0, 0xff, 0xff, 0x44,
    0xd0, 0xff, 0xff, 0xc, 0x0, 0x0, 0x8b, 0xff,
    0xff, 0xff, 0xf9, 0x11, 0x0, 0x0, 0xa0, 0xff,
    0xff, 0x44, 0xd0, 0xff, 0xff, 0xc, 0x0, 0x0,
    0x2c, 0xff, 0xff, 0xff, 0xae, 0x0, 0x0, 0x0,
    0xa0, 0xff, 0xff, 0x44, 0xd0, 0xff, 0xff, 0xc,
    0x0, 0x0, 0x0, 0xa8, 0xdc, 0xd8, 0x40, 0x0,
    0x0, 0x0, 0xa0, 0xff, 0xff, 0x44, 0xd0, 0xff,
    0xff, 0xc, 0x0, 0x0, 0x0, 0x0, 0x0, 0x0,
    0x0, 0x0, 0x0, 0x0, 0xa0, 0xff, 0xff, 0x44,
    0xd0, 0xff, 0xff, 0xc, 0x0, 0x0, 0x0, 0x0,
    0x0, 0x0, 0x0, 0x0, 0x0, 0x0, 0xa0, 0xff,
    0xff, 0x44, 0xd0, 0xff, 0xff, 0xc, 0x0, 0x0,
    0x0, 0x0, 0x0, 0x0, 0x0, 0x0, 0x0, 0x0,
    0xa0, 0xff, 0xff, 0x44, 0xbf, 0xff, 0xf7, 0x7,
    0x0, 0x0, 0x0, 0x0, 0x0, 0x0, 0x0, 0x0,
    0x0, 0x0, 0x8f, 0xff, 0xfd, 0x36,

    /* U+004E "N" */
    0xbf, 0xff, 0xf1, 0x28, 0x0, 0x0, 0x0, 0x0,
    0x0, 0x0, 0x83, 0xff, 0xfe, 0x3d, 0xd0, 0xff,
    0xff, 0xb5, 0x0, 0x0, 0x0, 0x0, 0x0, 0x0,
    0x94, 0xff, 0xff, 0x4c, 0xd0, 0xff, 0xff, 0xff,
    0x45, 0x0, 0x0, 0x0, 0x0, 0x0, 0x94, 0xff,
    0xff, 0x4c, 0xd0, 0xff, 0xff, 0xff, 0xd3, 0x3,
    0x0, 0x0, 0x0, 0x0, 0x94, 0xff, 0xff, 0x4c,
    0xd0, 0xff, 0xff, 0xff, 0xff, 0x66, 0x0, 0x0,
    0x0, 0x0, 0x94, 0xff, 0xff, 0x4c, 0xd0, 0xff,
    0xff, 0xf8, 0xff, 0xe9, 0xd, 0x0, 0x0, 0x0,
    0x94, 0xff, 0xff, 0x4c, 0xd0, 0xff, 0xff, 0x7f,
    0xff, 0xff, 0x87, 0x0, 0x0, 0x0, 0x94, 0xff,
    0xff, 0x4c, 0xd0, 0xff, 0xff, 0x14, 0xd8, 0xff,
    0xf8, 0x20, 0x0, 0x0, 0x94, 0xff, 0xff, 0x4c,
    0xd0, 0xff, 0xff, 0x10, 0x4c, 0xff, 0xff, 0xa8,
    0x0, 0x0, 0x94, 0xff, 0xff, 0x4c, 0xd0, 0xff,
    0xff, 0x10, 0x0, 0xbb, 0xff, 0xff, 0x39, 0x0,
    0x94, 0xff, 0xff, 0x4c, 0xd0, 0xff, 0xff, 0x10,
    0x0, 0x2d, 0xfc, 0xff, 0xc8, 0x1, 0x94, 0xff,
    0xff, 0x4c, 0xd0, 0xff, 0xff, 0x10, 0x0, 0x0,
    0x99, 0xff, 0xff, 0x5a, 0x94, 0xff, 0xff, 0x4c,
    0xd0, 0xff, 0xff, 0x10, 0x0, 0x0, 0x16, 0xf1,
    0xff, 0xe1, 0x9c, 0xff, 0xff, 0x4c, 0xd0, 0xff,
    0xff, 0x10, 0x0, 0x0, 0x0, 0x76, 0xff, 0xff,
    0xf8, 0xff, 0xff, 0x4c, 0xd0, 0xff, 0xff, 0x10,
    0x0, 0x0, 0x0, 0x7, 0xde, 0xff, 0xff, 0xff,
    0xff, 0x4c, 0xd0, 0xff, 0xff, 0x10, 0x0, 0x0,
    0x0, 0x0, 0x54, 0xff, 0xff, 0xff, 0xff, 0x4c,
    0xd0, 0xff, 0xff, 0x10, 0x0, 0x0, 0x0, 0x0,
    0x0, 0xc2, 0xff, 0xff, 0xff, 0x4c, 0xd0, 0xff,
    0xff, 0x10, 0x0, 0x0, 0x0, 0x0, 0x0, 0x33,
    0xfe, 0xff, 0xff, 0x4c, 0xbf, 0xff, 0xf6, 0x9,
    0x0, 0x0, 0x0, 0x0, 0x0, 0x0, 0x91, 0xff,
    0xfe, 0x3d,

    /* U+004F "O" */
    0x0, 0x0, 0x27, 0xa5, 0xe6, 0xfd, 0xff, 0xff,
    0xff, 0xf6, 0xd0, 0x73, 0x4, 0x0, 0x0, 0x2e,
    0xf2, 0xff, 0xff, 0xff, 0xff, 0xff, 0xff, 0xff,
    0xff, 0xff, 0xb0, 0x1, 0x0, 0xb9, 0xff, 0xff,
    0xe5, 0x91, 0x80, 0x80, 0x83, 0xb0, 0xfe, 0xff,
    0xff, 0x4d, 0x6, 0xfa, 0xff, 0xf9, 0x1d, 0x0,
    0x0, 0x0, 0x0, 0x0, 0x89, 0xff, 0xff, 0x97,
    0x19, 0xff, 0xff, 0xd4, 0x0, 0x0, 0x0, 0x0,
    0x0, 0x0, 0x45, 0xff, 0xff, 0xb0, 0x1c, 0xff,
    0xff, 0xcc, 0x0, 0x0, 0x0, 0x0, 0x0, 0x0,
    0x3c, 0xff, 0xff, 0xb4, 0x1c, 0xff, 0xff, 0xcc,
    0x0, 0x0, 0x0, 0x0, 0x0, 0x0, 0x3c, 0xff,
    0xff, 0xb4, 0x1c, 0xff, 0xff, 0xcc, 0x0, 0x0,
    0x0, 0x0, 0x0, 0x0, 0x3c, 0xff, 0xff, 0xb4,
    0x1c, 0xff, 0xff, 0xcc, 0x0, 0x0, 0x0, 0x0,
    0x0, 0x0, 0x3c, 0xff, 0xff, 0xb4, 0x1c, 0xff,
    0xff, 0xcc, 0x0, 0x0, 0x0, 0x0, 0x0, 0x0,
    0x3c, 0xff, 0xff, 0xb4, 0x1c, 0xff, 0xff, 0xcc,
    0x0, 0x0, 0x0, 0x0, 0x0, 0x0, 0x3c, 0xff,
    0xff, 0xb4, 0x1c, 0xff, 0xff, 0xcc, 0x0, 0x0,
    0x0, 0x0, 0x0, 0x0, 0x3c, 0xff, 0xff, 0xb4,
    0x1c, 0xff, 0xff, 0xcc, 0x0, 0x0, 0x0, 0x0,
    0x0, 0x0, 0x3c, 0xff, 0xff, 0xb4, 0x1c, 0xff,
    0xff, 0xcc, 0x0, 0x0, 0x0, 0x0, 0x0, 0x0,
    0x3c, 0xff, 0xff, 0xb4, 0x19, 0xff, 0xff, 0xd4,
    0x0, 0x0, 0x0, 0x0, 0x0, 0x0, 0x44, 0xff,
    0xff, 0xb0, 0x6, 0xfa, 0xff, 0xf8, 0x1c, 0x0,
    0x0, 0x0, 0x0, 0x0, 0x87, 0xff, 0xff, 0x97,
    0x0, 0xb8, 0xff, 0xff, 0xe4, 0x90, 0x80, 0x80,
    0x83, 0xae, 0xfe, 0xff, 0xff, 0x4d, 0x0, 0x2d,
    0xf3, 0xff, 0xff, 0xff, 0xff, 0xff, 0xff, 0xff,
    0xff, 0xff, 0xb0, 0x1, 0x0, 0x0, 0x28, 0xa6,
    0xe8, 0xfd, 0xff, 0xff, 0xff, 0xf7, 0xd1, 0x74,
    0x4, 0x0,

    /* U+0050 "P" */
    0xbf, 0xff, 0xff, 0xff, 0xff, 0xff, 0xff, 0xff,
    0xf2, 0xc1, 0x50, 0x0, 0x0, 0xd0, 0xff, 0xff,
    0xff, 0xff, 0xff, 0xff, 0xff, 0xff, 0xff, 0xff,
    0x72, 0x0, 0xd0, 0xff, 0xff, 0x92, 0x80, 0x80,
    0x80, 0x86, 0xc4, 0xff, 0xff, 0xf8, 0x17, 0xd0,
    0xff, 0xff, 0x18, 0x0, 0x0, 0x0, 0x0, 0x0,
    0xc1, 0xff, 0xff, 0x5c, 0xd0, 0xff, 0xff, 0x18,
    0x0, 0x0, 0x0, 0x0, 0x0, 0x7e, 0xff, 0xff,
    0x77, 0xd0, 0xff, 0xff, 0x18, 0x0, 0x0, 0x0,
    0x0, 0x0, 0x74, 0xff, 0xff, 0x7c, 0xd0, 0xff,
    0xff, 0x18, 0x0, 0x0, 0x0, 0x0, 0x0, 0x74,
    0xff, 0xff, 0x7c, 0xd0, 0xff, 0xff, 0x18, 0x0,
    0x0, 0x0, 0x0, 0x0, 0x75, 0xff, 0xff, 0x7b,
    0xd0, 0xff, 0xff, 0x18, 0x0, 0x0, 0x0, 0x0,
    0x0, 0x93, 0xff, 0xff, 0x6f, 0xd0, 0xff, 0xff,
    0x1e, 0x0, 0x0, 0x0, 0x6, 0x44, 0xf1, 0xff,
    0xff, 0x3f, 0xd0, 0xff, 0xff, 0xff, 0xff, 0xff,
    0xff, 0xff, 0xff, 0xff, 0xff, 0xd0, 0x1, 0xd0,
    0xff, 0xff, 0xff, 0xff, 0xff, 0xff, 0xff, 0xff,
    0xff, 0xd5, 0x22, 0x0, 0xd0, 0xff, 0xff, 0x99,
    0x88, 0x88, 0x88, 0x87, 0x7b, 0x4a, 0x3, 0x0,
    0x0, 0xd0, 0xff, 0xff, 0x18, 0x0, 0x0, 0x0,
    0x0, 0x0, 0x0, 0x0, 0x0, 0x0, 0xd0, 0xff,
    0xff, 0x18, 0x0, 0x0, 0x0, 0x0, 0x0, 0x0,
    0x0, 0x0, 0x0, 0xd0, 0xff, 0xff, 0x18, 0x0,
    0x0, 0x0, 0x0, 0x0, 0x0, 0x0, 0x0, 0x0,
    0xd0, 0xff, 0xff, 0x18, 0x0, 0x0, 0x0, 0x0,
    0x0, 0x0, 0x0, 0x0, 0x0, 0xd0, 0xff, 0xff,
    0x18, 0x0, 0x0, 0x0, 0x0, 0x0, 0x0, 0x0,
    0x0, 0x0, 0xbf, 0xff, 0xf8, 0xf, 0x0, 0x0,
    0x0, 0x0, 0x0, 0x0, 0x0, 0x0, 0x0,

    /* U+0051 "Q" */
    0x0, 0x15, 0x93, 0xde, 0xfa, 0xff, 0xff, 0xff,
    0xf9, 0xda, 0x89, 0xd, 0x0, 0x15, 0xe0, 0xff,
    0xff, 0xff, 0xff, 0xff, 0xff, 0xff, 0xff, 0xff,
    0xcf, 0xa, 0x90, 0xff, 0xff, 0xf5, 0x9c, 0x80,
    0x80, 0x80, 0xa0, 0xf8, 0xff, 0xff, 0x73, 0xd9,
    0xff, 0xff, 0x4e, 0x0, 0x0, 0x0, 0x0, 0x0,
    0x5b, 0xff, 0xff, 0xbb, 0xf1, 0xff, 0xff, 0xc,
    0x0, 0x0, 0x0, 0x0, 0x0, 0x19, 0xff, 0xff,
    0xd4, 0xf4, 0xff, 0xff, 0x4, 0x0, 0x0, 0x0,
    0x0, 0x0, 0x10, 0xff, 0xff, 0xd8, 0xf4, 0xff,
    0xff, 0x4, 0x0, 0x0, 0x0, 0x0, 0x0, 0x10,
    0xff, 0xff, 0xd8, 0xf4, 0xff, 0xff, 0x4, 0x0,
    0x0, 0x0, 0x0, 0x0, 0x10, 0xff, 0xff, 0xd8,
    0xf4, 0xff, 0xff, 0x4, 0x0, 0x0, 0x0, 0x0,
    0x0, 0x10, 0xff, 0xff, 0xd8, 0xf4, 0xff, 0xff,
    0x4, 0x0, 0x0, 0x0, 0x0, 0x0, 0x10, 0xff,
    0xff, 0xd8, 0xf4, 0xff, 0xff, 0x4, 0x0, 0x0,
    0x0, 0x0, 0x0, 0x10, 0xff, 0xff, 0xd8, 0xf4,
    0xff, 0xff, 0x4, 0x0, 0x0, 0x0, 0x0, 0x0,
    0x10, 0xff, 0xff, 0xd8, 0xf4, 0xff, 0xff, 0x4,
    0x0, 0x0, 0x0, 0x0, 0x0, 0x10, 0xff, 0xff,
    0xd8, 0xf4, 0xff, 0xff, 0x4, 0x0, 0x0, 0x0,
    0x0, 0x0, 0x10, 0xff, 0xff, 0xd8, 0xf1, 0xff,
    0xff, 0xc, 0x0, 0x0, 0x0, 0x0, 0x0, 0x18,
    0xff, 0xff, 0xd1, 0xd8, 0xff, 0xff, 0x4d, 0x0,
    0x0, 0x0, 0x0, 0x0, 0x5a, 0xff, 0xff, 0xb1,
    0x8f, 0xff, 0xff, 0xf5, 0x9b, 0x80, 0x80, 0x80,
    0x9f, 0xf7, 0xff, 0xff, 0x69, 0x15, 0xe0, 0xff,
    0xff, 0xff, 0xff, 0xff, 0xff, 0xff, 0xff, 0xff,
    0xc6, 0x5, 0x0, 0x16, 0x93, 0xe0, 0xfb, 0xff,
    0xff, 0xff, 0xff, 0xcf, 0x7b, 0x6, 0x0, 0x0,
    0x0, 0x0, 0x0, 0x0, 0x0, 0x9d, 0xff, 0xff,
    0x77, 0x0, 0x0, 0x0, 0x0, 0x0, 0x0, 0x0,
    0x0, 0x0, 0x16, 0xf0, 0xff, 0xf3, 0x19, 0x0,
    0x0, 0x0, 0x0, 0x0, 0x0, 0x0, 0x0, 0x0,
    0x70, 0xff, 0xff, 0xa1, 0x0, 0x0, 0x0, 0x0,
    0x0, 0x0, 0x0, 0x0, 0x0, 0x4, 0xc0, 0xff,
    0xfc, 0x1c, 0x0,

    /* U+0052 "R" */
    0xbf, 0xff, 0xff, 0xff, 0xff, 0xff, 0xff, 0xff,
    0xee, 0xb6, 0x3d, 0x0, 0x0, 0x0, 0xd0, 0xff,
    0xff, 0xff, 0xff, 0xff, 0xff, 0xff, 0xff, 0xff,
    0xfc, 0x56, 0x0, 0x0, 0xd0, 0xff, 0xff, 0x92,
    0x80, 0x80, 0x80, 0x8b, 0xd2, 0xff, 0xff, 0xeb,
    0x9, 0x0, 0xd0, 0xff, 0xff, 0x18, 0x0, 0x0,
    0x0, 0x0, 0x5, 0xd9, 0xff, 0xff, 0x45, 0x0,
    0xd0, 0xff, 0xff, 0x18, 0x0, 0x0, 0x0, 0x0,
    0x0, 0x97, 0xff, 0xff, 0x62, 0x0, 0xd0, 0xff,
    0xff, 0x18, 0x0, 0x0, 0x0, 0x0, 0x0, 0x8c,
    0xff, 0xff, 0x68, 0x0, 0xd0, 0xff, 0xff, 0x18,
    0x0, 0x0, 0x0, 0x0, 0x0, 0x8c, 0xff, 0xff,
    0x68, 0x0, 0xd0, 0xff, 0xff, 0x18, 0x0, 0x0,
    0x0, 0x0, 0x0, 0x93, 0xff, 0xff, 0x60, 0x0,
    0xd0, 0xff, 0xff, 0x18, 0x0, 0x0, 0x0, 0x0,
    0x0, 0xca, 0xff, 0xff, 0x43, 0x0, 0xd0, 0xff,
    0xff, 0x71, 0x5c, 0x5c, 0x5c, 0x66, 0xb1, 0xff,
    0xff, 0xec, 0x8, 0x0, 0xd0, 0xff, 0xff, 0xff,
    0xff, 0xff, 0xff, 0xff, 0xff, 0xff, 0xfd, 0x56,
    0x0, 0x0, 0xd0, 0xff, 0xff, 0xff, 0xff, 0xff,
    0xff, 0xff, 0xff, 0xcf, 0x34, 0x0, 0x0, 0x0,
    0xd0, 0xff, 0xff, 0x1e, 0x0, 0x0, 0x45, 0xff,
    0xff, 0xe0, 0x5, 0x0, 0x0, 0x0, 0xd0, 0xff,
    0xff, 0x18, 0x0, 0x0, 0x0, 0xc6, 0xff, 0xff,
    0x66, 0x0, 0x0, 0x0, 0xd0, 0xff, 0xff, 0x18,
    0x0, 0x0, 0x0, 0x48, 0xff, 0xff, 0xe1, 0x6,
    0x0, 0x0, 0xd0, 0xff, 0xff, 0x18, 0x0, 0x0,
    0x0, 0x0, 0xc9, 0xff, 0xff, 0x67, 0x0, 0x0,
    0xd0, 0xff, 0xff, 0x18, 0x0, 0x0, 0x0, 0x0,
    0x4b, 0xff, 0xff, 0xe1, 0x6, 0x0, 0xd0, 0xff,
    0xff, 0x18, 0x0, 0x0, 0x0, 0x0, 0x0, 0xcc,
    0xff, 0xff, 0x69, 0x0, 0xbf, 0xff, 0xf8, 0xf,
    0x0, 0x0, 0x0, 0x0, 0x0, 0x44, 0xf5, 0xff,
    0xd8, 0x0,

    /* U+0053 "S" */
    0x0, 0x0, 0x26, 0xa4, 0xe7, 0xfd, 0xff, 0xff,
    0xff, 0xee, 0xb7, 0x41, 0x0, 0x0, 0x0, 0x30,
    0xf2, 0xff, 0xff, 0xff, 0xff, 0xff, 0xff, 0xff,
    0xff, 0xfd, 0x5e, 0x0, 0x0, 0xc2, 0xff, 0xff,
    0xe9, 0x96, 0x80, 0x80, 0x8e, 0xd2, 0xff, 0xff,
    0xf0, 0xc, 0x10, 0xfe, 0xff, 0xf9, 0x1f, 0x0,
    0x0, 0x0, 0x0, 0x4, 0xd7, 0xff, 0xff, 0x49,
    0x28, 0xff, 0xff, 0xd3, 0x0, 0x0, 0x0, 0x0,
    0x0, 0x0, 0x98, 0xff, 0xff, 0x64, 0x2b, 0xff,
    0xff, 0xc4, 0x0, 0x0, 0x0, 0x0, 0x0, 0x0,
    0x5a, 0xc4, 0xc3, 0x3f, 0x18, 0xff, 0xff, 0xe4,
    0x6, 0x0, 0x0, 0x0, 0x0, 0x0, 0x0, 0x0,
    0x0, 0x0, 0x1, 0xe6, 0xff, 0xff, 0xc2, 0x4d,
    0x12, 0x0, 0x0, 0x0, 0x0, 0x0, 0x0, 0x0,
    0x0, 0x6e, 0xff, 0xff, 0xff, 0xff, 0xff, 0xe1,
    0xac, 0x74, 0x1d, 0x0, 0x0, 0x0, 0x0, 0x0,
    0x80, 0xf8, 0xff, 0xff, 0xff, 0xff, 0xff, 0xff,
    0xfd, 0xad, 0x15, 0x0, 0x0, 0x0, 0x0, 0x13,
    0x5a, 0xa1, 0xd9, 0xfd, 0xff, 0xff, 0xff, 0xff,
    0xc7, 0x2, 0x0, 0x0, 0x0, 0x0, 0x0, 0x0,
    0x0, 0xb, 0x41, 0xa1, 0xff, 0xff, 0xff, 0x48,
    0x0, 0x0, 0x0, 0x0, 0x0, 0x0, 0x0, 0x0,
    0x0, 0x0, 0x9a, 0xff, 0xff, 0x80, 0x1a, 0xdb,
    0xe0, 0x9b, 0x0, 0x0, 0x0, 0x0, 0x0, 0x0,
    0x57, 0xff, 0xff, 0x93, 0x28, 0xff, 0xff, 0xcf,
    0x0, 0x0, 0x0, 0x0, 0x0, 0x0, 0x63, 0xff,
    0xff, 0x90, 0x10, 0xfe, 0xff, 0xf7, 0x1a, 0x0,
    0x0, 0x0, 0x0, 0x0, 0xaa, 0xff, 0xff, 0x76,
    0x0, 0xc2, 0xff, 0xff, 0xe6, 0x95, 0x80, 0x80,
    0x89, 0xc0, 0xff, 0xff, 0xfe, 0x2b, 0x0, 0x30,
    0xf2, 0xff, 0xff, 0xff, 0xff, 0xff, 0xff, 0xff,
    0xff, 0xff, 0x8b, 0x0, 0x0, 0x0, 0x26, 0xa3,
    0xe7, 0xfd, 0xff, 0xff, 0xff, 0xf5, 0xc8, 0x5e,
    0x0, 0x0,

    /* U+0054 "T" */
    0x83, 0xff, 0xff, 0xff, 0xff, 0xff, 0xff, 0xff,
    0xff, 0xff, 0xff, 0xff, 0x8e, 0x94, 0xff, 0xff,
    0xff, 0xff, 0xff, 0xff, 0xff, 0xff, 0xff, 0xff,
    0xff, 0xa0, 0x39, 0x80, 0x80, 0x80, 0x83, 0xfc,
    0xff, 0xff, 0x85, 0x80, 0x80, 0x80, 0x3e, 0x0,
    0x0, 0x0, 0x0, 0x0, 0xf4, 0xff, 0xfc, 0x0,
    0x0, 0x0, 0x0, 0x0, 0x0, 0x0, 0x0, 0x0,
    0x0, 0xf4, 0xff, 0xfc, 0x0, 0x0, 0x0, 0x0,
    0x0, 0x0, 0x0, 0x0, 0x0, 0x0, 0xf4, 0xff,
    0xfc, 0x0, 0x0, 0x0, 0x0, 0x0, 0x0, 0x0,
    0x0, 0x0, 0x0, 0xf4, 0xff, 0xfc, 0x0, 0x0,
    0x0, 0x0, 0x0, 0x0, 0x0, 0x0, 0x0, 0x0,
    0xf4, 0xff, 0xfc, 0x0, 0x0, 0x0, 0x0, 0x0,
    0x0, 0x0, 0x0, 0x0, 0x0, 0xf4, 0xff, 0xfc,
    0x0, 0x0, 0x0, 0x0, 0x0, 0x0, 0x0, 0x0,
    0x0, 0x0, 0xf4, 0xff, 0xfc, 0x0, 0x0, 0x0,
    0x0, 0x0, 0x0, 0x0, 0x0, 0x0, 0x0, 0xf4,
    0xff, 0xfc, 0x0, 0x0, 0x0, 0x0, 0x0, 0x0,
    0x0, 0x0, 0x0, 0x0, 0xf4, 0xff, 0xfc, 0x0,
    0x0, 0x0, 0x0, 0x0, 0x0, 0x0, 0x0, 0x0,
    0x0, 0xf4, 0xff, 0xfc, 0x0, 0x0, 0x0, 0x0,
    0x0, 0x0, 0x0, 0x0, 0x0, 0x0, 0xf4, 0xff,
    0xfc, 0x0, 0x0, 0x0, 0x0, 0x0, 0x0, 0x0,
    0x0, 0x0, 0x0, 0xf4, 0xff, 0xfc, 0x0, 0x0,
    0x0, 0x0, 0x0, 0x0, 0x0, 0x0, 0x0, 0x0,
    0xf4, 0xff, 0xfc, 0x0, 0x0, 0x0, 0x0, 0x0,
    0x0, 0x0, 0x0, 0x0, 0x0, 0xf4, 0xff, 0xfc,
    0x0, 0x0, 0x0, 0x0, 0x0, 0x0, 0x0, 0x0,
    0x0, 0x0, 0xf4, 0xff, 0xfc, 0x0, 0x0, 0x0,
    0x0, 0x0, 0x0, 0x0, 0x0, 0x0, 0x0, 0xe3,
    0xff, 0xeb, 0x0, 0x0, 0x0, 0x0, 0x0,

    /* U+0055 "U" */
    0xe4, 0xff, 0xe3, 0x0, 0x0, 0x0, 0x0, 0x0,
    0x0, 0x2e, 0xfc, 0xff, 0xa2, 0xf4, 0xff, 0xf4,
    0x0, 0x0, 0x0, 0x0, 0x0, 0x0, 0x3c, 0xff,
    0xff, 0xb4, 0xf4, 0xff, 0xf4, 0x0, 0x0, 0x0,
    0x0, 0x0, 0x0, 0x3c, 0xff, 0xff, 0xb4, 0xf4,
    0xff, 0xf4, 0x0, 0x0, 0x0, 0x0, 0x0, 0x0,
    0x3c, 0xff, 0xff, 0xb4, 0xf4, 0xff, 0xf4, 0x0,
    0x0, 0x0, 0x0, 0x0, 0x0, 0x3c, 0xff, 0xff,
    0xb4, 0xf4, 0xff, 0xf4, 0x0, 0x0, 0x0, 0x0,
    0x0, 0x0, 0x3c, 0xff, 0xff, 0xb4, 0xf4, 0xff,
    0xf4, 0x0, 0x0, 0x0, 0x0, 0x0, 0x0, 0x3c,
    0xff, 0xff, 0xb4, 0xf4, 0xff, 0xf4, 0x0, 0x0,
    0x0, 0x0, 0x0, 0x0, 0x3c, 0xff, 0xff, 0xb4,
    0xf4, 0xff, 0xf4, 0x0, 0x0, 0x0, 0x0, 0x0,
    0x0, 0x3c, 0xff, 0xff, 0xb4, 0xf4, 0xff, 0xf4,
    0x0, 0x0, 0x0, 0x0, 0x0, 0x0, 0x3c, 0xff,
    0xff, 0xb4, 0xf4, 0xff, 0xf4, 0x0, 0x0, 0x0,
    0x0, 0x0, 0x0, 0x3c, 0xff, 0xff, 0xb4, 0xf4,
    0xff, 0xf4, 0x0, 0x0, 0x0, 0x0, 0x0, 0x0,
    0x3c, 0xff, 0xff, 0xb4, 0xf4, 0xff, 0xf4, 0x0,
    0x0, 0x0, 0x0, 0x0, 0x0, 0x3c, 0xff, 0xff,
    0xb4, 0xf4, 0xff, 0xf4, 0x0, 0x0, 0x0, 0x0,
    0x0, 0x0, 0x3c, 0xff, 0xff, 0xb4, 0xf1, 0xff,
    0xfa, 0x2, 0x0, 0x0, 0x0, 0x0, 0x0, 0x44,
    0xff, 0xff, 0xb0, 0xd8, 0xff, 0xff, 0x3d, 0x0,
    0x0, 0x0, 0x0, 0x0, 0x87, 0xff, 0xff, 0x97,
    0x8f, 0xff, 0xff, 0xf1, 0x98, 0x80, 0x80, 0x83,
    0xae, 0xfe, 0xff, 0xff, 0x4c, 0x15, 0xe0, 0xff,
    0xff, 0xff, 0xff, 0xff, 0xff, 0xff, 0xff, 0xff,
    0xae, 0x1, 0x0, 0x16, 0x94, 0xe0, 0xfb, 0xff,
    0xff, 0xff, 0xf7, 0xd0, 0x71, 0x3, 0x0,

    /* U+0056 "V" */
    0x4f, 0xff, 0xff, 0xba, 0x0, 0x0, 0x0, 0x0,
    0x0, 0x0, 0x0, 0x56, 0xfe, 0xff, 0xb8, 0x1d,
    0xff, 0xff, 0xfb, 0xc, 0x0, 0x0, 0x0, 0x0,
    0x0, 0x0, 0xa4, 0xff, 0xff, 0x88, 0x0, 0xd6,
    0xff, 0xff, 0x48, 0x0, 0x0, 0x0, 0x0, 0x0,
    0x0, 0xe3, 0xff, 0xff, 0x41, 0x0, 0x8f, 0xff,
    0xff, 0x88, 0x0, 0x0, 0x0, 0x0, 0x0, 0x24,
    0xff, 0xff, 0xf3, 0x6, 0x0, 0x48, 0xff, 0xff,
    0xc9, 0x0, 0x0, 0x0, 0x0, 0x0, 0x64, 0xff,
    0xff, 0xb1, 0x0, 0x0, 0x9, 0xf7, 0xff, 0xfb,
    0xd, 0x0, 0x0, 0x0, 0x0, 0xa3, 0xff, 0xff,
    0x6a, 0x0, 0x0, 0x0, 0xba, 0xff, 0xff, 0x49,
    0x0, 0x0, 0x0, 0x0, 0xe2, 0xff, 0xff, 0x22,
    0x0, 0x0, 0x0, 0x73, 0xff, 0xff, 0x8a, 0x0,
    0x0, 0x0, 0x23, 0xff, 0xff, 0xdb, 0x0, 0x0,
    0x0, 0x0, 0x2b, 0xff, 0xff, 0xca, 0x0, 0x0,
    0x0, 0x63, 0xff, 0xff, 0x93, 0x0, 0x0, 0x0,
    0x0, 0x0, 0xe4, 0xff, 0xfc, 0xe, 0x0, 0x0,
    0xa3, 0xff, 0xff, 0x4c, 0x0, 0x0, 0x0, 0x0,
    0x0, 0x9d, 0xff, 0xff, 0x4b, 0x0, 0x0, 0xe2,
    0xff, 0xf9, 0xb, 0x0, 0x0, 0x0, 0x0, 0x0,
    0x56, 0xff, 0xff, 0x8b, 0x0, 0x22, 0xff, 0xff,
    0xbc, 0x0, 0x0, 0x0, 0x0, 0x0, 0x0, 0x12,
    0xfd, 0xff, 0xcb, 0x0, 0x62, 0xff, 0xff, 0x75,
    0x0, 0x0, 0x0, 0x0, 0x0, 0x0, 0x0, 0xc8,
    0xff, 0xfc, 0xf, 0xa2, 0xff, 0xff, 0x2d, 0x0,
    0x0, 0x0, 0x0, 0x0, 0x0, 0x0, 0x81, 0xff,
    0xff, 0x4c, 0xe1, 0xff, 0xe5, 0x0, 0x0, 0x0,
    0x0, 0x0, 0x0, 0x0, 0x0, 0x39, 0xff, 0xff,
    0xaf, 0xff, 0xff, 0x9e, 0x0, 0x0, 0x0, 0x0,
    0x0, 0x0, 0x0, 0x0, 0x3, 0xef, 0xff, 0xff,
    0xff, 0xff, 0x56, 0x0, 0x0, 0x0, 0x0, 0x0,
    0x0, 0x0, 0x0, 0x0, 0xab, 0xff, 0xff, 0xff,
    0xfd, 0x12, 0x0, 0x0, 0x0, 0x0, 0x0, 0x0,
    0x0, 0x0, 0x0, 0x57, 0xfd, 0xff, 0xff, 0xba,
    0x0, 0x0, 0x0, 0x0, 0x0,

    /* U+0057 "W" */
    0x4b, 0xff, 0xff, 0xf1, 0xb, 0x0, 0x0, 0x0,
    0x0, 0x0, 0xc3, 0xff, 0xff, 0xc9, 0x0, 0x0,
    0x0, 0x0, 0x0, 0x2, 0xe8, 0xff, 0xff, 0x5b,
    0x2d, 0xff, 0xff, 0xff, 0x34, 0x0, 0x0, 0x0,
    0x0, 0xc, 0xfc, 0xff, 0xff, 0xfe, 0x12, 0x0,
    0x0, 0x0, 0x0, 0x23, 0xff, 0xff, 0xff, 0x3e,
    0x3, 0xf6, 0xff, 0xff, 0x5c, 0x0, 0x0, 0x0,
    0x0, 0x44, 0xff, 0xff, 0xff, 0xff, 0x4c, 0x0,
    0x0, 0x0, 0x0, 0x4c, 0xff, 0xff, 0xfe, 0xd,
    0x0, 0xc7, 0xff, 0xff, 0x84, 0x0, 0x0, 0x0,
    0x0, 0x7e, 0xff, 0xf6, 0xef, 0xff, 0x87, 0x0,
    0x0, 0x0, 0x0, 0x74, 0xff, 0xff, 0xd8, 0x0,
    0x0, 0x95, 0xff, 0xff, 0xad, 0x0, 0x0, 0x0,
    0x0, 0xb9, 0xff, 0xc0, 0xb1, 0xff, 0xc2, 0x0,
    0x0, 0x0, 0x0, 0x9d, 0xff, 0xff, 0xa5, 0x0,
    0x0, 0x62, 0xff, 0xff, 0xd5, 0x0, 0x0, 0x0,
    0x2, 0xf0, 0xff, 0x86, 0x77, 0xff, 0xf7, 0x6,
    0x0, 0x0, 0x0, 0xc5, 0xff, 0xff, 0x72, 0x0,
    0x0, 0x2f, 0xff, 0xff, 0xf9, 0x3, 0x0, 0x0,
    0x2e, 0xff, 0xff, 0x4c, 0x3d, 0xff, 0xff, 0x38,
    0x0, 0x0, 0x0, 0xed, 0xff, 0xff, 0x3f, 0x0,
    0x0, 0x4, 0xf7, 0xff, 0xff, 0x25, 0x0, 0x0,
    0x68, 0xff, 0xff, 0x13, 0x8, 0xfa, 0xff, 0x73,
    0x0, 0x0, 0x16, 0xff, 0xff, 0xfe, 0xe, 0x0,
    0x0, 0x0, 0xc9, 0xff, 0xff, 0x4e, 0x0, 0x0,
    0xa3, 0xff, 0xd8, 0x0, 0x0, 0xc9, 0xff, 0xae,
    0x0, 0x0, 0x3e, 0xff, 0xff, 0xd9, 0x0, 0x0,
    0x0, 0x0, 0x96, 0xff, 0xff, 0x76, 0x0, 0x0,
    0xdd, 0xff, 0x9e, 0x0, 0x0, 0x8f, 0xff, 0xe9,
    0x0, 0x0, 0x66, 0xff, 0xff, 0xa6, 0x0, 0x0,
    0x0, 0x0, 0x63, 0xff, 0xff, 0x9e, 0x0, 0x17,
    0xff, 0xff, 0x64, 0x0, 0x0, 0x55, 0xff, 0xff,
    0x24, 0x0, 0x8f, 0xff, 0xff, 0x73, 0x0, 0x0,
    0x0, 0x0, 0x30, 0xff, 0xff, 0xc7, 0x0, 0x52,
    0xff, 0xff, 0x2a, 0x0, 0x0, 0x1a, 0xff, 0xff,
    0x5f, 0x0, 0xb7, 0xff, 0xff, 0x40, 0x0, 0x0,
    0x0, 0x0, 0x5, 0xf8, 0xff, 0xef, 0x0, 0x8d,
    0xff, 0xee, 0x1, 0x0, 0x0, 0x0, 0xe1, 0xff,
    0x9a, 0x0, 0xe0, 0xff, 0xfe, 0xf, 0x0, 0x0,
    0x0, 0x0, 0x0, 0xcb, 0xff, 0xff, 0x17, 0xc7,
    0xff, 0xb6, 0x0, 0x0, 0x0, 0x0, 0xa7, 0xff,
    0xd4, 0x9, 0xfe, 0xff, 0xda, 0x0, 0x0, 0x0,
    0x0, 0x0, 0x0, 0x98, 0xff, 0xff, 0x48, 0xf9,
    0xff, 0x7c, 0x0, 0x0, 0x0, 0x0, 0x6d, 0xff,
    0xfe, 0x41, 0xff, 0xff, 0xa7, 0x0, 0x0, 0x0,
    0x0, 0x0, 0x0, 0x65, 0xff, 0xff, 0xa4, 0xff,
    0xff, 0x42, 0x0, 0x0, 0x0, 0x0, 0x33, 0xff,
    0xff, 0xa4, 0xff, 0xff, 0x74, 0x0, 0x0, 0x0,
    0x0, 0x0, 0x0, 0x32, 0xff, 0xff, 0xff, 0xff,
    0xfc, 0xb, 0x0, 0x0, 0x0, 0x0, 0x4, 0xf4,
    0xff, 0xff, 0xff, 0xff, 0x41, 0x0, 0x0, 0x0,
    0x0, 0x0, 0x0, 0x6, 0xf9, 0xff, 0xff, 0xff,
    0xce, 0x0, 0x0, 0x0, 0x0, 0x0, 0x0, 0xbf,
    0xff, 0xff, 0xff, 0xfe, 0xf, 0x0, 0x0, 0x0,
    0x0, 0x0, 0x0, 0x0, 0xbb, 0xff, 0xff, 0xff,
    0x86, 0x0, 0x0, 0x0, 0x0, 0x0, 0x0, 0x76,
    0xff, 0xff, 0xff, 0xcc, 0x0, 0x0, 0x0, 0x0,

    /* U+0058 "X" */
    0x0, 0xd6, 0xff, 0xf9, 0x54, 0x0, 0x0, 0x0,
    0x0, 0x0, 0x0, 0x87, 0xfe, 0xff, 0xab, 0x0,
    0x0, 0x64, 0xff, 0xff, 0xdc, 0x4, 0x0, 0x0,
    0x0, 0x0, 0x1f, 0xf9, 0xff, 0xff, 0x3e, 0x0,
    0x0, 0x3, 0xd4, 0xff, 0xff, 0x61, 0x0, 0x0,
    0x0, 0x0, 0x9a, 0xff, 0xff, 0xad, 0x0, 0x0,
    0x0, 0x0, 0x4b, 0xff, 0xff, 0xdd, 0x4, 0x0,
    0x0, 0x20, 0xfa, 0xff, 0xfa, 0x24, 0x0, 0x0,
    0x0, 0x0, 0x0, 0xbe, 0xff, 0xff, 0x63, 0x0,
    0x0, 0x9c, 0xff, 0xff, 0x8f, 0x0, 0x0, 0x0,
    0x0, 0x0, 0x0, 0x33, 0xfe, 0xff, 0xde, 0x5,
    0x21, 0xfa, 0xff, 0xee, 0x11, 0x0, 0x0, 0x0,
    0x0, 0x0, 0x0, 0x0, 0xa6, 0xff, 0xff, 0x64,
    0x9d, 0xff, 0xff, 0x70, 0x0, 0x0, 0x0, 0x0,
    0x0, 0x0, 0x0, 0x0, 0x20, 0xf8, 0xff, 0xe8,
    0xfb, 0xff, 0xdb, 0x5, 0x0, 0x0, 0x0, 0x0,
    0x0, 0x0, 0x0, 0x0, 0x0, 0x8c, 0xff, 0xff,
    0xff, 0xff, 0x51, 0x0, 0x0, 0x0, 0x0, 0x0,
    0x0, 0x0, 0x0, 0x0, 0x0, 0x62, 0xff, 0xff,
    0xff, 0xfe, 0x27, 0x0, 0x0, 0x0, 0x0, 0x0,
    0x0, 0x0, 0x0, 0x0, 0x6, 0xdf, 0xff, 0xff,
    0xff, 0xff, 0xab, 0x0, 0x0, 0x0, 0x0, 0x0,
    0x0, 0x0, 0x0, 0x0, 0x6e, 0xff, 0xff, 0xc3,
    0xe9, 0xff, 0xfe, 0x34, 0x0, 0x0, 0x0, 0x0,
    0x0, 0x0, 0x0, 0xc, 0xe9, 0xff, 0xff, 0x39,
    0x71, 0xff, 0xff, 0xbc, 0x0, 0x0, 0x0, 0x0,
    0x0, 0x0, 0x0, 0x7e, 0xff, 0xff, 0xb5, 0x0,
    0x8, 0xe5, 0xff, 0xff, 0x45, 0x0, 0x0, 0x0,
    0x0, 0x0, 0x13, 0xf1, 0xff, 0xff, 0x33, 0x0,
    0x0, 0x6b, 0xff, 0xff, 0xcc, 0x1, 0x0, 0x0,
    0x0, 0x0, 0x8d, 0xff, 0xff, 0xb0, 0x0, 0x0,
    0x0, 0x6, 0xe2, 0xff, 0xff, 0x56, 0x0, 0x0,
    0x0, 0x1d, 0xf7, 0xff, 0xfe, 0x2f, 0x0, 0x0,
    0x0, 0x0, 0x66, 0xff, 0xff, 0xda, 0x4, 0x0,
    0x0, 0x9d, 0xff, 0xff, 0xaa, 0x0, 0x0, 0x0,
    0x0, 0x0, 0x5, 0xde, 0xff, 0xff, 0x67, 0x0,
    0x13, 0xfa, 0xff, 0xf2, 0x28, 0x0, 0x0, 0x0,
    0x0, 0x0, 0x0, 0x57, 0xfc, 0xff, 0xd6, 0x0,

    /* U+0059 "Y" */
    0x60, 0xff, 0xff, 0xd1, 0x2, 0x0, 0x0, 0x0,
    0x0, 0x0, 0x0, 0x96, 0xff, 0xff, 0x9f, 0xd,
    0xed, 0xff, 0xff, 0x54, 0x0, 0x0, 0x0, 0x0,
    0x0, 0x19, 0xf9, 0xff, 0xff, 0x3a, 0x0, 0x7d,
    0xff, 0xff, 0xc8, 0x0, 0x0, 0x0, 0x0, 0x0,
    0x86, 0xff, 0xff, 0xbc, 0x0, 0x0, 0xf, 0xf0,
    0xff, 0xff, 0x3c, 0x0, 0x0, 0x0, 0xa, 0xed,
    0xff, 0xff, 0x3f, 0x0, 0x0, 0x0, 0x82, 0xff,
    0xff, 0xb0, 0x0, 0x0, 0x0, 0x6b, 0xff, 0xff,
    0xc1, 0x0, 0x0, 0x0, 0x0, 0x11, 0xf2, 0xff,
    0xfd, 0x26, 0x0, 0x2, 0xdb, 0xff, 0xff, 0x43,
    0x0, 0x0, 0x0, 0x0, 0x0, 0x87, 0xff, 0xff,
    0x99, 0x0, 0x50, 0xff, 0xff, 0xc6, 0x0, 0x0,
    0x0, 0x0, 0x0, 0x0, 0x14, 0xf4, 0xff, 0xf7,
    0x15, 0xc3, 0xff, 0xff, 0x48, 0x0, 0x0, 0x0,
    0x0, 0x0, 0x0, 0x0, 0x8c, 0xff, 0xff, 0xb7,
    0xff, 0xff, 0xca, 0x0, 0x0, 0x0, 0x0, 0x0,
    0x0, 0x0, 0x0, 0x17, 0xf6, 0xff, 0xff, 0xff,
    0xff, 0x4d, 0x0, 0x0, 0x0, 0x0, 0x0, 0x0,
    0x0, 0x0, 0x0, 0x91, 0xff, 0xff, 0xff, 0xcf,
    0x0, 0x0, 0x0, 0x0, 0x0, 0x0, 0x0, 0x0,
    0x0, 0x0, 0x1a, 0xf8, 0xff, 0xff, 0x52, 0x0,
    0x0, 0x0, 0x0, 0x0, 0x0, 0x0, 0x0, 0x0,
    0x0, 0x0, 0xd8, 0xff, 0xff, 0x18, 0x0, 0x0,
    0x0, 0x0, 0x0, 0x0, 0x0, 0x0, 0x0, 0x0,
    0x0, 0xd8, 0xff, 0xff, 0x18, 0x0, 0x0, 0x0,
    0x0, 0x0, 0x0, 0x0, 0x0, 0x0, 0x0, 0x0,
    0xd8, 0xff, 0xff, 0x18, 0x0, 0x0, 0x0, 0x0,
    0x0, 0x0, 0x0, 0x0, 0x0, 0x0, 0x0, 0xd8,
    0xff, 0xff, 0x18, 0x0, 0x0, 0x0, 0x0, 0x0,
    0x0, 0x0, 0x0, 0x0, 0x0, 0x0, 0xd8, 0xff,
    0xff, 0x18, 0x0, 0x0, 0x0, 0x0, 0x0, 0x0,
    0x0, 0x0, 0x0, 0x0, 0x0, 0xd8, 0xff, 0xff,
    0x18, 0x0, 0x0, 0x0, 0x0, 0x0, 0x0, 0x0,
    0x0, 0x0, 0x0, 0x0, 0xc8, 0xff, 0xf8, 0xf,
    0x0, 0x0, 0x0, 0x0, 0x0,

    /* U+005A "Z" */
    0x1f, 0xfa, 0xff, 0xff, 0xff, 0xff, 0xff, 0xff,
    0xff, 0xff, 0xff, 0xff, 0x6f, 0x2c, 0xff, 0xff,
    0xff, 0xff, 0xff, 0xff, 0xff, 0xff, 0xff, 0xff,
    0xff, 0x80, 0x13, 0xb6, 0xbc, 0xbc, 0xbc, 0xbc,
    0xbc, 0xbc, 0xbc, 0xf0, 0xff, 0xff, 0x7a, 0x0,
    0x0, 0x0, 0x0, 0x0, 0x0, 0x0, 0x0, 0x33,
    0xfc, 0xff, 0xfe, 0x37, 0x0, 0x0, 0x0, 0x0,
    0x0, 0x0, 0x0, 0x5, 0xd1, 0xff, 0xff, 0x97,
    0x0, 0x0, 0x0, 0x0, 0x0, 0x0, 0x0, 0x0,
    0x7e, 0xff, 0xff, 0xe1, 0xd, 0x0, 0x0, 0x0,
    0x0, 0x0, 0x0, 0x0, 0x2b, 0xf9, 0xff, 0xff,
    0x46, 0x0, 0x0, 0x0, 0x0, 0x0, 0x0, 0x0,
    0x3, 0xc9, 0xff, 0xff, 0x9c, 0x0, 0x0, 0x0,
    0x0, 0x0, 0x0, 0x0, 0x0, 0x73, 0xff, 0xff,
    0xe4, 0xf, 0x0, 0x0, 0x0, 0x0, 0x0, 0x0,
    0x0, 0x24, 0xf6, 0xff, 0xff, 0x4b, 0x0, 0x0,
    0x0, 0x0, 0x0, 0x0, 0x0, 0x1, 0xbf, 0xff,
    0xff, 0xa1, 0x0, 0x0, 0x0, 0x0, 0x0, 0x0,
    0x0, 0x0, 0x68, 0xff, 0xff, 0xe7, 0x11, 0x0,
    0x0, 0x0, 0x0, 0x0, 0x0, 0x0, 0x1d, 0xf2,
    0xff, 0xff, 0x50, 0x0, 0x0, 0x0, 0x0, 0x0,
    0x0, 0x0, 0x0, 0xb6, 0xff, 0xff, 0xa6, 0x0,
    0x0, 0x0, 0x0, 0x0, 0x0, 0x0, 0x0, 0x5d,
    0xff, 0xff, 0xe9, 0x14, 0x0, 0x0, 0x0, 0x0,
    0x0, 0x0, 0x0, 0x17, 0xed, 0xff, 0xff, 0x54,
    0x0, 0x0, 0x0, 0x0, 0x0, 0x0, 0x0, 0x0,
    0x86, 0xff, 0xff, 0xfa, 0xbc, 0xbc, 0xbc, 0xbc,
    0xbc, 0xbc, 0xbc, 0xbc, 0x86, 0x9f, 0xff, 0xff,
    0xff, 0xff, 0xff, 0xff, 0xff, 0xff, 0xff, 0xff,
    0xff, 0xcc, 0x8f, 0xff, 0xff, 0xff, 0xff, 0xff,
    0xff, 0xff, 0xff, 0xff, 0xff, 0xff, 0xb9,

    /* U+005B "[" */
    0xc8, 0xff, 0xff, 0xff, 0xfe, 0x48, 0xd8, 0xff,
    0xff, 0xff, 0xfe, 0x49, 0xd8, 0xff, 0x96, 0x0,
    0x0, 0x0, 0xd8, 0xff, 0x90, 0x0, 0x0, 0x0,
    0xd8, 0xff, 0x90, 0x0, 0x0, 0x0, 0xd8, 0xff,
    0x90, 0x0, 0x0, 0x0, 0xd8, 0xff, 0x90, 0x0,
    0x0, 0x0, 0xd8, 0xff, 0x90, 0x0, 0x0, 0x0,
    0xd8, 0xff, 0x90, 0x0, 0x0, 0x0, 0xd8, 0xff,
    0x90, 0x0, 0x0, 0x0, 0xd8, 0xff, 0x90, 0x0,
    0x0, 0x0, 0xd8, 0xff, 0x90, 0x0, 0x0, 0x0,
    0xd8, 0xff, 0x90, 0x0, 0x0, 0x0, 0xd8, 0xff,
    0x90, 0x0, 0x0, 0x0, 0xd8, 0xff, 0x90, 0x0,
    0x0, 0x0, 0xd8, 0xff, 0x90, 0x0, 0x0, 0x0,
    0xd8, 0xff, 0x90, 0x0, 0x0, 0x0, 0xd8, 0xff,
    0x90, 0x0, 0x0, 0x0, 0xd8, 0xff, 0x90, 0x0,
    0x0, 0x0, 0xd8, 0xff, 0x95, 0x0, 0x0, 0x0,
    0xd8, 0xff, 0xff, 0xff, 0xfe, 0x48, 0xc8, 0xff,
    0xff, 0xff, 0xfe, 0x49,

    /* U+005C "\\" */
    0xa5, 0xff, 0xee, 0x1a, 0x0, 0x0, 0x0, 0x0,
    0x0, 0x0, 0x0, 0x5a, 0xff, 0xff, 0x7b, 0x0,
    0x0, 0x0, 0x0, 0x0, 0x0, 0x0, 0x9, 0xf0,
    0xff, 0xdb, 0x0, 0x0, 0x0, 0x0, 0x0, 0x0,
    0x0, 0x0, 0x99, 0xff, 0xff, 0x3c, 0x0, 0x0,
    0x0, 0x0, 0x0, 0x0, 0x0, 0x38, 0xff, 0xff,
    0x9c, 0x0, 0x0, 0x0, 0x0, 0x0, 0x0, 0x0,
    0x0, 0xd7, 0xff, 0xf2, 0xa, 0x0, 0x0, 0x0,
    0x0, 0x0, 0x0, 0x0, 0x77, 0xff, 0xff, 0x5c,
    0x0, 0x0, 0x0, 0x0, 0x0, 0x0, 0x0, 0x1a,
    0xfc, 0xff, 0xbc, 0x0, 0x0, 0x0, 0x0, 0x0,
    0x0, 0x0, 0x0, 0xb6, 0xff, 0xfd, 0x1d, 0x0,
    0x0, 0x0, 0x0, 0x0, 0x0, 0x0, 0x56, 0xff,
    0xff, 0x7b, 0x0, 0x0, 0x0, 0x0, 0x0, 0x0,
    0x0, 0x7, 0xed, 0xff, 0xd9, 0x0, 0x0, 0x0,
    0x0, 0x0, 0x0, 0x0, 0x0, 0x95, 0xff, 0xff,
    0x39, 0x0, 0x0, 0x0, 0x0, 0x0, 0x0, 0x0,
    0x34, 0xff, 0xff, 0x99, 0x0, 0x0, 0x0, 0x0,
    0x0, 0x0, 0x0, 0x0, 0xd3, 0xff, 0xf0, 0x8,
    0x0, 0x0, 0x0, 0x0, 0x0, 0x0, 0x0, 0x73,
    0xff, 0xff, 0x58, 0x0, 0x0, 0x0, 0x0, 0x0,
    0x0, 0x0, 0x17, 0xfb, 0xff, 0xb9, 0x0, 0x0,
    0x0, 0x0, 0x0, 0x0, 0x0, 0x0, 0xb2, 0xff,
    0xfd, 0x1c, 0x0, 0x0, 0x0, 0x0, 0x0, 0x0,
    0x0, 0x52, 0xff, 0xff, 0x7b, 0x0, 0x0, 0x0,
    0x0, 0x0, 0x0, 0x0, 0x5, 0xdb, 0xff, 0xc9,
    0x0,

    /* U+005D "]" */
    0x27, 0xfb, 0xff, 0xff, 0xff, 0xec, 0x27, 0xfc,
    0xff, 0xff, 0xff, 0xfc, 0x0, 0x0, 0x0, 0x6e,
    0xff, 0xfc, 0x0, 0x0, 0x0, 0x68, 0xff, 0xfc,
    0x0, 0x0, 0x0, 0x68, 0xff, 0xfc, 0x0, 0x0,
    0x0, 0x68, 0xff, 0xfc, 0x0, 0x0, 0x0, 0x68,
    0xff, 0xfc, 0x0, 0x0, 0x0, 0x68, 0xff, 0xfc,
    0x0, 0x0, 0x0, 0x68, 0xff, 0xfc, 0x0, 0x0,
    0x0, 0x68, 0xff, 0xfc, 0x0, 0x0, 0x0, 0x68,
    0xff, 0xfc, 0x0, 0x0, 0x0, 0x68, 0xff, 0xfc,
    0x0, 0x0, 0x0, 0x68, 0xff, 0xfc, 0x0, 0x0,
    0x0, 0x68, 0xff, 0xfc, 0x0, 0x0, 0x0, 0x68,
    0xff, 0xfc, 0x0, 0x0, 0x0, 0x68, 0xff, 0xfc,
    0x0, 0x0, 0x0, 0x68, 0xff, 0xfc, 0x0, 0x0,
    0x0, 0x68, 0xff, 0xfc, 0x0, 0x0, 0x0, 0x68,
    0xff, 0xfc, 0x0, 0x0, 0x0, 0x6d, 0xff, 0xfc,
    0x27, 0xfb, 0xff, 0xff, 0xff, 0xfc, 0x27, 0xfc,
    0xff, 0xff, 0xff, 0xec,

    /* U+005E "^" */
    0x0, 0x0, 0x0, 0x0, 0x2b, 0x7c, 0x80, 0x75,
    0x15, 0x0, 0x0, 0x0, 0x0, 0x0, 0x0, 0x0,
    0x4, 0xdb, 0xff, 0xff, 0xff, 0xab, 0x0, 0x0,
    0x0, 0x0, 0x0, 0x0, 0x0, 0x66, 0xff, 0xff,
    0xcd, 0xff, 0xfe, 0x32, 0x0, 0x0, 0x0, 0x0,
    0x0, 0x7, 0xe2, 0xff, 0xcd, 0x18, 0xf5, 0xff,
    0xb5, 0x0, 0x0, 0x0, 0x0, 0x0, 0x6e, 0xff,
    0xff, 0x4d, 0x0, 0x8a, 0xff, 0xff, 0x39, 0x0,
    0x0, 0x0, 0xa, 0xe7, 0xff, 0xcc, 0x0, 0x0,
    0x14, 0xf3, 0xff, 0xbd, 0x0, 0x0, 0x0, 0x76,
    0xff, 0xff, 0x4b, 0x0, 0x0, 0x0, 0x84, 0xff,
    0xff, 0x41, 0x0, 0xd, 0xec, 0xff, 0xca, 0x0,
    0x0, 0x0, 0x0, 0x11, 0xf0, 0xff, 0xc5, 0x0,
    0x68, 0xff, 0xf8, 0x41, 0x0, 0x0, 0x0, 0x0,
    0x0, 0x72, 0xfe, 0xff, 0x34,

    /* U+005F "_" */
    0x93, 0xa4, 0xa4, 0xa4, 0xa4, 0xa4, 0xa4, 0xa4,
    0xa4, 0xa4, 0x9e, 0xe, 0xee, 0xff, 0xff, 0xff,
    0xff, 0xff, 0xff, 0xff, 0xff, 0xff, 0xfa, 0x1c,

    /* U+0060 "`" */
    0x16, 0xc9, 0xcc, 0xc1, 0x1f, 0x0, 0x0, 0x0,
    0x74, 0xff, 0xff, 0xa8, 0x0, 0x0, 0x0, 0x0,
    0x97, 0xff, 0xfe, 0x35, 0x0, 0x0, 0x0, 0x3,
    0xae, 0xff, 0xb1, 0x0,

    /* U+0061 "a" */
    0x0, 0x0, 0x50, 0xc0, 0xf1, 0xff, 0xff, 0xff,
    0xff, 0xff, 0xff, 0xff, 0x6e, 0x0, 0x71, 0xff,
    0xff, 0xff, 0xff, 0xff, 0xff, 0xff, 0xff, 0xff,
    0xff, 0x80, 0x11, 0xf6, 0xff, 0xff, 0xc7, 0x88,
    0x80, 0x80, 0x80, 0xbe, 0xff, 0xff, 0x80, 0x4e,
    0xff, 0xff, 0xc7, 0x1, 0x0, 0x0, 0x0, 0x0,
    0x70, 0xff, 0xff, 0x80, 0x65, 0xff, 0xff, 0x88,
    0x0, 0x0, 0x0, 0x0, 0x0, 0x70, 0xff, 0xff,
    0x80, 0x68, 0xff, 0xff, 0x80, 0x0, 0x0, 0x0,
    0x0, 0x0, 0x70, 0xff, 0xff, 0x80, 0x68, 0xff,
    0xff, 0x80, 0x0, 0x0, 0x0, 0x0, 0x0, 0x70,
    0xff, 0xff, 0x80, 0x68, 0xff, 0xff, 0x80, 0x0,
    0x0, 0x0, 0x0, 0x0, 0x70, 0xff, 0xff, 0x80,
    0x68, 0xff, 0xff, 0x80, 0x0, 0x0, 0x0, 0x0,
    0x0, 0x70, 0xff, 0xff, 0x80, 0x68, 0xff, 0xff,
    0x80, 0x0, 0x0, 0x0, 0x0, 0x0, 0x70, 0xff,
    0xff, 0x80, 0x65, 0xff, 0xff, 0x87, 0x0, 0x0,
    0x0, 0x0, 0x0, 0x83, 0xff, 0xff, 0x80, 0x4d,
    0xff, 0xff, 0xc7, 0x1, 0x0, 0x0, 0x0, 0x5,
    0xd2, 0xff, 0xff, 0x80, 0x10, 0xf5, 0xff, 0xff,
    0xc6, 0x87, 0x80, 0x8e, 0xd7, 0xff, 0xff, 0xff,
    0x80, 0x0, 0x6d, 0xff, 0xff, 0xff, 0xff, 0xff,
    0xff, 0xff, 0xd2, 0xff, 0xff, 0x80, 0x0, 0x0,
    0x4e, 0xc0, 0xf2, 0xff, 0xfb, 0xdc, 0x74, 0x60,
    0xff, 0xff, 0x6e,

    /* U+0062 "b" */
    0x12, 0xf9, 0xff, 0xba, 0x0, 0x0, 0x0, 0x0,
    0x0, 0x0, 0x0, 0x0, 0x0, 0x1c, 0xff, 0xff,
    0xcc, 0x0, 0x0, 0x0, 0x0, 0x0, 0x0, 0x0,
    0x0, 0x0, 0x1c, 0xff, 0xff, 0xcc, 0x0, 0x0,
    0x0, 0x0, 0x0, 0x0, 0x0, 0x0, 0x0, 0x1c,
    0xff, 0xff, 0xcc, 0x0, 0x0, 0x0, 0x0, 0x0,
    0x0, 0x0, 0x0, 0x0, 0x1c, 0xff, 0xff, 0xcc,
    0x0, 0x0, 0x0, 0x0, 0x0, 0x0, 0x0, 0x0,
    0x0, 0x1c, 0xff, 0xff, 0xcc, 0x0, 0x0, 0x0,
    0x0, 0x0, 0x0, 0x0, 0x0, 0x0, 0x1c, 0xff,
    0xff, 0xcc, 0x34, 0xc1, 0xf4, 0xff, 0xfa, 0xdf,
    0x93, 0x15, 0x0, 0x1c, 0xff, 0xff, 0xe2, 0xec,
    0xff, 0xff, 0xff, 0xff, 0xff, 0xff, 0xe0, 0x16,
    0x1c, 0xff, 0xff, 0xff, 0xf3, 0x9d, 0x81, 0x80,
    0x9a, 0xf3, 0xff, 0xff, 0x91, 0x1c, 0xff, 0xff,
    0xfd, 0x32, 0x0, 0x0, 0x0, 0x0, 0x45, 0xff,
    0xff, 0xda, 0x1c, 0xff, 0xff, 0xdb, 0x0, 0x0,
    0x0, 0x0, 0x0, 0x5, 0xfe, 0xff, 0xf1, 0x1c,
    0xff, 0xff, 0xcc, 0x0, 0x0, 0x0, 0x0, 0x0,
    0x0, 0xfc, 0xff, 0xf4, 0x1c, 0xff, 0xff, 0xcc,
    0x0, 0x0, 0x0, 0x0, 0x0, 0x0, 0xfc, 0xff,
    0xf4, 0x1c, 0xff, 0xff, 0xcc, 0x0, 0x0, 0x0,
    0x0, 0x0, 0x0, 0xfc, 0xff, 0xf4, 0x1c, 0xff,
    0xff, 0xcc, 0x0, 0x0, 0x0, 0x0, 0x0, 0x0,
    0xfc, 0xff, 0xf4, 0x1c, 0xff, 0xff, 0xcc, 0x0,
    0x0, 0x0, 0x0, 0x0, 0x0, 0xfc, 0xff, 0xf4,
    0x1c, 0xff, 0xff, 0xcc, 0x0, 0x0, 0x0, 0x0,
    0x0, 0x5, 0xfe, 0xff, 0xf1, 0x1c, 0xff, 0xff,
    0xcc, 0x0, 0x0, 0x0, 0x0, 0x0, 0x44, 0xff,
    0xff, 0xd9, 0x1c, 0xff, 0xff, 0xec, 0x80, 0x80,
    0x80, 0x80, 0x99, 0xf3, 0xff, 0xff, 0x90, 0x1c,
    0xff, 0xff, 0xff, 0xff, 0xff, 0xff, 0xff, 0xff,
    0xff, 0xff, 0xe0, 0x15, 0x12, 0xf9, 0xff, 0xff,
    0xff, 0xff, 0xff, 0xff, 0xfb, 0xdf, 0x93, 0x15,
    0x0,

    /* U+0063 "c" */
    0x0, 0x0, 0x50, 0xc0, 0xf1, 0xff, 0xff, 0xff,
    0xff, 0xfb, 0x23, 0x0, 0x71, 0xff, 0xff, 0xff,
    0xff, 0xff, 0xff, 0xff, 0xff, 0x30, 0x11, 0xf6,
    0xff, 0xff, 0xc7, 0x88, 0x80, 0x80, 0x80, 0x7b,
    0xc, 0x4e, 0xff, 0xff, 0xc7, 0x1, 0x0, 0x0,
    0x0, 0x0, 0x0, 0x0, 0x65, 0xff, 0xff, 0x88,
    0x0, 0x0, 0x0, 0x0, 0x0, 0x0, 0x0, 0x68,
    0xff, 0xff, 0x80, 0x0, 0x0, 0x0, 0x0, 0x0,
    0x0, 0x0, 0x68, 0xff, 0xff, 0x80, 0x0, 0x0,
    0x0, 0x0, 0x0, 0x0, 0x0, 0x68, 0xff, 0xff,
    0x80, 0x0, 0x0, 0x0, 0x0, 0x0, 0x0, 0x0,
    0x68, 0xff, 0xff, 0x80, 0x0, 0x0, 0x0, 0x0,
    0x0, 0x0, 0x0, 0x68, 0xff, 0xff, 0x80, 0x0,
    0x0, 0x0, 0x0, 0x0, 0x0, 0x0, 0x65, 0xff,
    0xff, 0x87, 0x0, 0x0, 0x0, 0x0, 0x0, 0x0,
    0x0, 0x4d, 0xff, 0xff, 0xc7, 0x1, 0x0, 0x0,
    0x0, 0x0, 0x0, 0x0, 0x10, 0xf5, 0xff, 0xff,
    0xc6, 0x87, 0x80, 0x80, 0x80, 0x7b, 0xb, 0x0,
    0x6d, 0xff, 0xff, 0xff, 0xff, 0xff, 0xff, 0xff,
    0xff, 0x30, 0x0, 0x0, 0x4e, 0xc0, 0xf2, 0xff,
    0xff, 0xff, 0xff, 0xfb, 0x24,

    /* U+0064 "d" */
    0x0, 0x0, 0x0, 0x0, 0x0, 0x0, 0x0, 0x0,
    0x0, 0x3c, 0xfd, 0xff, 0x97, 0x0, 0x0, 0x0,
    0x0, 0x0, 0x0, 0x0, 0x0, 0x0, 0x4c, 0xff,
    0xff, 0xa8, 0x0, 0x0, 0x0, 0x0, 0x0, 0x0,
    0x0, 0x0, 0x0, 0x4c, 0xff, 0xff, 0xa8, 0x0,
    0x0, 0x0, 0x0, 0x0, 0x0, 0x0, 0x0, 0x0,
    0x4c, 0xff, 0xff, 0xa8, 0x0, 0x0, 0x0, 0x0,
    0x0, 0x0, 0x0, 0x0, 0x0, 0x4c, 0xff, 0xff,
    0xa8, 0x0, 0x0, 0x0, 0x0, 0x0, 0x0, 0x0,
    0x0, 0x0, 0x4c, 0xff, 0xff, 0xa8, 0x0, 0x0,
    0x5d, 0xc9, 0xf5, 0xff, 0xfd, 0xe6, 0x8e, 0x53,
    0xff, 0xff, 0xa8, 0x0, 0x7e, 0xff, 0xff, 0xff,
    0xff, 0xff, 0xff, 0xff, 0xd5, 0xff, 0xff, 0xa8,
    0x14, 0xf8, 0xff, 0xff, 0xc7, 0x88, 0x80, 0x8a,
    0xc9, 0xff, 0xff, 0xff, 0xa8, 0x50, 0xff, 0xff,
    0xc7, 0x1, 0x0, 0x0, 0x0, 0x1, 0xb2, 0xff,
    0xff, 0xa8, 0x65, 0xff, 0xff, 0x88, 0x0, 0x0,
    0x0, 0x0, 0x0, 0x5e, 0xff, 0xff, 0xa8, 0x68,
    0xff, 0xff, 0x80, 0x0, 0x0, 0x0, 0x0, 0x0,
    0x4c, 0xff, 0xff, 0xa8, 0x68, 0xff, 0xff, 0x80,
    0x0, 0x0, 0x0, 0x0, 0x0, 0x4c, 0xff, 0xff,
    0xa8, 0x68, 0xff, 0xff, 0x80, 0x0, 0x0, 0x0,
    0x0, 0x0, 0x4c, 0xff, 0xff, 0xa8, 0x68, 0xff,
    0xff, 0x80, 0x0, 0x0, 0x0, 0x0, 0x0, 0x4c,
    0xff, 0xff, 0xa8, 0x68, 0xff, 0xff, 0x80, 0x0,
    0x0, 0x0, 0x0, 0x0, 0x4c, 0xff, 0xff, 0xa8,
    0x65, 0xff, 0xff, 0x87, 0x0, 0x0, 0x0, 0x0,
    0x0, 0x5f, 0xff, 0xff, 0xa8, 0x4f, 0xff, 0xff,
    0xc7, 0x1, 0x0, 0x0, 0x0, 0x0, 0xb2, 0xff,
    0xff, 0xa8, 0x13, 0xf7, 0xff, 0xff, 0xc6, 0x87,
    0x80, 0x8a, 0xc9, 0xff, 0xff, 0xff, 0xa8, 0x0,
    0x7a, 0xff, 0xff, 0xff, 0xff, 0xff, 0xff, 0xff,
    0xd5, 0xff, 0xff, 0xa8, 0x0, 0x0, 0x5c, 0xc9,
    0xf5, 0xff, 0xfe, 0xe6, 0x8f, 0x45, 0xfe, 0xff,
    0x97,

    /* U+0065 "e" */
    0x0, 0x0, 0x50, 0xc0, 0xf1, 0xff, 0xff, 0xff,
    0xef, 0xb9, 0x42, 0x0, 0x0, 0x0, 0x71, 0xff,
    0xff, 0xff, 0xff, 0xff, 0xff, 0xff, 0xff, 0xfe,
    0x5c, 0x0, 0x11, 0xf6, 0xff, 0xff, 0xc3, 0x87,
    0x80, 0x88, 0xc8, 0xff, 0xff, 0xed, 0x9, 0x4e,
    0xff, 0xff, 0xc4, 0x0, 0x0, 0x0, 0x0, 0x1,
    0xcd, 0xff, 0xff, 0x41, 0x65, 0xff, 0xff, 0x88,
    0x0, 0x0, 0x0, 0x0, 0x0, 0x90, 0xff, 0xff,
    0x5b, 0x68, 0xff, 0xff, 0x80, 0x0, 0x0, 0x0,
    0x0, 0x0, 0x88, 0xff, 0xff, 0x60, 0x68, 0xff,
    0xff, 0x85, 0x0, 0x0, 0x0, 0x0, 0x0, 0x8d,
    0xff, 0xff, 0x60, 0x68, 0xff, 0xff, 0xff, 0xff,
    0xff, 0xff, 0xff, 0xff, 0xff, 0xff, 0xff, 0x60,
    0x68, 0xff, 0xff, 0xff, 0xff, 0xff, 0xff, 0xff,
    0xff, 0xff, 0xff, 0xfe, 0x4e, 0x68, 0xff, 0xff,
    0x7d, 0x0, 0x0, 0x0, 0x0, 0x0, 0x0, 0x0,
    0x0, 0x0, 0x65, 0xff, 0xff, 0x7d, 0x0, 0x0,
    0x0, 0x0, 0x0, 0x0, 0x0, 0x0, 0x0, 0x4d,
    0xff, 0xff, 0xb8, 0x0, 0x0, 0x0, 0x0, 0x0,
    0x0, 0x0, 0x0, 0x0, 0x10, 0xf5, 0xff, 0xff,
    0xba, 0x7f, 0x78, 0x78, 0x78, 0x78, 0x78, 0x74,
    0x10, 0x0, 0x6d, 0xff, 0xff, 0xff, 0xff, 0xff,
    0xff, 0xff, 0xff, 0xff, 0xff, 0x43, 0x0, 0x0,
    0x4e, 0xc0, 0xf2, 0xff, 0xff, 0xff, 0xff, 0xff,
    0xff, 0xfd, 0x36,

    /* U+0066 "f" */
    0x0, 0x0, 0x0, 0x0, 0xa, 0x86, 0xdb, 0xfa,
    0xff, 0x80, 0x0, 0x0, 0x0, 0x3, 0xbf, 0xff,
    0xff, 0xff, 0xff, 0x90, 0x0, 0x0, 0x0, 0x55,
    0xff, 0xff, 0xf9, 0x9e, 0x80, 0x37, 0x0, 0x0,
    0x0, 0x9c, 0xff, 0xff, 0x74, 0x0, 0x0, 0x0,
    0x0, 0x0, 0x0, 0xb7, 0xff, 0xff, 0x3e, 0x0,
    0x0, 0x0, 0x0, 0x0, 0x0, 0xc2, 0xff, 0xff,
    0x3a, 0x0, 0x0, 0x0, 0x1f, 0xfb, 0xff, 0xff,
    0xff, 0xff, 0xff, 0xff, 0xff, 0x80, 0x28, 0xff,
    0xff, 0xff, 0xff, 0xff, 0xff, 0xff, 0xff, 0x90,
    0x9, 0x7b, 0x80, 0xe4, 0xff, 0xff, 0x9f, 0x80,
    0x80, 0x36, 0x0, 0x0, 0x0, 0xbc, 0xff, 0xff,
    0x34, 0x0, 0x0, 0x0, 0x0, 0x0, 0x0, 0xbc,
    0xff, 0xff, 0x34, 0x0, 0x0, 0x0, 0x0, 0x0,
    0x0, 0xbc, 0xff, 0xff, 0x34, 0x0, 0x0, 0x0,
    0x0, 0x0, 0x0, 0xbc, 0xff, 0xff, 0x34, 0x0,
    0x0, 0x0, 0x0, 0x0, 0x0, 0xbc, 0xff, 0xff,
    0x34, 0x0, 0x0, 0x0, 0x0, 0x0, 0x0, 0xbc,
    0xff, 0xff, 0x34, 0x0, 0x0, 0x0, 0x0, 0x0,
    0x0, 0xbc, 0xff, 0xff, 0x34, 0x0, 0x0, 0x0,
    0x0, 0x0, 0x0, 0xbc, 0xff, 0xff, 0x34, 0x0,
    0x0, 0x0, 0x0, 0x0, 0x0, 0xbc, 0xff, 0xff,
    0x34, 0x0, 0x0, 0x0, 0x0, 0x0, 0x0, 0xbc,
    0xff, 0xff, 0x34, 0x0, 0x0, 0x0, 0x0, 0x0,
    0x0, 0xbc, 0xff, 0xff, 0x34, 0x0, 0x0, 0x0,
    0x0, 0x0, 0x0, 0xab, 0xff, 0xfb, 0x27, 0x0,
    0x0, 0x0,

    /* U+0067 "g" */
    0x0, 0x0, 0x4d, 0xbd, 0xf0, 0xff, 0xff, 0xff,
    0xff, 0xff, 0xff, 0xff, 0x7e, 0x0, 0x6e, 0xff,
    0xff, 0xff, 0xff, 0xff, 0xff, 0xff, 0xff, 0xff,
    0xff, 0x90, 0xe, 0xf4, 0xff, 0xff, 0xcb, 0x88,
    0x80, 0x80, 0x80, 0xb5, 0xff, 0xff, 0x90, 0x44,
    0xff, 0xff, 0xd4, 0x3, 0x0, 0x0, 0x0, 0x0,
    0x60, 0xff, 0xff, 0x90, 0x57, 0xff, 0xff, 0x9c,
    0x0, 0x0, 0x0, 0x0, 0x0, 0x60, 0xff, 0xff,
    0x90, 0x58, 0xff, 0xff, 0x98, 0x0, 0x0, 0x0,
    0x0, 0x0, 0x60, 0xff, 0xff, 0x90, 0x58, 0xff,
    0xff, 0x98, 0x0, 0x0, 0x0, 0x0, 0x0, 0x60,
    0xff, 0xff, 0x90, 0x58, 0xff, 0xff, 0x98, 0x0,
    0x0, 0x0, 0x0, 0x0, 0x60, 0xff, 0xff, 0x90,
    0x58, 0xff, 0xff, 0x98, 0x0, 0x0, 0x0, 0x0,
    0x0, 0x61, 0xff, 0xff, 0x90, 0x52, 0xff, 0xff,
    0xab, 0x0, 0x0, 0x0, 0x0, 0x0, 0x83, 0xff,
    0xff, 0x90, 0x31, 0xff, 0xff, 0xf8, 0x4e, 0x8,
    0x0, 0xb, 0x4c, 0xef, 0xff, 0xff, 0x90, 0x1,
    0xd2, 0xff, 0xff, 0xff, 0xff, 0xff, 0xff, 0xff,
    0xfd, 0xff, 0xff, 0x90, 0x0, 0x2a, 0xde, 0xff,
    0xff, 0xff, 0xff, 0xff, 0xec, 0x87, 0xff, 0xff,
    0x90, 0x0, 0x0, 0x6, 0x50, 0x7c, 0x87, 0x84,
    0x67, 0x15, 0x60, 0xff, 0xff, 0x90, 0x0, 0x0,
    0x0, 0x0, 0x0, 0x0, 0x0, 0x0, 0x0, 0x6a,
    0xff, 0xff, 0x8e, 0x0, 0x0, 0x0, 0x0, 0x0,
    0x0, 0x0, 0x0, 0x0, 0xae, 0xff, 0xff, 0x79,
    0x0, 0x14, 0x7d, 0x80, 0x80, 0x80, 0x80, 0x85,
    0xbd, 0xff, 0xff, 0xff, 0x33, 0x0, 0x44, 0xff,
    0xff, 0xff, 0xff, 0xff, 0xff, 0xff, 0xff, 0xff,
    0x98, 0x0, 0x0, 0x37, 0xfd, 0xff, 0xff, 0xff,
    0xff, 0xff, 0xf5, 0xc9, 0x63, 0x1, 0x0,

    /* U+0068 "h" */
    0x12, 0xf9, 0xff, 0xbb, 0x0, 0x0, 0x0, 0x0,
    0x0, 0x0, 0x0, 0x0, 0x0, 0x1c, 0xff, 0xff,
    0xcc, 0x0, 0x0, 0x0, 0x0, 0x0, 0x0, 0x0,
    0x0, 0x0, 0x1c, 0xff, 0xff, 0xcc, 0x0, 0x0,
    0x0, 0x0, 0x0, 0x0, 0x0, 0x0, 0x0, 0x1c,
    0xff, 0xff, 0xcc, 0x0, 0x0, 0x0, 0x0, 0x0,
    0x0, 0x0, 0x0, 0x0, 0x1c, 0xff, 0xff, 0xcc,
    0x0, 0x0, 0x0, 0x0, 0x0, 0x0, 0x0, 0x0,
    0x0, 0x1c, 0xff, 0xff, 0xcc, 0x0, 0x0, 0x0,
    0x0, 0x0, 0x0, 0x0, 0x0, 0x0, 0x1c, 0xff,
    0xff, 0xcc, 0x38, 0xc3, 0xf5, 0xff, 0xfa, 0xde,
    0x8f, 0x10, 0x0, 0x1c, 0xff, 0xff, 0xe3, 0xee,
    0xff, 0xff, 0xff, 0xff, 0xff, 0xff, 0xd3, 0xb,
    0x1c, 0xff, 0xff, 0xff, 0xf4, 0x9e, 0x81, 0x82,
    0xa6, 0xfb, 0xff, 0xff, 0x6f, 0x1c, 0xff, 0xff,
    0xfe, 0x35, 0x0, 0x0, 0x0, 0x0, 0x6e, 0xff,
    0xff, 0xb2, 0x1c, 0xff, 0xff, 0xdd, 0x0, 0x0,
    0x0, 0x0, 0x0, 0x2c, 0xff, 0xff, 0xc8, 0x1c,
    0xff, 0xff, 0xcc, 0x0, 0x0, 0x0, 0x0, 0x0,
    0x24, 0xff, 0xff, 0xcc, 0x1c, 0xff, 0xff, 0xcc,
    0x0, 0x0, 0x0, 0x0, 0x0, 0x24, 0xff, 0xff,
    0xcc, 0x1c, 0xff, 0xff, 0xcc, 0x0, 0x0, 0x0,
    0x0, 0x0, 0x24, 0xff, 0xff, 0xcc, 0x1c, 0xff,
    0xff, 0xcc, 0x0, 0x0, 0x0, 0x0, 0x0, 0x24,
    0xff, 0xff, 0xcc, 0x1c, 0xff, 0xff, 0xcc, 0x0,
    0x0, 0x0, 0x0, 0x0, 0x24, 0xff, 0xff, 0xcc,
    0x1c, 0xff, 0xff, 0xcc, 0x0, 0x0, 0x0, 0x0,
    0x0, 0x24, 0xff, 0xff, 0xcc, 0x1c, 0xff, 0xff,
    0xcc, 0x0, 0x0, 0x0, 0x0, 0x0, 0x24, 0xff,
    0xff, 0xcc, 0x1c, 0xff, 0xff, 0xcc, 0x0, 0x0,
    0x0, 0x0, 0x0, 0x24, 0xff, 0xff, 0xcc, 0x1c,
    0xff, 0xff, 0xcc, 0x0, 0x0, 0x0, 0x0, 0x0,
    0x24, 0xff, 0xff, 0xcc, 0x12, 0xf9, 0xff, 0xbc,
    0x0, 0x0, 0x0, 0x0, 0x0, 0x19, 0xfa, 0xff,
    0xbb,

    /* U+0069 "i" */
    0xe5, 0xff, 0xe5, 0xf4, 0xff, 0xf4, 0xf4, 0xff,
    0xf4, 0x91, 0xa8, 0x90, 0x0, 0x0, 0x0, 0x0,
    0x0, 0x0, 0xe5, 0xff, 0xe3, 0xf4, 0xff, 0xf4,
    0xf4, 0xff, 0xf4, 0xf4, 0xff, 0xf4, 0xf4, 0xff,
    0xf4, 0xf4, 0xff, 0xf4, 0xf4, 0xff, 0xf4, 0xf4,
    0xff, 0xf4, 0xf4, 0xff, 0xf4, 0xf4, 0xff, 0xf4,
    0xf4, 0xff, 0xf4, 0xf4, 0xff, 0xf4, 0xf4, 0xff,
    0xf4, 0xf4, 0xff, 0xf4, 0xe4, 0xff, 0xe7,

    /* U+006A "j" */
    0x0, 0x0, 0x0, 0x0, 0xe5, 0xff, 0xe5, 0x0,
    0x0, 0x0, 0x0, 0xf4, 0xff, 0xf4, 0x0, 0x0,
    0x0, 0x0, 0xf4, 0xff, 0xf4, 0x0, 0x0, 0x0,
    0x0, 0x91, 0xa8, 0x90, 0x0, 0x0, 0x0, 0x0,
    0x0, 0x0, 0x0, 0x0, 0x0, 0x0, 0x0, 0x0,
    0x0, 0x0, 0x0, 0x0, 0x0, 0x0, 0xe4, 0xff,
    0xe3, 0x0, 0x0, 0x0, 0x0, 0xf4, 0xff, 0xf4,
    0x0, 0x0, 0x0, 0x0, 0xf4, 0xff, 0xf4, 0x0,
    0x0, 0x0, 0x0, 0xf4, 0xff, 0xf4, 0x0, 0x0,
    0x0, 0x0, 0xf4, 0xff, 0xf4, 0x0, 0x0, 0x0,
    0x0, 0xf4, 0xff, 0xf4, 0x0, 0x0, 0x0, 0x0,
    0xf4, 0xff, 0xf4, 0x0, 0x0, 0x0, 0x0, 0xf4,
    0xff, 0xf4, 0x0, 0x0, 0x0, 0x0, 0xf4, 0xff,
    0xf4, 0x0, 0x0, 0x0, 0x0, 0xf4, 0xff, 0xf4,
    0x0, 0x0, 0x0, 0x0, 0xf4, 0xff, 0xf4, 0x0,
    0x0, 0x0, 0x0, 0xf4, 0xff, 0xf4, 0x0, 0x0,
    0x0, 0x0, 0xf4, 0xff, 0xf4, 0x0, 0x0, 0x0,
    0x0, 0xf4, 0xff, 0xf4, 0x0, 0x0, 0x0, 0x6,
    0xfd, 0xff, 0xf2, 0x0, 0x0, 0x0, 0x4d, 0xff,
    0xff, 0xdc, 0x59, 0x84, 0xa4, 0xf8, 0xff, 0xff,
    0x94, 0xd4, 0xff, 0xff, 0xff, 0xff, 0xe0, 0x17,
    0xc3, 0xff, 0xfb, 0xdf, 0x93, 0x15, 0x0,

    /* U+006B "k" */
    0x12, 0xf9, 0xff, 0xbb, 0x0, 0x0, 0x0, 0x0,
    0x0, 0x0, 0x0, 0x0, 0x0, 0x1c, 0xff, 0xff,
    0xcc, 0x0, 0x0, 0x0, 0x0, 0x0, 0x0, 0x0,
    0x0, 0x0, 0x1c, 0xff, 0xff, 0xcc, 0x0, 0x0,
    0x0, 0x0, 0x0, 0x0, 0x0, 0x0, 0x0, 0x1c,
    0xff, 0xff, 0xcc, 0x0, 0x0, 0x0, 0x0, 0x0,
    0x0, 0x0, 0x0, 0x0, 0x1c, 0xff, 0xff, 0xcc,
    0x0, 0x0, 0x0, 0x0, 0x0, 0x0, 0x0, 0x0,
    0x0, 0x1c, 0xff, 0xff, 0xcc, 0x0, 0x0, 0x0,
    0x0, 0x0, 0x0, 0x0, 0x0, 0x0, 0x1c, 0xff,
    0xff, 0xcc, 0x0, 0x0, 0x0, 0x0, 0x46, 0xf5,
    0xff, 0xf2, 0xd, 0x1c, 0xff, 0xff, 0xcc, 0x0,
    0x0, 0x0, 0x9, 0xdf, 0xff, 0xff, 0x74, 0x0,
    0x1c, 0xff, 0xff, 0xcc, 0x0, 0x0, 0x0, 0x85,
    0xff, 0xff, 0xcc, 0x3, 0x0, 0x1c, 0xff, 0xff,
    0xcc, 0x0, 0x0, 0x27, 0xf9, 0xff, 0xfb, 0x2f,
    0x0, 0x0, 0x1c, 0xff, 0xff, 0xcc, 0x0, 0x0,
    0xbc, 0xff, 0xff, 0x87, 0x0, 0x0, 0x0, 0x1c,
    0xff, 0xff, 0xcc, 0x0, 0x59, 0xff, 0xff, 0xda,
    0x8, 0x0, 0x0, 0x0, 0x1c, 0xff, 0xff, 0xcc,
    0xd, 0xe6, 0xff, 0xfe, 0x3f, 0x0, 0x0, 0x0,
    0x0, 0x1c, 0xff, 0xff, 0xcc, 0x37, 0xff, 0xff,
    0xed, 0xd, 0x0, 0x0, 0x0, 0x0, 0x1c, 0xff,
    0xff, 0xcc, 0x0, 0xb5, 0xff, 0xff, 0x95, 0x0,
    0x0, 0x0, 0x0, 0x1c, 0xff, 0xff, 0xcc, 0x0,
    0x20, 0xf6, 0xff, 0xfe, 0x3b, 0x0, 0x0, 0x0,
    0x1c, 0xff, 0xff, 0xcc, 0x0, 0x0, 0x78, 0xff,
    0xff, 0xd6, 0x7, 0x0, 0x0, 0x1c, 0xff, 0xff,
    0xcc, 0x0, 0x0, 0x5, 0xd3, 0xff, 0xff, 0x82,
    0x0, 0x0, 0x1c, 0xff, 0xff, 0xcc, 0x0, 0x0,
    0x0, 0x3b, 0xfe, 0xff, 0xfa, 0x2c, 0x0, 0x1c,
    0xff, 0xff, 0xcc, 0x0, 0x0, 0x0, 0x0, 0x9b,
    0xff, 0xff, 0xc7, 0x2, 0x12, 0xf9, 0xff, 0xbc,
    0x0, 0x0, 0x0, 0x0, 0x12, 0xd2, 0xff, 0xff,
    0x51,

    /* U+006C "l" */
    0xe4, 0xff, 0xe3, 0xf4, 0xff, 0xf4, 0xf4, 0xff,
    0xf4, 0xf4, 0xff, 0xf4, 0xf4, 0xff, 0xf4, 0xf4,
    0xff, 0xf4, 0xf4, 0xff, 0xf4, 0xf4, 0xff, 0xf4,
    0xf4, 0xff, 0xf4, 0xf4, 0xff, 0xf4, 0xf4, 0xff,
    0xf4, 0xf4, 0xff, 0xf4, 0xf4, 0xff, 0xf4, 0xf4,
    0xff, 0xf4, 0xf4, 0xff, 0xf4, 0xf4, 0xff, 0xf4,
    0xf4, 0xff, 0xf4, 0xf4, 0xff, 0xf4, 0xf4, 0xff,
    0xf4, 0xf4, 0xff, 0xf4, 0xe4, 0xff, 0xe3,

    /* U+006D "m" */
    0x12, 0xf9, 0xff, 0xbb, 0x2d, 0xb8, 0xf1, 0xff,
    0xf5, 0xcb, 0x5e, 0x0, 0x10, 0x90, 0xe2, 0xfd,
    0xfc, 0xe3, 0x98, 0x18, 0x0, 0x1c, 0xff, 0xff,
    0xe3, 0xeb, 0xff, 0xff, 0xff, 0xff, 0xff, 0xff,
    0x82, 0xd3, 0xff, 0xff, 0xff, 0xff, 0xff, 0xff,
    0xdf, 0x12, 0x1c, 0xff, 0xff, 0xff, 0xf4, 0x9e,
    0x81, 0x88, 0xcb, 0xff, 0xff, 0xff, 0xff, 0xd6,
    0x8f, 0x81, 0x9f, 0xf8, 0xff, 0xff, 0x82, 0x1c,
    0xff, 0xff, 0xfe, 0x35, 0x0, 0x0, 0x0, 0x2,
    0xcf, 0xff, 0xff, 0xcf, 0x5, 0x0, 0x0, 0x0,
    0x59, 0xff, 0xff, 0xc6, 0x1c, 0xff, 0xff, 0xdd,
    0x0, 0x0, 0x0, 0x0, 0x0, 0x90, 0xff, 0xff,
    0x7b, 0x0, 0x0, 0x0, 0x0, 0x18, 0xff, 0xff,
    0xdc, 0x1c, 0xff, 0xff, 0xcc, 0x0, 0x0, 0x0,
    0x0, 0x0, 0x88, 0xff, 0xff, 0x68, 0x0, 0x0,
    0x0, 0x0, 0x10, 0xff, 0xff, 0xe0, 0x1c, 0xff,
    0xff, 0xcc, 0x0, 0x0, 0x0, 0x0, 0x0, 0x88,
    0xff, 0xff, 0x68, 0x0, 0x0, 0x0, 0x0, 0x10,
    0xff, 0xff, 0xe0, 0x1c, 0xff, 0xff, 0xcc, 0x0,
    0x0, 0x0, 0x0, 0x0, 0x88, 0xff, 0xff, 0x68,
    0x0, 0x0, 0x0, 0x0, 0x10, 0xff, 0xff, 0xe0,
    0x1c, 0xff, 0xff, 0xcc, 0x0, 0x0, 0x0, 0x0,
    0x0, 0x88, 0xff, 0xff, 0x68, 0x0, 0x0, 0x0,
    0x0, 0x10, 0xff, 0xff, 0xe0, 0x1c, 0xff, 0xff,
    0xcc, 0x0, 0x0, 0x0, 0x0, 0x0, 0x88, 0xff,
    0xff, 0x68, 0x0, 0x0, 0x0, 0x0, 0x10, 0xff,
    0xff, 0xe0, 0x1c, 0xff, 0xff, 0xcc, 0x0, 0x0,
    0x0, 0x0, 0x0, 0x88, 0xff, 0xff, 0x68, 0x0,
    0x0, 0x0, 0x0, 0x10, 0xff, 0xff, 0xe0, 0x1c,
    0xff, 0xff, 0xcc, 0x0, 0x0, 0x0, 0x0, 0x0,
    0x88, 0xff, 0xff, 0x68, 0x0, 0x0, 0x0, 0x0,
    0x10, 0xff, 0xff, 0xe0, 0x1c, 0xff, 0xff, 0xcc,
    0x0, 0x0, 0x0, 0x0, 0x0, 0x88, 0xff, 0xff,
    0x68, 0x0, 0x0, 0x0, 0x0, 0x10, 0xff, 0xff,
    0xe0, 0x1c, 0xff, 0xff, 0xcc, 0x0, 0x0, 0x0,
    0x0, 0x0, 0x88, 0xff, 0xff, 0x68, 0x0, 0x0,
    0x0, 0x0, 0x10, 0xff, 0xff, 0xe0, 0x12, 0xf9,
    0xff, 0xbc, 0x0, 0x0, 0x0, 0x0, 0x0, 0x77,
    0xff, 0xff, 0x57, 0x0, 0x0, 0x0, 0x0, 0x9,
    0xf6, 0xff, 0xcf,

    /* U+006E "n" */
    0x12, 0xf9, 0xff, 0xbb, 0x38, 0xc3, 0xf5, 0xff,
    0xfa, 0xde, 0x8f, 0x10, 0x0, 0x1c, 0xff, 0xff,
    0xe3, 0xee, 0xff, 0xff, 0xff, 0xff, 0xff, 0xff,
    0xd3, 0xb, 0x1c, 0xff, 0xff, 0xff, 0xf4, 0x9e,
    0x81, 0x82, 0xa6, 0xfb, 0xff, 0xff, 0x6f, 0x1c,
    0xff, 0xff, 0xfe, 0x35, 0x0, 0x0, 0x0, 0x0,
    0x6e, 0xff, 0xff, 0xb2, 0x1c, 0xff, 0xff, 0xdd,
    0x0, 0x0, 0x0, 0x0, 0x0, 0x2c, 0xff, 0xff,
    0xc8, 0x1c, 0xff, 0xff, 0xcc, 0x0, 0x0, 0x0,
    0x0, 0x0, 0x24, 0xff, 0xff, 0xcc, 0x1c, 0xff,
    0xff, 0xcc, 0x0, 0x0, 0x0, 0x0, 0x0, 0x24,
    0xff, 0xff, 0xcc, 0x1c, 0xff, 0xff, 0xcc, 0x0,
    0x0, 0x0, 0x0, 0x0, 0x24, 0xff, 0xff, 0xcc,
    0x1c, 0xff, 0xff, 0xcc, 0x0, 0x0, 0x0, 0x0,
    0x0, 0x24, 0xff, 0xff, 0xcc, 0x1c, 0xff, 0xff,
    0xcc, 0x0, 0x0, 0x0, 0x0, 0x0, 0x24, 0xff,
    0xff, 0xcc, 0x1c, 0xff, 0xff, 0xcc, 0x0, 0x0,
    0x0, 0x0, 0x0, 0x24, 0xff, 0xff, 0xcc, 0x1c,
    0xff, 0xff, 0xcc, 0x0, 0x0, 0x0, 0x0, 0x0,
    0x24, 0xff, 0xff, 0xcc, 0x1c, 0xff, 0xff, 0xcc,
    0x0, 0x0, 0x0, 0x0, 0x0, 0x24, 0xff, 0xff,
    0xcc, 0x1c, 0xff, 0xff, 0xcc, 0x0, 0x0, 0x0,
    0x0, 0x0, 0x24, 0xff, 0xff, 0xcc, 0x12, 0xf9,
    0xff, 0xbc, 0x0, 0x0, 0x0, 0x0, 0x0, 0x19,
    0xfa, 0xff, 0xbb,

    /* U+006F "o" */
    0x0, 0x0, 0x50, 0xc0, 0xf1, 0xff, 0xff, 0xff,
    0xf4, 0xc7, 0x5e, 0x0, 0x0, 0x0, 0x71, 0xff,
    0xff, 0xff, 0xff, 0xff, 0xff, 0xff, 0xff, 0xff,
    0x8f, 0x0, 0x11, 0xf6, 0xff, 0xff, 0xc0, 0x87,
    0x80, 0x85, 0xb8, 0xff, 0xff, 0xfe, 0x2c, 0x4e,
    0xff, 0xff, 0xbf, 0x0, 0x0, 0x0, 0x0, 0x0,
    0xa0, 0xff, 0xff, 0x74, 0x65, 0xff, 0xff, 0x86,
    0x0, 0x0, 0x0, 0x0, 0x0, 0x60, 0xff, 0xff,
    0x8c, 0x68, 0xff, 0xff, 0x80, 0x0, 0x0, 0x0,
    0x0, 0x0, 0x58, 0xff, 0xff, 0x90, 0x68, 0xff,
    0xff, 0x80, 0x0, 0x0, 0x0, 0x0, 0x0, 0x58,
    0xff, 0xff, 0x90, 0x68, 0xff, 0xff, 0x80, 0x0,
    0x0, 0x0, 0x0, 0x0, 0x58, 0xff, 0xff, 0x90,
    0x68, 0xff, 0xff, 0x80, 0x0, 0x0, 0x0, 0x0,
    0x0, 0x58, 0xff, 0xff, 0x90, 0x68, 0xff, 0xff,
    0x80, 0x0, 0x0, 0x0, 0x0, 0x0, 0x58, 0xff,
    0xff, 0x90, 0x65, 0xff, 0xff, 0x86, 0x0, 0x0,
    0x0, 0x0, 0x0, 0x5f, 0xff, 0xff, 0x8c, 0x4d,
    0xff, 0xff, 0xbf, 0x0, 0x0, 0x0, 0x0, 0x0,
    0xa0, 0xff, 0xff, 0x73, 0x10, 0xf5, 0xff, 0xff,
    0xc0, 0x86, 0x80, 0x84, 0xb6, 0xff, 0xff, 0xfe,
    0x2a, 0x0, 0x6d, 0xff, 0xff, 0xff, 0xff, 0xff,
    0xff, 0xff, 0xff, 0xff, 0x8b, 0x0, 0x0, 0x0,
    0x4e, 0xc0, 0xf2, 0xff, 0xff, 0xff, 0xf4, 0xc7,
    0x5d, 0x0, 0x0,

    /* U+0070 "p" */
    0x12, 0xf9, 0xff, 0xbb, 0x38, 0xc3, 0xf5, 0xff,
    0xfd, 0xe7, 0xa2, 0x21, 0x0, 0x1c, 0xff, 0xff,
    0xe3, 0xee, 0xff, 0xff, 0xff, 0xff, 0xff, 0xff,
    0xeb, 0x1e, 0x1c, 0xff, 0xff, 0xff, 0xf4, 0x9e,
    0x81, 0x80, 0x9a, 0xf3, 0xff, 0xff, 0x98, 0x1c,
    0xff, 0xff, 0xfe, 0x35, 0x0, 0x0, 0x0, 0x0,
    0x45, 0xff, 0xff, 0xda, 0x1c, 0xff, 0xff, 0xdd,
    0x0, 0x0, 0x0, 0x0, 0x0, 0x5, 0xfe, 0xff,
    0xf0, 0x1c, 0xff, 0xff, 0xcc, 0x0, 0x0, 0x0,
    0x0, 0x0, 0x0, 0xfc, 0xff, 0xf4, 0x1c, 0xff,
    0xff, 0xcc, 0x0, 0x0, 0x0, 0x0, 0x0, 0x0,
    0xfc, 0xff, 0xf4, 0x1c, 0xff, 0xff, 0xcc, 0x0,
    0x0, 0x0, 0x0, 0x0, 0x0, 0xfc, 0xff, 0xf4,
    0x1c, 0xff, 0xff, 0xcc, 0x0, 0x0, 0x0, 0x0,
    0x0, 0x0, 0xfc, 0xff, 0xf4, 0x1c, 0xff, 0xff,
    0xcc, 0x0, 0x0, 0x0, 0x0, 0x0, 0x0, 0xfc,
    0xff, 0xf4, 0x1c, 0xff, 0xff, 0xdd, 0x0, 0x0,
    0x0, 0x0, 0x0, 0x5, 0xfe, 0xff, 0xf0, 0x1c,
    0xff, 0xff, 0xfe, 0x35, 0x0, 0x0, 0x0, 0x0,
    0x45, 0xff, 0xff, 0xda, 0x1c, 0xff, 0xff, 0xff,
    0xf4, 0x9d, 0x81, 0x80, 0x99, 0xf3, 0xff, 0xff,
    0x96, 0x1c, 0xff, 0xff, 0xe3, 0xef, 0xff, 0xff,
    0xff, 0xff, 0xff, 0xff, 0xe9, 0x1c, 0x1c, 0xff,
    0xff, 0xcc, 0x39, 0xc4, 0xf5, 0xff, 0xfd, 0xe7,
    0xa2, 0x20, 0x0, 0x1c, 0xff, 0xff, 0xcc, 0x0,
    0x0, 0x0, 0x0, 0x0, 0x0, 0x0, 0x0, 0x0,
    0x1c, 0xff, 0xff, 0xcc, 0x0, 0x0, 0x0, 0x0,
    0x0, 0x0, 0x0, 0x0, 0x0, 0x1c, 0xff, 0xff,
    0xcc, 0x0, 0x0, 0x0, 0x0, 0x0, 0x0, 0x0,
    0x0, 0x0, 0x12, 0xf9, 0xff, 0xbc, 0x0, 0x0,
    0x0, 0x0, 0x0, 0x0, 0x0, 0x0, 0x0,

    /* U+0071 "q" */
    0x0, 0x0, 0x50, 0xc0, 0xf1, 0xff, 0xff, 0xff,
    0xff, 0xff, 0xff, 0xff, 0x6e, 0x0, 0x71, 0xff,
    0xff, 0xff, 0xff, 0xff, 0xff, 0xff, 0xff, 0xff,
    0xff, 0x80, 0x11, 0xf6, 0xff, 0xff, 0xc7, 0x88,
    0x80, 0x80, 0x80, 0xbe, 0xff, 0xff, 0x80, 0x4e,
    0xff, 0xff, 0xc7, 0x1, 0x0, 0x0, 0x0, 0x0,
    0x70, 0xff, 0xff, 0x80, 0x65, 0xff, 0xff, 0x88,
    0x0, 0x0, 0x0, 0x0, 0x0, 0x70, 0xff, 0xff,
    0x80, 0x68, 0xff, 0xff, 0x80, 0x0, 0x0, 0x0,
    0x0, 0x0, 0x70, 0xff, 0xff, 0x80, 0x68, 0xff,
    0xff, 0x80, 0x0, 0x0, 0x0, 0x0, 0x0, 0x70,
    0xff, 0xff, 0x80, 0x68, 0xff, 0xff, 0x80, 0x0,
    0x0, 0x0, 0x0, 0x0, 0x70, 0xff, 0xff, 0x80,
    0x68, 0xff, 0xff, 0x80, 0x0, 0x0, 0x0, 0x0,
    0x0, 0x70, 0xff, 0xff, 0x80, 0x68, 0xff, 0xff,
    0x80, 0x0, 0x0, 0x0, 0x0, 0x0, 0x70, 0xff,
    0xff, 0x80, 0x65, 0xff, 0xff, 0x87, 0x0, 0x0,
    0x0, 0x0, 0x0, 0x85, 0xff, 0xff, 0x80, 0x4d,
    0xff, 0xff, 0xc7, 0x1, 0x0, 0x0, 0x0, 0x7,
    0xd6, 0xff, 0xff, 0x80, 0x10, 0xf5, 0xff, 0xff,
    0xc6, 0x87, 0x80, 0x90, 0xda, 0xff, 0xff, 0xff,
    0x80, 0x0, 0x6d, 0xff, 0xff, 0xff, 0xff, 0xff,
    0xff, 0xff, 0xc9, 0xff, 0xff, 0x80, 0x0, 0x0,
    0x4e, 0xc0, 0xf2, 0xff, 0xfa, 0xd7, 0x66, 0x70,
    0xff, 0xff, 0x80, 0x0, 0x0, 0x0, 0x0, 0x0,
    0x0, 0x0, 0x0, 0x0, 0x70, 0xff, 0xff, 0x80,
    0x0, 0x0, 0x0, 0x0, 0x0, 0x0, 0x0, 0x0,
    0x0, 0x70, 0xff, 0xff, 0x80, 0x0, 0x0, 0x0,
    0x0, 0x0, 0x0, 0x0, 0x0, 0x0, 0x70, 0xff,
    0xff, 0x80, 0x0, 0x0, 0x0, 0x0, 0x0, 0x0,
    0x0, 0x0, 0x0, 0x60, 0xff, 0xff, 0x6e,

    /* U+0072 "r" */
    0x12, 0xf9, 0xff, 0xbb, 0x2b, 0xb4, 0xf1, 0xff,
    0x87, 0x1c, 0xff, 0xff, 0xe0, 0xea, 0xff, 0xff,
    0xff, 0x98, 0x1c, 0xff, 0xff, 0xff, 0xf7, 0xa2,
    0x81, 0x80, 0x3f, 0x1c, 0xff, 0xff, 0xff, 0x40,
    0x0, 0x0, 0x0, 0x0, 0x1c, 0xff, 0xff, 0xe2,
    0x0, 0x0, 0x0, 0x0, 0x0, 0x1c, 0xff, 0xff,
    0xcc, 0x0, 0x0, 0x0, 0x0, 0x0, 0x1c, 0xff,
    0xff, 0xcc, 0x0, 0x0, 0x0, 0x0, 0x0, 0x1c,
    0xff, 0xff, 0xcc, 0x0, 0x0, 0x0, 0x0, 0x0,
    0x1c, 0xff, 0xff, 0xcc, 0x0, 0x0, 0x0, 0x0,
    0x0, 0x1c, 0xff, 0xff, 0xcc, 0x0, 0x0, 0x0,
    0x0, 0x0, 0x1c, 0xff, 0xff, 0xcc, 0x0, 0x0,
    0x0, 0x0, 0x0, 0x1c, 0xff, 0xff, 0xcc, 0x0,
    0x0, 0x0, 0x0, 0x0, 0x1c, 0xff, 0xff, 0xcc,
    0x0, 0x0, 0x0, 0x0, 0x0, 0x1c, 0xff, 0xff,
    0xcc, 0x0, 0x0, 0x0, 0x0, 0x0, 0x12, 0xf9,
    0xff, 0xbc, 0x0, 0x0, 0x0, 0x0, 0x0,

    /* U+0073 "s" */
    0x0, 0x33, 0xb0, 0xea, 0xfd, 0xff, 0xff, 0xff,
    0xff, 0xec, 0x0, 0x2b, 0xf6, 0xff, 0xff, 0xff,
    0xff, 0xff, 0xff, 0xff, 0xfb, 0x0, 0x97, 0xff,
    0xff, 0xe3, 0x83, 0x70, 0x70, 0x70, 0x70, 0x5e,
    0x0, 0xbd, 0xff, 0xff, 0x4f, 0x0, 0x0, 0x0,
    0x0, 0x0, 0x0, 0x0, 0xab, 0xff, 0xff, 0x82,
    0x0, 0x0, 0x0, 0x0, 0x0, 0x0, 0x0, 0x5b,
    0xff, 0xff, 0xff, 0xa2, 0x22, 0x0, 0x0, 0x0,
    0x0, 0x0, 0x1, 0x8c, 0xff, 0xff, 0xff, 0xfb,
    0x9e, 0x23, 0x0, 0x0, 0x0, 0x0, 0x0, 0x3b,
    0xc2, 0xff, 0xff, 0xff, 0xfb, 0x99, 0x16, 0x0,
    0x0, 0x0, 0x0, 0x0, 0x39, 0xb0, 0xfe, 0xff,
    0xff, 0xdd, 0x16, 0x0, 0x0, 0x0, 0x0, 0x0,
    0x0, 0x2d, 0xd6, 0xff, 0xff, 0x85, 0x0, 0x0,
    0x0, 0x0, 0x0, 0x0, 0x0, 0x47, 0xff, 0xff,
    0xbd, 0x0, 0x0, 0x0, 0x0, 0x0, 0x0, 0x0,
    0x40, 0xff, 0xff, 0xc8, 0x38, 0x68, 0x68, 0x68,
    0x68, 0x68, 0x7a, 0xdc, 0xff, 0xff, 0x9f, 0xaf,
    0xff, 0xff, 0xff, 0xff, 0xff, 0xff, 0xff, 0xff,
    0xf6, 0x2d, 0x9f, 0xff, 0xff, 0xff, 0xff, 0xff,
    0xfd, 0xe9, 0xad, 0x31, 0x0,

    /* U+0074 "t" */
    0x0, 0x0, 0x49, 0xfe, 0xff, 0x80, 0x0, 0x0,
    0x0, 0x0, 0x0, 0x0, 0x5c, 0xff, 0xff, 0x94,
    0x0, 0x0, 0x0, 0x0, 0x0, 0x0, 0x5c, 0xff,
    0xff, 0x94, 0x0, 0x0, 0x0, 0x0, 0x0, 0x0,
    0x62, 0xff, 0xff, 0x9b, 0x0, 0x0, 0x0, 0x0,
    0x8b, 0xff, 0xff, 0xff, 0xff, 0xff, 0xff, 0xff,
    0xfc, 0x2e, 0x9c, 0xff, 0xff, 0xff, 0xff, 0xff,
    0xff, 0xff, 0xff, 0x3c, 0x42, 0x80, 0xb3, 0xff,
    0xff, 0xd0, 0x80, 0x80, 0x7c, 0x11, 0x0, 0x0,
    0x5c, 0xff, 0xff, 0x94, 0x0, 0x0, 0x0, 0x0,
    0x0, 0x0, 0x5c, 0xff, 0xff, 0x94, 0x0, 0x0,
    0x0, 0x0, 0x0, 0x0, 0x5c, 0xff, 0xff, 0x94,
    0x0, 0x0, 0x0, 0x0, 0x0, 0x0, 0x5c, 0xff,
    0xff, 0x94, 0x0, 0x0, 0x0, 0x0, 0x0, 0x0,
    0x5c, 0xff, 0xff, 0x94, 0x0, 0x0, 0x0, 0x0,
    0x0, 0x0, 0x5c, 0xff, 0xff, 0x94, 0x0, 0x0,
    0x0, 0x0, 0x0, 0x0, 0x5c, 0xff, 0xff, 0x94,
    0x0, 0x0, 0x0, 0x0, 0x0, 0x0, 0x59, 0xff,
    0xff, 0x9b, 0x0, 0x0, 0x0, 0x0, 0x0, 0x0,
    0x43, 0xff, 0xff, 0xd8, 0x5, 0x0, 0x0, 0x0,
    0x0, 0x0, 0xb, 0xef, 0xff, 0xff, 0xd2, 0x8b,
    0x80, 0x34, 0x0, 0x0, 0x0, 0x60, 0xfe, 0xff,
    0xff, 0xff, 0xff, 0x8c, 0x0, 0x0, 0x0, 0x0,
    0x43, 0xb7, 0xee, 0xfe, 0xff, 0x7b,

    /* U+0075 "u" */
    0x36, 0xfd, 0xff, 0x97, 0x0, 0x0, 0x0, 0x0,
    0x0, 0x3d, 0xfd, 0xff, 0x96, 0x44, 0xff, 0xff,
    0xa8, 0x0, 0x0, 0x0, 0x0, 0x0, 0x4c, 0xff,
    0xff, 0xa8, 0x44, 0xff, 0xff, 0xa8, 0x0, 0x0,
    0x0, 0x0, 0x0, 0x4c, 0xff, 0xff, 0xa8, 0x44,
    0xff, 0xff, 0xa8, 0x0, 0x0, 0x0, 0x0, 0x0,
    0x4c, 0xff, 0xff, 0xa8, 0x44, 0xff, 0xff, 0xa8,
    0x0, 0x0, 0x0, 0x0, 0x0, 0x4c, 0xff, 0xff,
    0xa8, 0x44, 0xff, 0xff, 0xa8, 0x0, 0x0, 0x0,
    0x0, 0x0, 0x4c, 0xff, 0xff, 0xa8, 0x44, 0xff,
    0xff, 0xa8, 0x0, 0x0, 0x0, 0x0, 0x0, 0x4c,
    0xff, 0xff, 0xa8, 0x44, 0xff, 0xff, 0xa8, 0x0,
    0x0, 0x0, 0x0, 0x0, 0x4c, 0xff, 0xff, 0xa8,
    0x44, 0xff, 0xff, 0xa8, 0x0, 0x0, 0x0, 0x0,
    0x0, 0x4c, 0xff, 0xff, 0xa8, 0x44, 0xff, 0xff,
    0xa8, 0x0, 0x0, 0x0, 0x0, 0x0, 0x4c, 0xff,
    0xff, 0xa8, 0x41, 0xff, 0xff, 0xaf, 0x0, 0x0,
    0x0, 0x0, 0x0, 0x5f, 0xff, 0xff, 0xa8, 0x2b,
    0xff, 0xff, 0xe5, 0xa, 0x0, 0x0, 0x0, 0x0,
    0xb2, 0xff, 0xff, 0xa8, 0x2, 0xe4, 0xff, 0xff,
    0xd6, 0x8b, 0x80, 0x8a, 0xc9, 0xff, 0xff, 0xff,
    0xa8, 0x0, 0x58, 0xfe, 0xff, 0xff, 0xff, 0xff,
    0xff, 0xff, 0xd4, 0xff, 0xff, 0xa8, 0x0, 0x0,
    0x47, 0xbe, 0xf2, 0xff, 0xfd, 0xe5, 0x8c, 0x44,
    0xfe, 0xff, 0x96,

    /* U+0076 "v" */
    0x5e, 0xff, 0xff, 0x76, 0x0, 0x0, 0x0, 0x0,
    0x0, 0x16, 0xf2, 0xff, 0xd0, 0x0, 0x26, 0xff,
    0xff, 0xc6, 0x0, 0x0, 0x0, 0x0, 0x0, 0x5b,
    0xff, 0xff, 0x95, 0x0, 0x0, 0xdb, 0xff, 0xfb,
    0xe, 0x0, 0x0, 0x0, 0x0, 0x9d, 0xff, 0xff,
    0x4a, 0x0, 0x0, 0x91, 0xff, 0xff, 0x4d, 0x0,
    0x0, 0x0, 0x0, 0xdf, 0xff, 0xf6, 0x9, 0x0,
    0x0, 0x46, 0xff, 0xff, 0x90, 0x0, 0x0, 0x0,
    0x21, 0xff, 0xff, 0xb5, 0x0, 0x0, 0x0, 0x7,
    0xf4, 0xff, 0xd4, 0x0, 0x0, 0x0, 0x64, 0xff,
    0xff, 0x6b, 0x0, 0x0, 0x0, 0x0, 0xb2, 0xff,
    0xff, 0x18, 0x0, 0x0, 0xa6, 0xff, 0xff, 0x21,
    0x0, 0x0, 0x0, 0x0, 0x67, 0xff, 0xff, 0x5a,
    0x0, 0x0, 0xe7, 0xff, 0xd6, 0x0, 0x0, 0x0,
    0x0, 0x0, 0x1d, 0xff, 0xff, 0x9e, 0x0, 0x2b,
    0xff, 0xff, 0x8c, 0x0, 0x0, 0x0, 0x0, 0x0,
    0x0, 0xd2, 0xff, 0xe1, 0x0, 0x6d, 0xff, 0xff,
    0x41, 0x0, 0x0, 0x0, 0x0, 0x0, 0x0, 0x88,
    0xff, 0xff, 0x24, 0xaf, 0xff, 0xf1, 0x5, 0x0,
    0x0, 0x0, 0x0, 0x0, 0x0, 0x3d, 0xff, 0xff,
    0x6a, 0xee, 0xff, 0xac, 0x0, 0x0, 0x0, 0x0,
    0x0, 0x0, 0x0, 0x3, 0xef, 0xff, 0xe6, 0xff,
    0xff, 0x62, 0x0, 0x0, 0x0, 0x0, 0x0, 0x0,
    0x0, 0x0, 0xa8, 0xff, 0xff, 0xff, 0xfe, 0x19,
    0x0, 0x0, 0x0, 0x0, 0x0, 0x0, 0x0, 0x0,
    0x51, 0xfd, 0xff, 0xff, 0xbd, 0x0, 0x0, 0x0,
    0x0, 0x0,

    /* U+0077 "w" */
    0x50, 0xff, 0xff, 0xb1, 0x0, 0x0, 0x0, 0x0,
    0x2c, 0xfa, 0xff, 0xe3, 0x3, 0x0, 0x0, 0x0,
    0xd, 0xef, 0xff, 0xf9, 0x7, 0x21, 0xff, 0xff,
    0xf0, 0x1, 0x0, 0x0, 0x0, 0x71, 0xff, 0xff,
    0xff, 0x32, 0x0, 0x0, 0x0, 0x3f, 0xff, 0xff,
    0xd0, 0x0, 0x0, 0xe2, 0xff, 0xff, 0x24, 0x0,
    0x0, 0x0, 0xae, 0xff, 0xff, 0xff, 0x6e, 0x0,
    0x0, 0x0, 0x71, 0xff, 0xff, 0x91, 0x0, 0x0,
    0xa3, 0xff, 0xff, 0x56, 0x0, 0x0, 0x0, 0xe9,
    0xff, 0xe1, 0xff, 0xa9, 0x0, 0x0, 0x0, 0xa3,
    0xff, 0xff, 0x52, 0x0, 0x0, 0x64, 0xff, 0xff,
    0x89, 0x0, 0x0, 0x27, 0xff, 0xfc, 0x69, 0xff,
    0xe4, 0x0, 0x0, 0x0, 0xd6, 0xff, 0xff, 0x15,
    0x0, 0x0, 0x24, 0xff, 0xff, 0xbb, 0x0, 0x0,
    0x64, 0xff, 0xd1, 0x25, 0xff, 0xff, 0x20, 0x0,
    0xa, 0xfd, 0xff, 0xd5, 0x0, 0x0, 0x0, 0x0,
    0xe5, 0xff, 0xed, 0x0, 0x0, 0xa1, 0xff, 0x99,
    0x0, 0xeb, 0xff, 0x5b, 0x0, 0x3a, 0xff, 0xff,
    0x96, 0x0, 0x0, 0x0, 0x0, 0xa6, 0xff, 0xff,
    0x20, 0x0, 0xdd, 0xff, 0x62, 0x0, 0xb4, 0xff,
    0x96, 0x0, 0x6d, 0xff, 0xff, 0x57, 0x0, 0x0,
    0x0, 0x0, 0x67, 0xff, 0xff, 0x52, 0x1a, 0xff,
    0xff, 0x2a, 0x0, 0x7b, 0xff, 0xd2, 0x0, 0x9f,
    0xff, 0xff, 0x19, 0x0, 0x0, 0x0, 0x0, 0x28,
    0xff, 0xff, 0x84, 0x57, 0xff, 0xf0, 0x1, 0x0,
    0x43, 0xff, 0xfd, 0xf, 0xd1, 0xff, 0xd9, 0x0,
    0x0, 0x0, 0x0, 0x0, 0x0, 0xe8, 0xff, 0xb7,
    0x94, 0xff, 0xba, 0x0, 0x0, 0xd, 0xfd, 0xff,
    0x50, 0xfb, 0xff, 0x9a, 0x0, 0x0, 0x0, 0x0,
    0x0, 0x0, 0xaa, 0xff, 0xec, 0xdb, 0xff, 0x83,
    0x0, 0x0, 0x0, 0xd2, 0xff, 0xc7, 0xff, 0xff,
    0x5c, 0x0, 0x0, 0x0, 0x0, 0x0, 0x0, 0x6a,
    0xff, 0xff, 0xff, 0xff, 0x4b, 0x0, 0x0, 0x0,
    0x99, 0xff, 0xff, 0xff, 0xff, 0x1d, 0x0, 0x0,
    0x0, 0x0, 0x0, 0x0, 0x2b, 0xff, 0xff, 0xff,
    0xff, 0x14, 0x0, 0x0, 0x0, 0x61, 0xff, 0xff,
    0xff, 0xde, 0x0, 0x0, 0x0, 0x0, 0x0, 0x0,
    0x0, 0x1, 0xda, 0xff, 0xff, 0xcc, 0x0, 0x0,
    0x0, 0x0, 0x21, 0xf7, 0xff, 0xff, 0x91, 0x0,
    0x0, 0x0, 0x0,

    /* U+0078 "x" */
    0x22, 0xfd, 0xff, 0xf1, 0x29, 0x0, 0x0, 0x0,
    0xe, 0xe1, 0xff, 0xff, 0x43, 0x0, 0x9f, 0xff,
    0xff, 0xa6, 0x0, 0x0, 0x0, 0x74, 0xff, 0xff,
    0xc5, 0x0, 0x0, 0x19, 0xf4, 0xff, 0xfc, 0x23,
    0x0, 0x4, 0xe2, 0xff, 0xff, 0x39, 0x0, 0x0,
    0x0, 0x7c, 0xff, 0xff, 0x9b, 0x0, 0x5a, 0xff,
    0xff, 0xaa, 0x0, 0x0, 0x0, 0x0, 0x9, 0xe2,
    0xff, 0xf9, 0x1c, 0xcd, 0xff, 0xf9, 0x22, 0x0,
    0x0, 0x0, 0x0, 0x0, 0x5a, 0xff, 0xff, 0xc8,
    0xff, 0xff, 0x8f, 0x0, 0x0, 0x0, 0x0, 0x0,
    0x0, 0x1, 0xc8, 0xff, 0xff, 0xff, 0xee, 0x12,
    0x0, 0x0, 0x0, 0x0, 0x0, 0x0, 0x0, 0x72,
    0xff, 0xff, 0xff, 0xb4, 0x0, 0x0, 0x0, 0x0,
    0x0, 0x0, 0x0, 0xa, 0xe4, 0xff, 0xff, 0xff,
    0xfe, 0x37, 0x0, 0x0, 0x0, 0x0, 0x0, 0x0,
    0x7e, 0xff, 0xff, 0xac, 0xff, 0xff, 0xc6, 0x0,
    0x0, 0x0, 0x0, 0x0, 0x18, 0xf3, 0xff, 0xf2,
    0x10, 0xb1, 0xff, 0xff, 0x59, 0x0, 0x0, 0x0,
    0x0, 0x9c, 0xff, 0xff, 0x87, 0x0, 0x34, 0xff,
    0xff, 0xe1, 0x9, 0x0, 0x0, 0x2d, 0xfc, 0xff,
    0xf5, 0x15, 0x0, 0x0, 0xb7, 0xff, 0xff, 0x7c,
    0x0, 0x0, 0xb9, 0xff, 0xff, 0x8f, 0x0, 0x0,
    0x0, 0x39, 0xff, 0xff, 0xf4, 0x19, 0x36, 0xff,
    0xff, 0xea, 0x1a, 0x0, 0x0, 0x0, 0x0, 0xad,
    0xff, 0xff, 0x8f,

    /* U+0079 "y" */
    0x3d, 0xff, 0xff, 0xa3, 0x0, 0x0, 0x0, 0x0,
    0x0, 0x0, 0x9c, 0xff, 0xff, 0x42, 0x9, 0xf4,
    0xff, 0xf4, 0x8, 0x0, 0x0, 0x0, 0x0, 0x4,
    0xf0, 0xff, 0xfb, 0x10, 0x0, 0xac, 0xff, 0xff,
    0x48, 0x0, 0x0, 0x0, 0x0, 0x41, 0xff, 0xff,
    0xbe, 0x0, 0x0, 0x5b, 0xff, 0xff, 0x94, 0x0,
    0x0, 0x0, 0x0, 0x8d, 0xff, 0xff, 0x70, 0x0,
    0x0, 0xf, 0xfa, 0xff, 0xe0, 0x0, 0x0, 0x0,
    0x0, 0xd9, 0xff, 0xff, 0x23, 0x0, 0x0, 0x0,
    0xb9, 0xff, 0xff, 0x2c, 0x0, 0x0, 0x24, 0xff,
    0xff, 0xd5, 0x0, 0x0, 0x0, 0x0, 0x68, 0xff,
    0xff, 0x78, 0x0, 0x0, 0x71, 0xff, 0xff, 0x88,
    0x0, 0x0, 0x0, 0x0, 0x18, 0xfd, 0xff, 0xc4,
    0x0, 0x0, 0xbd, 0xff, 0xff, 0x3b, 0x0, 0x0,
    0x0, 0x0, 0x0, 0xc5, 0xff, 0xfc, 0x13, 0xe,
    0xfa, 0xff, 0xeb, 0x2, 0x0, 0x0, 0x0, 0x0,
    0x0, 0x74, 0xff, 0xff, 0x5c, 0x55, 0xff, 0xff,
    0xa0, 0x0, 0x0, 0x0, 0x0, 0x0, 0x0, 0x23,
    0xff, 0xff, 0xa8, 0xa1, 0xff, 0xff, 0x53, 0x0,
    0x0, 0x0, 0x0, 0x0, 0x0, 0x0, 0xd2, 0xff,
    0xf0, 0xec, 0xff, 0xf9, 0xc, 0x0, 0x0, 0x0,
    0x0, 0x0, 0x0, 0x0, 0x80, 0xff, 0xff, 0xff,
    0xff, 0xb8, 0x0, 0x0, 0x0, 0x0, 0x0, 0x0,
    0x0, 0x0, 0x19, 0x90, 0xd1, 0xff, 0xff, 0x6a,
    0x0, 0x0, 0x0, 0x0, 0x0, 0x0, 0x0, 0x0,
    0x0, 0x1, 0xda, 0xff, 0xfe, 0x1b, 0x0, 0x0,
    0x0, 0x0, 0x0, 0x0, 0x0, 0x0, 0x0, 0x78,
    0xff, 0xff, 0xb9, 0x0, 0x0, 0x0, 0x0, 0x0,
    0x0, 0x26, 0x87, 0x92, 0xc4, 0xff, 0xff, 0xfe,
    0x39, 0x0, 0x0, 0x0, 0x0, 0x0, 0x0, 0x68,
    0xff, 0xff, 0xff, 0xff, 0xff, 0x7b, 0x0, 0x0,
    0x0, 0x0, 0x0, 0x0, 0x0, 0x58, 0xff, 0xff,
    0xf0, 0xbe, 0x4f, 0x0, 0x0, 0x0, 0x0, 0x0,
    0x0, 0x0,

    /* U+007A "z" */
    0x0, 0xba, 0xff, 0xff, 0xff, 0xff, 0xff, 0xff,
    0xff, 0xff, 0xff, 0xab, 0x0, 0x0, 0xcc, 0xff,
    0xff, 0xff, 0xff, 0xff, 0xff, 0xff, 0xff, 0xff,
    0xbb, 0x0, 0x0, 0x60, 0x90, 0x90, 0x90, 0x90,
    0x90, 0x90, 0xee, 0xff, 0xff, 0x97, 0x0, 0x0,
    0x0, 0x0, 0x0, 0x0, 0x0, 0x0, 0x58, 0xff,
    0xff, 0xeb, 0x18, 0x0, 0x0, 0x0, 0x0, 0x0,
    0x0, 0x0, 0x1c, 0xef, 0xff, 0xff, 0x52, 0x0,
    0x0, 0x0, 0x0, 0x0, 0x0, 0x0, 0x1, 0xbd,
    0xff, 0xff, 0x9f, 0x0, 0x0, 0x0, 0x0, 0x0,
    0x0, 0x0, 0x0, 0x73, 0xff, 0xff, 0xdf, 0xd,
    0x0, 0x0, 0x0, 0x0, 0x0, 0x0, 0x0, 0x2e,
    0xf8, 0xff, 0xfd, 0x3d, 0x0, 0x0, 0x0, 0x0,
    0x0, 0x0, 0x0, 0x7, 0xd2, 0xff, 0xff, 0x89,
    0x0, 0x0, 0x0, 0x0, 0x0, 0x0, 0x0, 0x0,
    0x8e, 0xff, 0xff, 0xd0, 0x6, 0x0, 0x0, 0x0,
    0x0, 0x0, 0x0, 0x0, 0x43, 0xfe, 0xff, 0xf8,
    0x2c, 0x0, 0x0, 0x0, 0x0, 0x0, 0x0, 0x0,
    0x11, 0xe3, 0xff, 0xff, 0x72, 0x0, 0x0, 0x0,
    0x0, 0x0, 0x0, 0x0, 0x0, 0xa2, 0xff, 0xff,
    0xf8, 0x91, 0x90, 0x90, 0x90, 0x90, 0x90, 0x80,
    0x0, 0x5, 0xfc, 0xff, 0xff, 0xff, 0xff, 0xff,
    0xff, 0xff, 0xff, 0xff, 0xff, 0x8, 0x6, 0xf3,
    0xff, 0xff, 0xff, 0xff, 0xff, 0xff, 0xff, 0xff,
    0xff, 0xf1, 0x4,

    /* U+007B "{" */
    0x0, 0x0, 0x0, 0x0, 0x5e, 0xce, 0xf7, 0x8f,
    0x0, 0x0, 0x0, 0x66, 0xff, 0xff, 0xff, 0x98,
    0x0, 0x0, 0x0, 0xe0, 0xff, 0xc2, 0x2d, 0x6,
    0x0, 0x0, 0x16, 0xff, 0xff, 0x4d, 0x0, 0x0,
    0x0, 0x0, 0x26, 0xff, 0xff, 0x38, 0x0, 0x0,
    0x0, 0x0, 0x28, 0xff, 0xff, 0x38, 0x0, 0x0,
    0x0, 0x0, 0x28, 0xff, 0xff, 0x38, 0x0, 0x0,
    0x0, 0x0, 0x29, 0xff, 0xff, 0x37, 0x0, 0x0,
    0x0, 0x0, 0x4e, 0xff, 0xff, 0x27, 0x0, 0x0,
    0x9, 0x8a, 0xe7, 0xff, 0xdb, 0x2, 0x0, 0x0,
    0x28, 0xff, 0xff, 0xda, 0x26, 0x0, 0x0, 0x0,
    0x1b, 0xfa, 0xff, 0xff, 0x8b, 0x0, 0x0, 0x0,
    0x0, 0x9, 0x97, 0xff, 0xfb, 0x10, 0x0, 0x0,
    0x0, 0x0, 0x32, 0xff, 0xff, 0x31, 0x0, 0x0,
    0x0, 0x0, 0x28, 0xff, 0xff, 0x38, 0x0, 0x0,
    0x0, 0x0, 0x28, 0xff, 0xff, 0x38, 0x0, 0x0,
    0x0, 0x0, 0x28, 0xff, 0xff, 0x38, 0x0, 0x0,
    0x0, 0x0, 0x24, 0xff, 0xff, 0x39, 0x0, 0x0,
    0x0, 0x0, 0x10, 0xff, 0xff, 0x51, 0x0, 0x0,
    0x0, 0x0, 0x0, 0xd4, 0xff, 0xc6, 0x2e, 0x6,
    0x0, 0x0, 0x0, 0x57, 0xff, 0xff, 0xff, 0x98,
    0x0, 0x0, 0x0, 0x0, 0x56, 0xcc, 0xf8, 0x8f,

    /* U+007C "|" */
    0xa0, 0xfe, 0x4f, 0xb0, 0xff, 0x60, 0xb0, 0xff,
    0x60, 0xb0, 0xff, 0x60, 0xb0, 0xff, 0x60, 0xb0,
    0xff, 0x60, 0xb0, 0xff, 0x60, 0xb0, 0xff, 0x60,
    0xb0, 0xff, 0x60, 0xb0, 0xff, 0x60, 0xb0, 0xff,
    0x60, 0xb0, 0xff, 0x60, 0xb0, 0xff, 0x60, 0xb0,
    0xff, 0x60, 0xb0, 0xff, 0x60, 0xb0, 0xff, 0x60,
    0xb0, 0xff, 0x60, 0xb0, 0xff, 0x60, 0xa0, 0xff,
    0x50,

    /* U+007D "}" */
    0x1c, 0xf8, 0xe8, 0xa1, 0x19, 0x0, 0x0, 0x0,
    0x20, 0xff, 0xff, 0xff, 0xd9, 0x8, 0x0, 0x0,
    0x0, 0x18, 0x66, 0xff, 0xff, 0x5b, 0x0, 0x0,
    0x0, 0x0, 0x0, 0xd9, 0xff, 0x91, 0x0, 0x0,
    0x0, 0x0, 0x0, 0xc4, 0xff, 0xa2, 0x0, 0x0,
    0x0, 0x0, 0x0, 0xc4, 0xff, 0xa4, 0x0, 0x0,
    0x0, 0x0, 0x0, 0xc4, 0xff, 0xa4, 0x0, 0x0,
    0x0, 0x0, 0x0, 0xc3, 0xff, 0xa5, 0x0, 0x0,
    0x0, 0x0, 0x0, 0xb4, 0xff, 0xc9, 0x0, 0x0,
    0x0, 0x0, 0x0, 0x67, 0xff, 0xff, 0xb1, 0x44,
    0x0, 0x0, 0x0, 0x0, 0x87, 0xff, 0xff, 0xa0,
    0x0, 0x0, 0x0, 0x28, 0xee, 0xff, 0xff, 0x8a,
    0x0, 0x0, 0x0, 0x98, 0xff, 0xec, 0x25, 0x0,
    0x0, 0x0, 0x0, 0xbe, 0xff, 0xad, 0x0, 0x0,
    0x0, 0x0, 0x0, 0xc4, 0xff, 0xa4, 0x0, 0x0,
    0x0, 0x0, 0x0, 0xc4, 0xff, 0xa4, 0x0, 0x0,
    0x0, 0x0, 0x0, 0xc4, 0xff, 0xa4, 0x0, 0x0,
    0x0, 0x0, 0x0, 0xc5, 0xff, 0x9f, 0x0, 0x0,
    0x0, 0x0, 0x0, 0xdd, 0xff, 0x8a, 0x0, 0x0,
    0x0, 0x18, 0x6a, 0xff, 0xff, 0x4f, 0x0, 0x0,
    0x20, 0xff, 0xff, 0xff, 0xce, 0x4, 0x0, 0x0,
    0x1c, 0xf8, 0xe8, 0x9c, 0x14, 0x0, 0x0, 0x0,

    /* U+007E "~" */
    0x4f, 0xc1, 0xf0, 0xf6, 0xdd, 0xae, 0x7b, 0x47,
    0x23, 0x24, 0x5e, 0xc8, 0x58, 0xe2, 0xff, 0xff,
    0xff, 0xff, 0xff, 0xff, 0xff, 0xff, 0xff, 0xff,
    0xff, 0x5a, 0xd3, 0x9d, 0x4f, 0x39, 0x53, 0x7e,
    0xab, 0xd4, 0xf1, 0xfa, 0xdf, 0x92, 0xc
};


/*---------------------
 *  GLYPH DESCRIPTION
 *--------------------*/

static const lv_font_fmt_txt_glyph_dsc_t glyph_dsc[] = {
    {.bitmap_index = 0, .adv_w = 0, .box_w = 0, .box_h = 0, .ofs_x = 0, .ofs_y = 0} /* id = 0 reserved */,
    {.bitmap_index = 0, .adv_w = 114, .box_w = 0, .box_h = 0, .ofs_x = 0, .ofs_y = 0},
    {.bitmap_index = 0, .adv_w = 114, .box_w = 5, .box_h = 19, .ofs_x = 1, .ofs_y = 0},
    {.bitmap_index = 95, .adv_w = 165, .box_w = 8, .box_h = 7, .ofs_x = 1, .ofs_y = 12},
    {.bitmap_index = 151, .adv_w = 323, .box_w = 18, .box_h = 19, .ofs_x = 1, .ofs_y = 0},
    {.bitmap_index = 493, .adv_w = 249, .box_w = 13, .box_h = 25, .ofs_x = 1, .ofs_y = -3},
    {.bitmap_index = 818, .adv_w = 351, .box_w = 20, .box_h = 19, .ofs_x = 1, .ofs_y = 0},
    {.bitmap_index = 1198, .adv_w = 293, .box_w = 16, .box_h = 19, .ofs_x = 1, .ofs_y = 0},
    {.bitmap_index = 1502, .adv_w = 90, .box_w = 4, .box_h = 6, .ofs_x = 1, .ofs_y = 13},
    {.bitmap_index = 1526, .adv_w = 143, .box_w = 7, .box_h = 22, .ofs_x = 1, .ofs_y = -3},
    {.bitmap_index = 1680, .adv_w = 143, .box_w = 7, .box_h = 22, .ofs_x = 1, .ofs_y = -3},
    {.bitmap_index = 1834, .adv_w = 192, .box_w = 10, .box_h = 9, .ofs_x = 1, .ofs_y = 10},
    {.bitmap_index = 1924, .adv_w = 264, .box_w = 13, .box_h = 13, .ofs_x = 2, .ofs_y = 2},
    {.bitmap_index = 2093, .adv_w = 96, .box_w = 4, .box_h = 8, .ofs_x = 1, .ofs_y = -3},
    {.bitmap_index = 2125, .adv_w = 150, .box_w = 8, .box_h = 3, .ofs_x = 1, .ofs_y = 8},
    {.bitmap_index = 2149, .adv_w = 96, .box_w = 4, .box_h = 5, .ofs_x = 1, .ofs_y = 0},
    {.bitmap_index = 2169, .adv_w = 194, .box_w = 11, .box_h = 19, .ofs_x = 1, .ofs_y = 0},
    {.bitmap_index = 2378, .adv_w = 253, .box_w = 14, .box_h = 19, .ofs_x = 1, .ofs_y = 0},
    {.bitmap_index = 2644, .adv_w = 157, .box_w = 8, .box_h = 19, .ofs_x = 0, .ofs_y = 0},
    {.bitmap_index = 2796, .adv_w = 234, .box_w = 13, .box_h = 19, .ofs_x = 1, .ofs_y = 0},
    {.bitmap_index = 3043, .adv_w = 242, .box_w = 13, .box_h = 19, .ofs_x = 1, .ofs_y = 0},
    {.bitmap_index = 3290, .adv_w = 256, .box_w = 15, .box_h = 19, .ofs_x = 1, .ofs_y = 0},
    {.bitmap_index = 3575, .adv_w = 239, .box_w = 13, .box_h = 19, .ofs_x = 1, .ofs_y = 0},
    {.bitmap_index = 3822, .adv_w = 247, .box_w = 13, .box_h = 19, .ofs_x = 1, .ofs_y = 0},
    {.bitmap_index = 4069, .adv_w = 198, .box_w = 12, .box_h = 19, .ofs_x = 0, .ofs_y = 0},
    {.bitmap_index = 4297, .adv_w = 256, .box_w = 14, .box_h = 19, .ofs_x = 1, .ofs_y = 0},
    {.bitmap_index = 4563, .adv_w = 247, .box_w = 13, .box_h = 19, .ofs_x = 1, .ofs_y = 0},
    {.bitmap_index = 4810, .adv_w = 96, .box_w = 4, .box_h = 15, .ofs_x = 1, .ofs_y = 0},
    {.bitmap_index = 4870, .adv_w = 96, .box_w = 4, .box_h = 18, .ofs_x = 1, .ofs_y = -3},
    {.bitmap_index = 4942, .adv_w = 261, .box_w = 13, .box_h = 12, .ofs_x = 2, .ofs_y = 4},
    {.bitmap_index = 5098, .adv_w = 266, .box_w = 13, .box_h = 8, .ofs_x = 2, .ofs_y = 5},
    {.bitmap_index = 5202, .adv_w = 266, .box_w = 13, .box_h = 12, .ofs_x = 2, .ofs_y = 4},
    {.bitmap_index = 5358, .adv_w = 225, .box_w = 12, .box_h = 19, .ofs_x = 1, .ofs_y = 0},
    {.bitmap_index = 5586, .adv_w = 360, .box_w = 19, .box_h = 20, .ofs_x = 2, .ofs_y = -2},
    {.bitmap_index = 5966, .adv_w = 263, .box_w = 16, .box_h = 19, .ofs_x = 0, .ofs_y = 0},
    {.bitmap_index = 6270, .adv_w = 265, .box_w = 13, .box_h = 19, .ofs_x = 2, .ofs_y = 0},
    {.bitmap_index = 6517, .adv_w = 259, .box_w = 14, .box_h = 19, .ofs_x = 1, .ofs_y = 0},
    {.bitmap_index = 6783, .adv_w = 266, .box_w = 13, .box_h = 19, .ofs_x = 2, .ofs_y = 0},
    {.bitmap_index = 7030, .adv_w = 230, .box_w = 11, .box_h = 19, .ofs_x = 2, .ofs_y = 0},
    {.bitmap_index = 7239, .adv_w = 218, .box_w = 11, .box_h = 19, .ofs_x = 2, .ofs_y = 0},
    {.bitmap_index = 7448, .adv_w = 261, .box_w = 14, .box_h = 19, .ofs_x = 1, .ofs_y = 0},
    {.bitmap_index = 7714, .adv_w = 276, .box_w = 14, .box_h = 19, .ofs_x = 2, .ofs_y = 0},
    {.bitmap_index = 7980, .adv_w = 121, .box_w = 4, .box_h = 19, .ofs_x = 2, .ofs_y = 0},
    {.bitmap_index = 8056, .adv_w = 246, .box_w = 13, .box_h = 19, .ofs_x = 1, .ofs_y = 0},
    {.bitmap_index = 8303, .adv_w = 263, .box_w = 15, .box_h = 19, .ofs_x = 2, .ofs_y = 0},
    {.bitmap_index = 8588, .adv_w = 216, .box_w = 11, .box_h = 19, .ofs_x = 2, .ofs_y = 0},
    {.bitmap_index = 8797, .adv_w = 343, .box_w = 18, .box_h = 19, .ofs_x = 2, .ofs_y = 0},
    {.bitmap_index = 9139, .adv_w = 280, .box_w = 14, .box_h = 19, .ofs_x = 2, .ofs_y = 0},
    {.bitmap_index = 9405, .adv_w = 265, .box_w = 14, .box_h = 19, .ofs_x = 1, .ofs_y = 0},
    {.bitmap_index = 9671, .adv_w = 253, .box_w = 13, .box_h = 19, .ofs_x = 2, .ofs_y = 0},
    {.bitmap_index = 9918, .adv_w = 271, .box_w = 13, .box_h = 23, .ofs_x = 2, .ofs_y = -4},
    {.bitmap_index = 10217, .adv_w = 260, .box_w = 14, .box_h = 19, .ofs_x = 2, .ofs_y = 0},
    {.bitmap_index = 10483, .adv_w = 263, .box_w = 14, .box_h = 19, .ofs_x = 1, .ofs_y = 0},
    {.bitmap_index = 10749, .adv_w = 208, .box_w = 13, .box_h = 19, .ofs_x = 0, .ofs_y = 0},
    {.bitmap_index = 10996, .adv_w = 267, .box_w = 13, .box_h = 19, .ofs_x = 2, .ofs_y = 0},
    {.bitmap_index = 11243, .adv_w = 246, .box_w = 15, .box_h = 19, .ofs_x = 0, .ofs_y = 0},
    {.bitmap_index = 11528, .adv_w = 385, .box_w = 24, .box_h = 19, .ofs_x = 0, .ofs_y = 0},
    {.bitmap_index = 11984, .adv_w = 252, .box_w = 16, .box_h = 19, .ofs_x = 0, .ofs_y = 0},
    {.bitmap_index = 12288, .adv_w = 244, .box_w = 15, .box_h = 19, .ofs_x = 0, .ofs_y = 0},
    {.bitmap_index = 12573, .adv_w = 243, .box_w = 13, .box_h = 19, .ofs_x = 1, .ofs_y = 0},
    {.bitmap_index = 12820, .adv_w = 148, .box_w = 6, .box_h = 22, .ofs_x = 2, .ofs_y = -3},
    {.bitmap_index = 12952, .adv_w = 194, .box_w = 11, .box_h = 19, .ofs_x = 1, .ofs_y = 0},
    {.bitmap_index = 13161, .adv_w = 148, .box_w = 6, .box_h = 22, .ofs_x = 1, .ofs_y = -3},
    {.bitmap_index = 13293, .adv_w = 237, .box_w = 13, .box_h = 9, .ofs_x = 1, .ofs_y = 11},
    {.bitmap_index = 13410, .adv_w = 179, .box_w = 12, .box_h = 2, .ofs_x = 0, .ofs_y = -3},
    {.bitmap_index = 13434, .adv_w = 138, .box_w = 7, .box_h = 4, .ofs_x = 1, .ofs_y = 17},
    {.bitmap_index = 13462, .adv_w = 246, .box_w = 13, .box_h = 15, .ofs_x = 1, .ofs_y = 0},
    {.bitmap_index = 13657, .adv_w = 249, .box_w = 13, .box_h = 21, .ofs_x = 1, .ofs_y = 0},
    {.bitmap_index = 13930, .adv_w = 194, .box_w = 11, .box_h = 15, .ofs_x = 1, .ofs_y = 0},
    {.bitmap_index = 14095, .adv_w = 249, .box_w = 13, .box_h = 21, .ofs_x = 1, .ofs_y = 0},
    {.bitmap_index = 14368, .adv_w = 237, .box_w = 13, .box_h = 15, .ofs_x = 1, .ofs_y = 0},
    {.bitmap_index = 14563, .adv_w = 161, .box_w = 10, .box_h = 21, .ofs_x = 0, .ofs_y = 0},
    {.bitmap_index = 14773, .adv_w = 247, .box_w = 13, .box_h = 19, .ofs_x = 1, .ofs_y = -4},
    {.bitmap_index = 15020, .adv_w = 248, .box_w = 13, .box_h = 21, .ofs_x = 1, .ofs_y = 0},
    {.bitmap_index = 15293, .adv_w = 112, .box_w = 3, .box_h = 21, .ofs_x = 2, .ofs_y = 0},
    {.bitmap_index = 15356, .adv_w = 112, .box_w = 7, .box_h = 25, .ofs_x = -2, .ofs_y = -4},
    {.bitmap_index = 15531, .adv_w = 219, .box_w = 13, .box_h = 21, .ofs_x = 1, .ofs_y = 0},
    {.bitmap_index = 15804, .adv_w = 112, .box_w = 3, .box_h = 21, .ofs_x = 2, .ofs_y = 0},
    {.bitmap_index = 15867, .adv_w = 378, .box_w = 21, .box_h = 15, .ofs_x = 1, .ofs_y = 0},
    {.bitmap_index = 16182, .adv_w = 248, .box_w = 13, .box_h = 15, .ofs_x = 1, .ofs_y = 0},
    {.bitmap_index = 16377, .adv_w = 242, .box_w = 13, .box_h = 15, .ofs_x = 1, .ofs_y = 0},
    {.bitmap_index = 16572, .adv_w = 249, .box_w = 13, .box_h = 19, .ofs_x = 1, .ofs_y = -4},
    {.bitmap_index = 16819, .adv_w = 246, .box_w = 13, .box_h = 19, .ofs_x = 1, .ofs_y = -4},
    {.bitmap_index = 17066, .adv_w = 161, .box_w = 9, .box_h = 15, .ofs_x = 1, .ofs_y = 0},
    {.bitmap_index = 17201, .adv_w = 209, .box_w = 11, .box_h = 15, .ofs_x = 1, .ofs_y = 0},
    {.bitmap_index = 17366, .adv_w = 168, .box_w = 10, .box_h = 19, .ofs_x = 0, .ofs_y = 0},
    {.bitmap_index = 17556, .adv_w = 248, .box_w = 13, .box_h = 15, .ofs_x = 1, .ofs_y = 0},
    {.bitmap_index = 17751, .adv_w = 215, .box_w = 14, .box_h = 15, .ofs_x = 0, .ofs_y = 0},
    {.bitmap_index = 17961, .adv_w = 332, .box_w = 21, .box_h = 15, .ofs_x = 0, .ofs_y = 0},
    {.bitmap_index = 18276, .adv_w = 213, .box_w = 13, .box_h = 15, .ofs_x = 0, .ofs_y = 0},
    {.bitmap_index = 18471, .adv_w = 224, .box_w = 14, .box_h = 19, .ofs_x = 0, .ofs_y = -4},
    {.bitmap_index = 18737, .adv_w = 207, .box_w = 13, .box_h = 15, .ofs_x = 0, .ofs_y = 0},
    {.bitmap_index = 18932, .adv_w = 148, .box_w = 8, .box_h = 22, .ofs_x = 0, .ofs_y = -3},
    {.bitmap_index = 19108, .adv_w = 107, .box_w = 3, .box_h = 19, .ofs_x = 2, .ofs_y = 0},
    {.bitmap_index = 19165, .adv_w = 148, .box_w = 8, .box_h = 22, .ofs_x = 0, .ofs_y = -3},
    {.bitmap_index = 19341, .adv_w = 264, .box_w = 13, .box_h = 3, .ofs_x = 2, .ofs_y = 8}
};

/*---------------------
 *  CHARACTER MAPPING
 *--------------------*/



/*Collect the unicode lists and glyph_id offsets*/
static const lv_font_fmt_txt_cmap_t cmaps[] =
{
    {
        .range_start = 32, .range_length = 95, .glyph_id_start = 1,
        .unicode_list = NULL, .glyph_id_ofs_list = NULL, .list_length = 0, .type = LV_FONT_FMT_TXT_CMAP_FORMAT0_TINY
    }
};



/*--------------------
 *  ALL CUSTOM DATA
 *--------------------*/

#if LVGL_VERSION_MAJOR == 8
/*Store all the custom data of the font*/
static  lv_font_fmt_txt_glyph_cache_t cache;
#endif

#if LVGL_VERSION_MAJOR >= 8
static const lv_font_fmt_txt_dsc_t font_dsc = {
#else
static lv_font_fmt_txt_dsc_t font_dsc = {
#endif
    .glyph_bitmap = glyph_bitmap,
    .glyph_dsc = glyph_dsc,
    .cmaps = cmaps,
    .kern_dsc = NULL,
    .kern_scale = 0,
    .cmap_num = 1,
    .bpp = 8,
    .kern_classes = 0,
    .bitmap_format = 0,
#if LVGL_VERSION_MAJOR == 8
    .cache = &cache
#endif
};



/*-----------------
 *  PUBLIC FONT
 *----------------*/

/*Initialize a public general font descriptor*/
#if LVGL_VERSION_MAJOR >= 8
const lv_font_t ui_font_neutral = {
#else
lv_font_t ui_font_neutral = {
#endif
    .get_glyph_dsc = lv_font_get_glyph_dsc_fmt_txt,    /*Function pointer to get glyph's data*/
    .get_glyph_bitmap = lv_font_get_bitmap_fmt_txt,    /*Function pointer to get glyph's bitmap*/
    .line_height = 26,          /*The maximum line height required by the font*/
    .base_line = 4,             /*Baseline measured from the bottom of the line*/
#if !(LVGL_VERSION_MAJOR == 6 && LVGL_VERSION_MINOR == 0)
    .subpx = LV_FONT_SUBPX_NONE,
#endif
#if LV_VERSION_CHECK(7, 4, 0) || LVGL_VERSION_MAJOR >= 8
    .underline_position = -2,
    .underline_thickness = 2,
#endif
    .dsc = &font_dsc,          /*The custom font data. Will be accessed by `get_glyph_bitmap/dsc` */
#if LV_VERSION_CHECK(8, 2, 0) || LVGL_VERSION_MAJOR >= 9
    .fallback = NULL,
#endif
    .user_data = NULL,
};



#endif /*#if UI_FONT_NEUTRAL*/

